ingrediente_normalizado;recetas_que_lo_usan;en_tabla_kcal
SAL DE COCINA;644;NO
AGUA PARA RECETA;604;NO
ACEITE VEGETAL;508;NO
PIMIENTA NEGRA MOLIDA;471;NO
AZUCAR RUBIA;289;SI
OREGANO ENTERO;266;NO
CEBOLLA ROJA;234;SI
PEREJIL;202;NO
ZANAHORIA;182;NO
PAPA BLANCA;157;NO
PASTA DE AJO;150;NO
MAICENA;130;NO
HARINA DE TRIGO ESPECIAL;126;NO
PIMIENTO ROJO;124;NO
CANELA ENTERA;110;NO
AJO MOLIDO ENVASADO;106;NO
COMINO MOLIDO;105;NO
MARGARINA CON SAL REFRIGERADO GRANEL KG;105;NO
TOMATE CRIOLLO;105;NO
CLAVO DE OLOR ENTERO;102;NO
HUEVO ROSADO REFRIGERADO CAJA;101;NO
POLLO PIERNA CON ENCUENTRO CONGELADO;93;NO
CALDO DE GALLINA;89;NO
MAYONESA;88;NO
APIO;81;SI
LECHE EVAPORADA;78;SI
CULANTRO;73;NO
AJINOMOTO;73;NO
ARVEJA PELADA CONGELADO;71;NO
VINAGRE BLANCO;71;NO
HUEVO LIQUIDO CONGELADO;71;NO
QUESO FRESCO REFRIGERADO;68;NO
MOSTAZA 4 KG;67;NO
PORO;64;NO
CHOCLO AMARILLO DESGRANADO CONGELADO;61;NO
SALSA SILLAO;60;NO
LECHUGA AMERICANA;59;SI
VAINITA REFRIGERADO CONGELADO;57;NO
ZUMO DE LIMON CONGELADO;57;NO
AJI AMARILLO;56;SI
LIMON VERDE;55;NO
LAUREL;55;SI
ZAPALLO MACRE;47;NO
LECHE EVAPORADA TETRA;46;NO
PRE ELABORADO BASE CRIOLLA;46;NO
POLLO SIN MENUDENCIA CONGELADO;46;NO
PASTA DE TOMATE;45;NO
LECHUGA ORGANICA;44;NO
CEBOLLA CHINA;40;NO
PECHUGA DE POLLO S HUESO Y PIEL CONGELADO;40;NO
ESCENCIA DE VAINILLA;39;NO
ARROZ EXTRA;39;NO
KION MOLIDO SECO;39;NO
VINAGRE TINTO;36;NO
LEVADURA INSTANTANEA;36;NO
NABO;35;NO
ACEITUNA NEGRA EN RODAJA;34;NO
BROCOLI 20 40 CONGELADO;32;NO
HIERBA BUENA;31;NO
FIDEO SPAGUETTI;30;NO
PRE ELABORADO BASE DE TOMATE;30;NO
ALBAHACA;28;NO
CANELA MOLIDA;28;NO
CALDO DE CARNE;28;NO
PASAS NEGRAS SECAS;27;NO
ZAPALLO ITALIANO;27;NO
PASTA DE AJI PANCA;27;NO
HUACATAY;26;NO
JAMON PARA CAFETIN CONGELADO;26;NO
ESPINACA;25;NO
CAMOTE AMARILLO;25;NO
QUESO PARMESANO REFRIGERADO;25;NO
PINA SELVA;23;NO
TOMILLO;23;NO
AJI PANCA MOLIDO ENVASADO;22;NO
COL CRIOLLA;22;NO
AVENA;21;NO
MOLINOS PAN FRANCES 35 GR;21;NO
ARROZ GRANO QUEBRADO PARA SOPA;21;NO
PRE ELABORADO BASE AMARILLA;21;NO
NUEZ MOSCADA MOLIDA;20;NO
PEPINILLO;20;NO
MANTECA GRANEL KG;20;NO
POLVO DE HORNEAR;19;NO
PASTA DE AJI AMARILLO;19;NO
TOCINO AHUMADO CONGELADO;18;NO
COLIFLOR 20 60 CONGELADO;18;NO
RES GUISO CONGELADO;18;NO
RES SOPAS S HUESO CONGELADO;18;NO
PAPAYA PULPA CONGELADO;17;NO
PLATANO SEDA REFRIGERADO;17;NO
QUINUA;17;NO
HABA VERDE PELADO CONGELADO;17;NO
PECHUGA DE PAVO SIN HUESO CONGELADO;16;NO
KION MOLIDO ENVASADO;15;NO
AZUCAR BLANCA GRANEL;15;NO
MANI TOSTADO PELADO;15;NO
PIERNA DE CERDO SIN HUESO;15;NO
CHUNO;15;NO
GALLINA ENTERA SIN MENUDENCIA CONGELADO;15;NO
BETERRAGA ENTERA;14;NO
MANZANA DE AGUA;14;NO
ATUN EN ACEITE LATA;14;NO
MEJORADOR DE MASA;14;NO
ROCOTO NORMAL;14;NO
AZUCAR IMPALPABLE;14;NO
ROMERO;14;NO
PREMEZCLA INVENTIS PAN CIABATTA;14;NO
COCOA A GRANEL;13;NO
SEMOLA;13;NO
SALSA OSTION;13;NO
QUESO EDAM;13;NO
PAN MOLIDO KG;13;NO
MEZCLA LACTEA;13;NO
SALCHICHA HOT DOG CONGELADO;12;NO
PINA PULPA CONGELADO;12;NO
POLLO PECHUGA FILETE SIN PIEL CONGELADO;12;NO
NARANJA DE JUGO;12;NO
CARNE MOLIDA CONGELADA;12;NO
TRIGO PELADO;11;NO
RABANITO;11;NO
KETCHUP;11;NO
PALTA;11;SI
PEZ PERICO FILETE SIN PIEL CONGELADO;11;NO
FIDEO CABELLO DE ANGEL;10;NO
CAIGUA;10;NO
PALTA FUERTE REFRIGERADO;10;NO
AJI LIMO;10;NO
JUGO DE NARANJA PASTEURIZADO;9;NO
PALILLO MOLIDO;9;NO
COLANTAO;9;NO
CHAMPIGNONES LATA;9;NO
QUESO MOZARELLA;9;NO
FRESA PULPA CONGELADO;9;NO
MEMBRILLO;9;NO
ANIS SECO;9;NO
BONITO FILETE CON PIEL CONGELADO;9;NO
PAPRIKA;8;NO
FIDEO CANUTO;8;NO
PAN DE MOLDE BLANCO SUPER PULLMAN C CORT VERT;8;NO
PLATANO BELLACO;8;NO
HARINA DE KIWICHA;8;NO
FIDEO TORNILLO;8;NO
COL CHINA;8;SI
DURAZNO EN ALMIBAR;8;NO
COCO RALLADO;8;NO
PRE ELABORADO BASE VERDE;8;NO
ESPINACA CONGELADO;8;NO
MANJAR BLANCO KG;8;NO
GALLETA SALADA SODA SAN JORGE 40 G;8;NO
CREMA CHANTILLY;8;NO
PAPA PRE FRITA CONGELADA;8;NO
AJI AMARILLO MOLIDO ENVASADO;7;NO
YUCA AMARILLA;7;NO
PECANAS PELADAS;7;NO
MAIZ MOTE;7;NO
MARACUYA ENTERA;7;NO
RES BISTECK CONGELADO;7;NO
CHORIZO PARRILLERO CONGELADO;6;NO
MACA AVENA;6;NO
ANIS FILTRANTE;6;NO
PASTIPAN PAN DE YEMA;6;NO
PURE DE PAPA DESHIDRATADA;6;NO
MAIZ CANCHA;6;NO
MANZANA DELICIA REFRIGERADO;6;NO
FIDEO CHINO;6;NO
HONGO SECO;6;NO
TRUCHA ENTERA EVISCERADA CONGELADA 100 400 GR;6;NO
GALLETA SALADA DE SODA SAYON;5;NO
MIEL DE ABEJA;5;NO
HARINA DE MACA;5;NO
ANIS FILTRANTE KG;5;NO
FRIJOL CANARIO;5;NO
PASTA WANTAN CONGELADO;5;NO
PAN FRANCES MEDIANO;5;NO
FRIJOL CHINO;5;NO
LECHE CONDENSADA LATA;5;NO
PULPA DE ARANDANOS CONGELADO;5;NO
PRE ELABORADO BASE NEUTRA;5;NO
CHUNO ENTERO;5;NO
PRE ELABORADO RAM GARBANZO SIN ADEREZO;5;NO
OLLUCO ENTERO;4;NO
MELON ROSADO;4;NO
PALLAR;4;NO
CONCENTRADO DE MAIZ MORADO;4;NO
BERENJENA;4;SI
PAPA AMARILLA;4;NO
ACELGA;4;NO
ALAS CONGELADO;4;NO
PALITOS DE BROCHETA 20 CM;4;NO
PANELA GRANULADA;4;NO
CERDO PATA CONGELADO;4;NO
MERMELADA FRESA GRANEL;4;NO
ESTRAGON;4;NO
GELATINA FRESA INSTANTANEO;4;NO
INFUSION HIERBA LUISA 50 GRM;4;NO
PRE ELABORADO FRIJOL CANARIO SIN ADEREZO;4;NO
MONDONGO CONGELADO;4;NO
COLAPIZ EN POLVO;4;NO
CAFE MOLIDO PARA PASAR KG;3;NO
HARINA DE SOYA;3;NO
TE CANELA Y CLAVO SOBRECITO;3;NO
COCA COLA LT;3;NO
ROMERO FRESCO;3;NO
GARBANZO;3;NO
LENTEJA;3;NO
CONCENTRADO DE MARACUYA;3;NO
PASTIPAN PAN DE HAMBURGUESA;3;NO
CHANCACA;3;NO
ACEITUNA VERDE EN RODAJA;3;NO
NARANJA DE MESA;3;NO
MOLINOS PAN ARABE 60 GR;3;NO
FIDEO CODITO;3;NO
PAPA SECA;3;NO
SALSA INGLESA;3;NO
PEANA PELADA VALLE ALTO X 90 GR;3;NO
COBERTURA BITTER NEGRO;3;NO
PAPAYA ENTERO;3;NO
GELATINA PINA INSTANTANEO;3;NO
INFUSION TE NEGRO 50 GRM;3;NO
BICARBONATO DE SODIO;3;NO
YUCA AMARILLA CONGELADO;3;NO
SALSA BLANCA;3;NO
PAPEL MANTECA;3;NO
TEQUENOS DE LOMITO 20 G CONGELADO;3;NO
HIERBA LUISA SOBRECITO;2;NO
MANZANILLA SOBRECITO;2;NO
TE BOLDO SOBRECITO;2;NO
FIDEO FETUCCINI AL HUEVO;2;NO
PRE ELABORADO RAM FRIJOL PANAMITO SIN ADEREZO 1 KG;2;NO
CEBADA TOSTADA;2;NO
SALCHICHA HUACHANA REFRIGERADO;2;NO
CONCENTRADO DE MANZANA;2;NO
RES NALGA DE ADENTRO S TAPA CONGELADO NACIONAL;2;NO
CEDRON REFRIGERADO;2;NO
PAC CHOY REFRIGERADO;2;NO
QUESO CREMA;2;NO
JAMON DEL PAIS CONGELADO;2;NO
MANGO EDWARD REFRIGERADO;2;NO
CHICHARRON DE PRENSA CONGELADO;2;NO
HIGO SECO;2;NO
AJONJOLI;2;NO
PANCETA CON HUESO Y SIN PIEL TIRAS CONGELADO;2;NO
CHINCHO;2;NO
CORAZON CONGELADO;2;NO
N U POLLO PECHUGA CON HUESO Y PIEL REFRIGERADO;2;NO
GUINDONES SIN PEPA;2;NO
CORDERO S HUESO CONGELADO;2;NO
MAYONESA SACHET 10 GR;2;NO
FLAN DE CHOCOLATE INSTANTANEO;2;NO
FLAN DE VAINILLA INSTANTANEO;2;NO
CALABAZA;2;NO
KION;2;NO
EUCALIPTO SECO;2;NO
INFUSION MANZANILLA 50 GRM;2;NO
MANZANA ROJA;2;NO
HARINA DE MAIZ;2;NO
PURATOS EASY PAN DE FIBRA;2;NO
ACEITE DE AJONJOLI;2;NO
PRE ELABORADO BASE NORTENA;2;NO
SALSA MENSI;2;NO
CONCENTRADO DE EMOLIENTE 2 LT;2;NO
HARINA DE CHOCHOCA;2;NO
FIDEO CARACOL;2;NO
MORON;2;NO
LECHE FRESCA UHT NORMAL;1;NO
CHOCOLATE DE TAZA KG;1;NO
MARGARINA CON SAL REFRIGERADO GRANEL;1;NO
TE ROJO SOBRECITO;1;NO
CURRY;1;NO
CONCENTRADO DE CARAMBOLA;1;NO
COCONA;1;SI
MANGO PULPA CONGELADO;1;NO
CEREAL ANGEL FIBRA;1;NO
CEREAL ANGEL SHAPE;1;NO
CONCENTRADO DE DURAZNO;1;NO
CONCENTRADO DE GUANABANA;1;NO
POLLO HAMBURGUESA CONGELADO;1;NO
RES ASADO CUADRADO CONGELADO NACIONAL;1;NO
RES HAMBURGUESA CONGELADO;1;NO
ARVEJA VERDE PARTIDA;1;NO
ZANAHORIA RODAJAS CONGELADO;1;NO
TAMALES CERDO REFRIGERADO 140 GR;1;NO
UNA DE GATO SOBRECITO;1;NO
COLA DE CABALLO REFRIGERADO;1;NO
LINAZA;1;NO
PATE DE POLLO REFRIGERADO;1;NO
SEMOLA L;1;NO
PICKLES;1;NO
FRIJOL CABALLERO;1;NO
ALCACHOFA CORAZON REFRIGERADO;1;NO
MANTEQUILLA DE MANI;1;NO
SALSA MENSI L;1;NO
PAVO PECHUGA CON HUESO CONGELADO;1;NO
LOMO AHUMADO CONGELADO 500 GR;1;NO
PASTIPAN PAN CIABATTA INTEGRAL 10 X 5;1;NO
PAN CROISSANT MEDIANO KG;1;NO
ALGARROBINA;1;NO
PLATANO DE LA ISLA;1;NO
CARAMBOLA REFRIGERADO;1;NO
PAN ARABE KG ANDE 60 GR;1;NO
CONCENTRADO DE MEMBRILLO X 1 LT;1;NO
LECHE FRESCA UHT LIGHT;1;NO
ROCOTO MOLIDO ENVASADO;1;NO
FRIJOL NEGRO;1;NO
PAN PRECOCIDO FRANCES CONGELADO 40 GR;1;NO
HUACATAY REFRIGERADO L;1;NO
HARINA DE HABAS;1;NO
JAMON DE POLLO REFRIGERADO;1;NO
CHOCOLATE BARRA CON MANI 32 GR;1;NO
VINAGRE TINTO KG;1;NO
POLLO ENTERO SIN MENUDENCIA CONGELADO KG;1;NO
ALBAHACA MOLIDA ENVASADA;1;NO
TORONJIL SECO;1;NO
FRIJOL BAYO;1;NO
YACON REFRIGERADO;1;NO
BLEND DE GUANABANA QUIMTIA;1;NO
BLEND DE DURAZNO QUIMTIA;1;NO
BLEND DE FRUTOS ROJOS QUIMTIA;1;NO
BLEND DE FRESA QUIMTIA;1;NO
BLEND DE NARANJA QUIMTIA;1;NO
LECHE CLASICA EVAPORADA LATA;1;NO
PULPA DE PAPAYA CONGELADA ALIPOFRESCO;1;NO
PULPA DE PINA CONGELADA ALIPOFRESCO;1;NO
POLLO PECHUGA FILETE ECONOMICO REFRIGERADO;1;NO
PAN MOLDE INTEKG AL KG 25 GR REBANADA;1;NO
PAVO ENTERO CON MENUDENCIA CONGELADO;1;NO
AJI PANCA SECO;1;NO
AGUA SAN LUIS SIN GAS 750 ML;1;NO
ACEITE DE OLIVA;1;NO
VINAGRE DE MANZANA;1;NO
ROCOTO PARA RELLENO;1;NO
CHOCOLATE PARA TAZA;1;NO
CHOCOLATE BLANCO COBERTURA NEGUSA;1;NO
PREMEZCLA INVENTIS TORTA DE CHOCOLATE INTENSO;1;NO
CHULETA DE CERDO TROZADO 200 G CONGELADO;1;NO
PASTA DE ROCOTO RAM;1;NO
MARISCO MIXTURA CONGELADO;1;NO
CHOCLO AMARILLO ENTERO;1;NO
CHULETA DE CERDO TROZADO 150 GR CONGELADO;1;NO
HARINA DE ARVERJA;1;NO
CREMA DE CHAMPIGNONES DESHIDRATADA;1;NO
PAN MOLDE BLANCO KG;1;NO
CUY ENTERO EVISCERADO CONGELADO;1;NO
COCA COLA 0 5 LT;1;NO
INCA KOLA 0 5 LT;1;NO
GELATINA NARANJA QUIMTIA;1;NO
GRANADILLA;1;NO
RES HIGADO CONGELADO;1;NO
JAMONADA DE POLLO CONGELADO;1;NO
MANDARINA CON PEPA;1;NO
MANTEQUILLA LAIVE PERSONAL 8 GR;1;NO
CREMA DE LECHE;1;NO
MERMELADA FRESA TRES ESPADAS 14 GR;1;NO
MORTADELA PARA CAFETIN CONGELADO;1;NO
GALLETA DULCE VAINILLA NABISCO 37 GR;1;NO
PAPA RELLENA CON CARNE 100 G CONGELADO;1;NO
PATO ENTERO EVIS S PATAS Y S CABEZA CONG;1;NO
PERA PACKHAMS;1;NO
COCKTAIL DE FRUTA LATA;1;NO
PREMEZCLA INVENTIS CHIFFON;1;NO
PINA EN RODAJAS LATA;1;NO
PRE ELABORADO BASE ORIENTAL;1;NO
POLLO SIN MENUDENCIA CONGELADO 1 2 KG;1;NO
PIMIENTA NEGRA ENTERA;1;NO
PUDIN CHOCOLATE INSTANTANEO;1;NO
CHANFAINITA CONGELADA;1;NO
HARINA DE 7 SEMILLAS;1;NO
INFUSION ANIS 50 GRM;1;NO
RES MALAYA CONGELADO;1;NO
SALSA DE AJI CASERO 10 GR;1;NO
SANDIA;1;SI
CHUNO NEGRO REFRIGERADO;1;NO
CHUNO NEGRO MOLIDO;1;NO
CANELA CHINA;1;NO
CEREZAS MARRASQUINO;1;NO
FUDGE DE CHOCOLATE LT;1;NO
CAFE MOLIDO INSTANTANEO KG;1;NO
SALVADO DE TRIGO;1;NO
TUNA ROJA;1;NO
GRAJEAS;1;NO
UVA NEGRA;1;NO
