grupo;codigo;alimento;clave;energia_kcal;proteina_g;grasa_g;carbohidratos_g;calcio_mg;hierro_mg;vitamina_c_mg;tiamina_mg;riboflavina_mg;niacina_mg;retinol_ug;sodio_mg;potasio_mg;agua_g;fibra_g;fosforo_mg
LECHE;010101;Materna;MATERNA;68.0;1.2;3.9;76.0;0.0;2.5;0.03;0.06;0.1;0.0;;;87.3;0.0;29.0;
LECHE;10102.0;Condensada;CONDENSADA;322.0;7.9;9.2;276.0;0.1;0.0;0.01;0.53;0.25;0.0;172.5;214.5;27.2;0.0;107.0;
LECHE;10103.0;Fluida de Cabra;FLUIDA DE CABRA;66.0;3.2;3.8;171.0;0.0;;0.2;0.06;0.09;20.0;;;87.3;;125.0;
LECHE;10104.0;Leche fluída de vaca (9);LECHE FLUIDA DE VACA 9;63.0;3.1;3.5;106.0;1.3;0.5;0.05;0.2;0.12;28.0;46.0;172.0;87.8;0.0;94.0;
LECHE;10105.0;Leche en polvo descremada;LECHE EN POLVO DESCREMADA;365.0;33.6;2.3;1020.0;1.2;0.0;0.3;0.6;0.1;8.0;474.3;1462.5;4.0;0.0;1041.0;
LECHE;10106.0;Leche en polvo entera;LECHE EN POLVO ENTERA;484.0;27.0;26.1;848.0;0.2;9.0;0.29;1.02;1.9;204.0;432.4;1053.0;3.9;0.0;888.0;
LECHE;10107.0;Nan maternizada;NAN MATERNIZADA;508.0;12.8;26.0;400.0;6.0;40.0;0.25;0.4;5.0;360.0;;;3.0;0.0;300.0;
LECHE;10108.0;Leche evaporada;LECHE EVAPORADA;143.0;7.0;8.1;231.0;0.0;0.0;0.03;0.66;0.31;52.0;;;72.4;0.0;0.0;
LECHE;10109.0;yogurt;YOGURT;46.0;4.1;1.0;121.0;0.0;0.0;0.04;0.24;0.0;19.0;46.3;154.6;88.7;0.0;0.0;
LECHE;10110.0;crema espesa;CREMA ESPESA;342.0;2.5;36.6;77.0;0.1;2.0;0.03;0.11;0.1;292.0;;;58.1;0.0;66.0;
LECHE;10111.0;crema rala;CREMA RALA;201.0;2.8;20.0;97.0;0.1;1.0;0.03;0.14;0.1;160.0;;;73.0;0.0;77.0;
QUESO;10112.0;Fresco de Cabra;FRESCO DE CABRA;173.0;16.3;10.3;310.0;0.8;0.0;0.01;0.63;0.24;80.0;;;65.1;;146.0;
QUESO;10113.0;Queso fresco de vaca;QUESO FRESCO DE VACA;230.0;15.8;17.5;674.0;1.9;0.0;0.04;0.44;0.17;78.0;;;60.0;0.0;306.0;
QUESO;10114.0;Queso mantecoso;QUESO MANTECOSO;396.0;28.0;30.0;1076.0;1.5;0.0;0.09;0.46;0.09;0.0;;;33.5;0.0;517.0;
QUESO;10115.0;parmesano;PARMESANO;440.0;39.1;30.3;1260.0;0.6;0.0;0.01;0.38;0.23;0.0;1861.0;107.0;22.2;0.0;393.0;
HUEVO;10116.0;De Charapa;DE CHARAPA;222.0;16.3;16.0;338.0;2.2;;0.02;0.55;0.06;;;;61.3;;440.0;
HUEVO;10117.0;Huevo de gallina. clara;HUEVO DE GALLINA CLARA;48.0;10.8;0.2;14.0;0.0;0.0;0.0;0.0;0.0;0.0;128.8;121.0;87.4;;0.0;
HUEVO;10118.0;Huevo de gallina. Crudo;HUEVO DE GALLINA CRUDO;141.0;13.5;8.4;34.0;1.1;3.0;0.6;0.05;0.5;100.0;80.5;125.0;75.4;0.0;194.0;
HUEVO;10119.0;Huevo de gallina. cocido;HUEVO DE GALLINA COCIDO;139.0;12.9;8.4;30.0;1.1;2.5;0.2;0.04;0.4;0.0;;;75.9;;192.0;
HUEVO;10120.0;de gallina. yema;DE GALLINA YEMA;354.0;15.6;30.9;136.0;4.3;0.0;0.18;0.36;0.13;0.0;57.5;113.1;50.1;;449.0;
HUEVO;10121.0;de motelo;DE MOTELO;143.0;16.4;7.3;85.0;0.8;;0.04;0.19;0.03;52.0;;;73.5;;24.0;
HUEVO;10122.0;de pata;DE PATA;166.0;13.1;11.1;58.0;1.7;1.0;0.13;0.55;0.11;;;;72.5;;193.0;
HUEVO;10123.0;de pata, yema;DE PATA YEMA;426.0;15.1;38.8;145.0;4.7;;0.36;0.66;0.12;;;;41.7;;430.0;
HUEVO;10124.0;de taricaya;DE TARICAYA;178.0;15.1;11.3;322.0;1.4;;0.05;1.07;0.05;;;;66.0;;431.0;
ALPACA;10125.0;Carne, pulpa;CARNE PULPA;107.0;24.1;0.5;11.0;2.2;7.0;0.08;0.15;0.0;;78.2;280.8;73.9;;216.0;
BALLENA;10126.0;Carne, pulpa;CARNE PULPA;90.0;18.6;1.2;33.0;2.5;2.8;0.12;0.21;0.0;;121.9;275.3;78.0;;132.0;
CARNERO;10127.0;Cabeza Sancochado (x);CABEZA SANCOCHADO X;111.0;14.2;5.6;17.0;2.1;0.0;0.02;0.24;1.83;;;;79.3;;130.0;
CARNERO;10128.0;Corazón(2);CORAZON 2;109.0;15.9;4.6;17.0;2.8;3.8;0.22;0.51;5.5;;;;77.0;;194.0;
CARNERO;10129.0;Hígado(2);HIGADO 2;121.0;19.9;4.0;24.0;6.3;12.3;0.28;2.07;17.75;14000.0;;;72.1;;199.0;
CARNERO;10130.0;Mondongo;MONDONGO;72.0;15.7;0.6;45.0;0.9;;0.0;0.05;0.0;;;;83.8;;33.0;
CARNERO;10131.0;Patas Sancochadas;PATAS SANCOCHADAS;108.0;20.9;2.1;50.0;1.0;0.0;0.03;0.13;0.4;;;;76.5;;26.0;
CARNERO;10132.0;Pulmón;PULMON;77.0;13.4;2.2;21.0;6.2;3.4;0.09;0.52;3.8;;;;81.0;;200.0;
CARNERO;10133.0;Riñon;RINON;109.0;18.0;3.2;40.0;4.1;10.0;0.51;3.0;6.1;280.0;;;76.7;0.0;270.0;
CARNERO;10134.0;Sesos;SESOS;115.0;10.0;7.8;7.0;2.7;11.4;0.34;0.17;2.9;;;;79.1;;252.0;
CARNERO;10135.0;Pulpa gorda;PULPA GORDA;275.0;16.0;23.0;5.0;2.1;0.0;0.07;0.07;1.9;0.0;;;60.0;0.0;170.0;
CARNERO;10136.0;Cordero Pierna con hueso;CORDERO PIERNA CON HUESO;136.0;19.0;6.1;7.0;2.2;0.0;0.09;0.21;2.9;0.0;;;73.8;0.0;180.0;
CARNERO;10137.0;Pulpa semi gorda;PULPA SEMI GORDA;244.0;17.0;19.0;7.0;2.5;0.0;0.07;0.15;2.0;0.0;98.9;313.6;63.0;0.0;190.0;
CERDO;10138.0;Carne de Cerdo. pulpa;CARNE DE CERDO PULPA;198.0;14.4;15.1;12.0;1.3;0.0;0.9;0.16;5.1;0.0;;;69.2;0.0;238.0;
CERDO;10139.0;Hígado(2);HIGADO 2;121.0;18.5;4.7;17.0;6.2;9.8;0.3;2.49;14.9;3920.0;;;73.7;;307.0;
CERDO;10140.0;Patas Semigordas;PATAS SEMIGORDAS;285.0;20.2;22.0;12.0;3.0;0.0;0.98;0.24;5.2;0.0;;;57.0;0.0;245.0;
CERDO;10141.0;Pulmón;PULMON;79.0;13.5;2.4;17.0;3.4;4.3;0.1;0.27;3.05;;;;81.3;;169.0;
CERDO;10142.0;Riñon;RINON;193.0;13.9;8.8;6.0;5.2;7.2;0.35;2.96;7.9;28.0;;;75.4;;210.0;
CHIVO;10143.0;Pierna, pulpa;PIERNA PULPA;115.0;19.4;3.6;8.0;3.1;;0.15;0.22;1.1;;;;73.9;;186.0;
CONEJO;10144.0;Carne, pulpa;CARNE PULPA;159.0;20.4;8.0;18.0;2.4;0.0;0.04;0.18;10.0;0.0;;;70.4;0.0;210.0;
CUY;10145.0;Carne, pulpa;CARNE PULPA;96.0;19.0;1.6;29.0;1.9;0.0;0.06;0.14;6.5;0.0;;;78.1;0.0;258.0;
DELFIN O BUFEO;10146.0;Carne, pulpa;CARNE PULPA;112.0;24.3;0.9;106.0;1.8;9.3;0.05;0.5;7.0;;;;72.0;;200.0;
GALLINA;10147.0;Pechuga, pulpa gallina;PECHUGA PULPA GALLINA;108.0;19.2;2.9;5.0;0.8;4.4;0.06;0.06;12.9;16.0;;;73.2;0.0;237.0;
GALLINA;10148.0;Pierna, pulpa;PIERNA PULPA;120.0;20.6;3.6;9.0;0.9;4.7;0.06;0.15;6.4;16.0;;;71.3;0.0;190.0;
PATO;10149.0;Carne;CARNE;326.0;16.0;28.6;15.0;1.8;0.0;0.1;0.24;5.6;0.0;65.15;252.03;54.3;0.0;188.0;
PAVO;10150.0;Carne, pulpa;CARNE PULPA;268.0;20.1;20.2;23.0;3.8;0.0;0.09;0.14;8.0;0.0;63.52;304.7;58.3;0.0;320.0;
POLLO;10151.0;Carne de pollo, pulpa;CARNE DE POLLO PULPA;170.0;18.2;10.2;14.0;1.5;0.0;0.08;0.16;9.0;0.0;87.4;163.8;70.6;0.0;200.0;
POLLO;10152.0;Corazón;CORAZON;157.0;20.5;7.0;23.0;1.7;6.0;0.12;0.91;5.2;9.0;;;69.6;0.0;142.0;
POLLO;10153.0;Sangre cocida;SANGRE COCIDA;69.0;16.0;0.1;14.0;29.5;4.0;0.01;0.03;0.0;7.6;;;82.0;0.0;;
POLLO;10154.0;Sangre cruda;SANGRE CRUDA;65.0;15.0;0.1;12.0;27.3;4.5;0.01;0.33;0.0;8.3;;;83.0;0.0;;
VACUNO;10155.0;Bazo;BAZO;92.0;18.9;1.2;7.0;28.7;10.1;0.17;0.38;3.55;89.0;;;78.1;0.0;161.0;
VACUNO;10156.0;Cabeza, sancochada;CABEZA SANCOCHADA;110.0;18.6;3.4;57.0;0.5;0.0;0.04;0.0;1.04;0.0;;;77.1;0.0;110.0;
VACUNO;10157.0;Carne de vacuno, pulpa;CARNE DE VACUNO PULPA;105.0;21.3;1.6;16.0;3.4;0.0;0.03;0.13;6.82;0.0;121.9;275.6;75.9;0.0;208.0;
VACUNO;10158.0;Corazón;CORAZON;102.0;16.6;3.5;6.0;3.6;3.6;0.42;0.88;8.1;14.0;63.5;232.95;77.0;0.0;209.0;
VACUNO;10159.0;Criadilla;CRIADILLA;58.0;9.8;1.8;25.0;0.9;43.2;0.13;0.34;2.05;0.0;;;86.9;0.0;222.0;
VACUNO;10160.0;Hígado;HIGADO;127.0;20.0;4.6;13.0;5.4;19.5;0.24;1.89;12.3;8082.0;86.0;320.0;70.8;0.0;166.0;
VACUNO;10161.0;Lengua;LENGUA;171.0;16.5;11.2;9.0;2.2;1.9;0.09;0.55;3.0;0.0;;;71.1;0.0;166.0;
VACUNO;10162.0;Mondongo;MONDONGO;104.0;16.9;3.5;66.0;0.8;0.0;0.01;0.03;0.56;65.0;72.0;9.0;79.5;0.0;40.0;
VACUNO;10163.0;Patas sancochadas;PATAS SANCOCHADAS;152.0;23.7;5.6;7.0;2.1;0.0;0.02;0.25;0.65;0.0;;;68.8;0.0;37.0;
VACUNO;10164.0;Pulmón;PULMON;83.0;17.2;1.1;6.0;6.5;13.2;0.09;0.96;3.65;51.0;;;80.0;0.0;203.0;
VACUNO;10165.0;Riñón;RINON;90.0;15.1;2.9;17.0;6.8;9.9;0.37;1.3;4.6;280.0;;;79.6;0.0;132.0;
VACUNO;10166.0;Sesos;SESOS;135.0;11.3;9.6;8.0;0.9;6.9;0.17;0.21;3.15;164.0;;;78.1;0.0;287.0;
CAR-PREPA;10167.0;Chalona de carnero (3);CHALONA DE CARNERO 3;315.0;50.3;11.7;53.0;3.9;0.0;0.06;0.4;13.63;0.0;;;20.2;0.0;423.0;
CAR-PREPA;10168.0;Charqui de carne;CHARQUI DE CARNE;279.0;57.7;3.6;37.0;6.5;6.8;0.05;0.52;27.0;0.0;;;25.8;0.0;422.0;
CAR-PREPA;10169.0;Chicharrón de cerdo (x);CHICHARRON DE CERDO X;650.0;11.3;61.4;40.0;0.0;0.0;0.13;2.25;1.8;14.0;;;22.6;0.0;227.0;
CAR-PREPA;10170.0;Chicharrón de prensa;CHICHARRON DE PRENSA;436.0;23.9;37.2;60.0;2.2;1.4;0.01;0.28;2.25;0.0;;;29.9;0.0;119.0;
CAR-PREPA;10171.0;Chorizo;CHORIZO;287.0;21.0;21.9;56.0;4.0;0.0;0.3;0.36;0.0;0.0;;;52.3;0.0;149.0;
CAR-PREPA;10172.0;Jamón del País (2) (x);JAMON DEL PAIS 2 X;344.0;24.7;26.4;48.0;2.1;0.0;0.2;0.22;3.7;0.0;428.1;107.7;47.9;0.0;177.0;
CAR-PREPA;10173.0;Jamonada;JAMONADA;333.0;15.7;29.5;85.0;1.5;0.0;0.04;0.05;0.0;0.0;;;49.3;0.0;211.0;
CAR-PREPA;10174.0;Mortadela;MORTADELA;257.0;9.8;19.7;82.0;2.0;1.0;0.05;0.07;1.6;0.0;;;57.9;0.0;166.0;
CAR-PREPA;10175.0;Paté (2);PATE 2;496.0;10.9;49.8;57.0;7.1;0.0;0.07;0.24;2.25;0.0;;;35.0;0.0;289.0;
CAR-PREPA;10176.0;Relleno (2);RELLENO 2;107.0;14.4;5.0;63.0;16.9;3.4;0.02;0.06;0.86;0.0;;;75.5;0.0;41.0;
CAR-PREPA;10177.0;Salchicha blanca chica;SALCHICHA BLANCA CHICA;441.0;12.0;43.2;22.0;3.2;2.3;0.3;0.13;2.8;0.0;950.0;100.0;40.1;0.0;114.0;
CAR-PREPA;10178.0;Salchicha blanca grande;SALCHICHA BLANCA GRANDE;349.0;13.6;32.3;76.0;1.2;2.5;0.16;0.08;2.85;0.0;;;47.9;0.0;142.0;
CAR-PREPA;10179.0;"Salchicha ""hot dog""";SALCHICHA HOT DOG;366.0;11.0;34.3;76.0;1.3;0.0;0.03;0.07;0.0;0.0;;;49.4;0.0;202.0;
CAR-PREPA;10180.0;"Salchicha de ""huacho""";SALCHICHA DE HUACHO;453.0;12.9;44.0;80.0;5.5;0.0;0.03;0.2;2.15;0.0;;;38.2;0.0;92.0;
CAR-PREPA;10181.0;Tocino;TOCINO;490.0;13.5;47.9;26.0;1.2;1.9;0.24;0.12;2.0;0.0;15.0;48.0;32.8;0.0;70.0;
PESCADO;10182.0;Bacalao seco salado;BACALAO SECO SALADO;375.0;81.8;2.8;50.0;3.6;0.0;0.08;0.45;10.9;0.0;;;12.3;0.0;891.0;
PESCADO;10183.0;Bonito (2);BONITO 2;138.0;23.4;4.2;28.0;0.7;1.6;0.01;0.07;12.8;0.0;79.1;388.4;70.6;0.0;258.0;
PESCADO;10184.0;Cojinova;COJINOVA;93.0;20.2;0.7;19.0;2.7;4.9;0.09;0.06;0.1;0.0;98.9;379.1;75.1;0.0;247.0;
PESCADO;10185.0;Jurel;JUREL;129.0;21.6;3.9;30.0;1.8;0.0;0.0;0.0;0.0;0.0;113.2;346.3;73.0;0.0;325.0;
PESCADO;10186.0;Lisa;LISA;116.0;18.2;4.2;19.0;1.0;4.9;0.01;0.1;3.6;0.0;;;73.3;0.0;193.0;
PESCADO;10187.0;Merluza (3);MERLUZA 3;74.0;16.8;0.3;28.0;0.2;1.0;0.06;0.1;0.0;0.0;;;81.8;0.0;185.0;
PESCADO;10188.0;Pampanito;PAMPANITO;106.0;19.2;2.7;126.0;0.3;6.6;0.14;0.17;3.6;0.0;;;76.0;0.0;132.0;
PESCADO;10189.0;Pejerrey (2);PEJERREY 2;89.0;18.7;1.2;105.0;0.7;0.0;0.01;0.05;4.5;0.0;193.1;269.1;77.1;0.0;311.0;
PESCADO;10190.0;Toyo;TOYO;83.0;18.7;0.4;21.0;0.7;29.3;0.04;0.13;4.5;0.0;146.7;249.2;77.7;0.0;229.0;
PESCADO;10191.0;Trucha rosada;TRUCHA ROSADA;110.0;20.9;2.3;8.0;0.2;8.4;0.01;0.22;3.15;0.0;;;75.3;0.0;248.0;
PES-CONSE;10192.0;Atún en aceite, enlatado;ATUN EN ACEITE ENLATADO;288.0;24.2;20.5;7.0;1.2;0.0;0.04;0.1;11.1;19.0;356.5;350.6;52.6;0.0;294.0;
PES-CONSE;10193.0;Sardina Grated, conserva;SARDINA GRATED CONSERVA;177.0;22.4;9.0;151.0;1.6;3.0;1.3;0.04;3.0;0.0;;;65.4;0.0;173.0;
PES-CONSE;10194.0;Sardina filete, conserva;SARDINA FILETE CONSERVA;209.0;25.8;11.0;84.0;1.1;1.7;1.1;0.06;2.9;0.0;;;60.6;0.0;453.0;
CRUS-MOLU;10195.0;Almeja Blanca;ALMEJA BLANCA;70.0;14.4;1.1;50.0;1.8;18.3;0.01;0.14;2.25;28.0;120.0;181.2;82.4;0.0;221.0;
CRUS-MOLU;10196.0;Calamar grande ó pota;CALAMAR GRANDE O POTA;47.0;10.6;0.2;25.0;0.1;2.3;0.02;0.06;1.8;0.0;;;87.8;0.0;180.0;
CRUS-MOLU;10197.0;Camarones;CAMARONES;78.0;17.8;0.2;117.0;0.1;5.2;0.02;0.13;1.4;0.0;;;78.0;0.0;263.0;
CRUS-MOLU;10198.0;Cangrejos;CANGREJOS;99.0;18.9;2.6;53.0;1.4;0.0;0.2;0.52;1.57;606.0;;;86.1;0.0;192.0;
CRUS-MOLU;10199.0;Choros;CHOROS;87.0;13.3;3.4;202.0;0.2;5.4;0.0;0.82;2.05;0.0;;;78.4;0.0;206.0;
CRUS-MOLU;10200.0;Concha de abanico;CONCHA DE ABANICO;76.0;13.9;1.8;91.0;0.3;11.6;0.05;0.79;1.8;0.0;;;80.0;0.0;219.0;
CRUS-MOLU;10201.0;Lapas (2);LAPAS 2;83.0;18.5;0.4;102.0;1.2;9.3;0.09;0.6;1.2;0.0;;;78.1;0.0;81.0;
CRUS-MOLU;10202.0;Machas;MACHAS;88.0;15.7;2.8;93.0;4.0;0.8;0.08;0.19;0.0;0.0;;;74.4;0.0;180.0;
CRUS-MOLU;10203.0;Pulpo (2);PULPO 2;71.0;13.6;1.4;53.0;3.0;3.2;0.02;0.05;1.49;0.0;;;83.6;0.0;126.0;
CEREALES;10204.0;Achita, Achis o Kiwicha cruda (10);ACHITA ACHIS O KIWICHA CRUDA 10;377.0;13.5;7.1;236.0;7.5;1.3;0.3;0.01;0.4;0.0;;;12.0;2.5;453.0;
CEREALES;10205.0;Arroz Pilado o pulido cocido (3);ARROZ PILADO O PULIDO COCIDO 3;115.0;2.4;0.1;11.0;0.3;0.0;0.0;0.0;0.24;0.0;;;72.2;0.1;30.0;
CEREALES;10206.0;Arroz Pilado o pulido crudo (3);ARROZ PILADO O PULIDO CRUDO 3;359.0;8.2;0.5;6.0;0.8;0.9;0.09;0.08;1.6;0.0;19.3;148.2;13.1;0.4;92.0;
CEREALES;10207.0;Avena, hojuelas cruda  (3);AVENA HOJUELAS CRUDA 3;347.0;13.3;4.0;49.0;4.1;0.0;0.15;0.09;1.0;0.0;29.2;117.0;8.8;1.7;407.0;
CEREALES;10208.0;Cañihua gris (2);CANIHUA GRIS 2;344.0;14.0;4.5;110.0;13.0;1.1;0.47;0.65;1.13;0.0;;;12.4;9.8;375.0;
CEREALES;10209.0;Cebada harina;CEBADA HARINA;370.0;18.8;2.3;84.0;6.1;1.6;0.35;0.17;0.0;0.0;;;9.4;0.0;294.0;
CEREALES;10210.0;Cebada máshka o máchica (x);CEBADA MASHKA O MACHICA X;344.0;8.6;0.7;74.0;12.3;1.9;0.12;0.25;8.7;0.0;;;10.0;6.6;320.0;
CEREALES;10211.0;Cebada perlada o resbalada cocida (3);CEBADA PERLADA O RESBALADA COCIDA 3;78.0;1.0;0.1;9.0;0.9;0.0;0.0;0.01;0.58;0.0;;;81.0;0.1;35.0;
CEREALES;10212.0;Cebada perlada o resbalada cruda (3);CEBADA PERLADA O RESBALADA CRUDA 3;354.0;5.3;0.6;18.0;4.0;2.0;0.03;0.04;3.5;0.0;;;13.3;0.5;172.0;
CEREALES;10213.0;Chancay (bizcocho);CHANCAY BIZCOCHO;356.0;8.8;6.9;47.0;1.0;0.0;0.11;0.23;1.06;0.0;;;19.4;1.1;108.0;
CEREALES;10214.0;Fideos;FIDEOS;360.0;9.4;0.2;24.0;1.1;0.0;0.13;0.13;1.5;0.0;;;12.1;0.5;0.0;
CEREALES;10215.0;Fideos tallarín;FIDEOS TALLARIN;324.0;9.5;0.1;40.0;1.5;0.0;0.12;0.08;1.0;20.0;18.0;312.0;20.4;1.1;137.0;
CEREALES;10216.0;Fideos tallarín (sancochado);FIDEOS TALLARIN SANCOCHADO;100.0;3.1;0.0;25.0;0.4;0.0;0.02;0.04;0.17;0.0;18.0;312.0;75.5;0.4;25.0;
CEREALES;10217.0;Galletas de soda (2);GALLETAS DE SODA 2;442.0;10.1;14.7;38.0;1.5;0.0;0.17;0.1;1.17;1.0;205.0;200.0;4.8;0.7;134.0;
CEREALES;10218.0;Galletas de vainilla;GALLETAS DE VAINILLA;438.0;6.0;12.7;22.0;0.6;0.0;0.04;0.04;0.5;0.0;;;4.8;0.9;665.0;
MAIZ;10219.0;Alazán, jora fresca de (x);ALAZAN JORA FRESCA DE X;290.0;5.4;2.8;23.0;0.0;0.0;0.28;0.4;3.4;4.0;;;28.1;0.5;275.0;
MAIZ;10220.0;Alazán, jora seca de   (2) (x);ALAZAN JORA SECA DE 2 X;348.0;7.0;3.6;38.0;0.5;0.0;0.38;0.29;3.6;6.0;;;13.8;1.7;346.0;
MAIZ;10221.0;Amarillo;AMARILLO;315.0;8.4;1.1;6.0;1.7;0.7;0.3;0.16;3.25;2.0;;;17.2;3.8;267.0;
MAIZ;10222.0;Blanco crudo (3);BLANCO CRUDO 3;348.0;5.6;4.0;5.0;3.0;0.0;0.2;0.16;3.0;0.0;;;14.1;1.9;249.0;
MAIZ;10223.0;Blanco tostado (3);BLANCO TOSTADO 3;389.0;7.2;4.6;6.0;2.6;0.0;0.01;0.01;0.54;0.0;;;4.6;4.4;270.0;
MAIZ;10224.0;Cancha tostada (x);CANCHA TOSTADA X;363.0;6.7;2.7;11.0;2.7;9.8;0.15;0.34;2.73;2.0;;;9.5;4.3;221.0;
MAIZ;10225.0;Chochoca de (x);CHOCHOCA DE X;348.0;5.2;2.5;12.0;1.5;0.7;0.33;0.11;2.85;0.0;;;13.0;3.4;190.0;
MAIZ;10226.0;Fresco. choclo (4);FRESCO CHOCLO 4;129.0;3.3;0.8;8.0;0.8;4.8;0.14;0.07;1.44;0.0;;;67.3;1.5;113.0;
MAIZ;10227.0;Harina de  (2);HARINA DE 2;381.0;8.7;6.5;64.0;2.0;1.2;0.45;0.13;2.25;0.0;0.8;357.4;11.9;3.9;454.0;
MAIZ;10228.0;Maizena;MAIZENA;351.0;0.6;0.2;16.0;0.0;0.0;0.0;0.0;0.0;0.0;;;12.2;0.0;0.0;
MAIZ;10229.0;Morado;MORADO;357.0;7.3;3.4;12.0;0.2;2.1;0.38;0.22;2.84;8.0;;;11.4;1.8;328.0;
MAIZ;10230.0;Mote de  (x);MOTE DE X;108.0;2.6;1.3;14.0;1.2;0.0;0.03;0.09;0.54;0.0;;;74.5;1.4;78.0;
MAIZ;10231.0;para mote, pelado  (7) (x);PARA MOTE PELADO 7 X;363.0;5.9;2.1;47.0;3.8;1.9;0.16;0.08;2.64;0.0;;;12.6;2.3;187.0;
MAIZ;10232.0;para mote. sin pelar (3);PARA MOTE SIN PELAR 3;345.0;5.7;1.5;9.0;4.4;2.1;0.26;0.14;2.63;0.0;;;12.8;3.0;166.0;
MAIZ;10233.0;Sémola. polenta;SEMOLA POLENTA;347.0;8.3;1.2;70.0;2.0;0.9;0.09;0.06;4.45;0.0;;;13.3;1.2;58.0;
PAN;10234.0;de cebada, serrano;DE CEBADA SERRANO;302.0;7.2;0.2;60.0;6.5;0.0;0.3;0.23;6.35;0.0;;;24.4;2.6;224.0;
PAN;10235.0;de labranza;DE LABRANZA;335.0;9.6;0.3;40.0;1.6;1.0;0.13;0.14;1.22;0.0;530.0;256.0;17.3;1.2;107.0;
PAN;10236.0;de molde;DE MOLDE;332.0;6.8;2.5;13.0;0.4;0.0;0.08;0.16;1.22;0.0;;;20.8;0.0;60.0;
PAN;10237.0;Pan francés (2);PAN FRANCES 2;291.0;8.4;0.2;35.0;1.0;1.0;0.11;0.16;1.14;0.0;274.0;93.0;27.0;0.6;101.0;
QUINUA;10238.0;Quinua Cruda (3);QUINUA CRUDA 3;374.0;13.6;5.8;56.0;7.5;0.5;0.48;0.03;1.4;0.0;23.9;471.9;11.5;1.9;204.0;
QUINUA;10239.0;Quinua Dulce rosada (Junin);QUINUA DULCE ROSADA JUNIN;372.0;12.3;7.2;80.0;4.3;1.1;1.0;0.3;1.23;0.0;23.9;471.9;11.0;7.0;344.0;
TRIGO;10240.0;Harina de trigo (3);HARINA DE TRIGO 3;359.0;10.5;2.0;36.0;0.6;1.8;0.11;0.06;0.93;0.0;1.7;94.8;10.8;1.5;108.0;
TRIGO;10241.0;Máchica de trigo (2) (x);MACHICA DE TRIGO 2 X;356.0;7.9;1.2;67.0;0.9;2.7;0.1;0.48;2.11;0.0;;;9.0;4.1;300.0;
TRIGO;10242.0;Mote de (x);MOTE DE X;167.0;2.5;0.6;38.0;2.5;0.4;0.01;0.07;1.57;0.0;;;59.0;1.1;118.0;
TRIGO;10243.0;para mote, pelado crudo (3);PARA MOTE PELADO CRUDO 3;353.0;9.8;0.9;80.0;2.5;0.9;0.18;0.23;4.0;0.0;;;12.5;0.7;274.0;
TRIGO;10244.0;pelado (3);PELADO 3;358.0;8.4;1.4;51.0;4.6;0.0;0.22;0.15;3.85;0.0;26.4;226.2;12.6;2.0;293.0;
TRIGO;10245.0;resbalado cocido (3);RESBALADO COCIDO 3;90.0;2.8;0.3;5.0;0.5;0.7;0.06;0.02;0.9;0.0;;;77.9;0.3;66.0;
TRIGO;10246.0;resbalado crudo (3);RESBALADO CRUDO 3;355.0;11.4;1.8;17.0;4.8;4.5;0.3;0.17;5.0;0.0;26.4;226.2;13.5;1.3;299.0;
TRIGO;10247.0;Sémola de;SEMOLA DE;362.0;7.8;1.1;40.0;0.8;0.0;0.14;0.08;1.21;0.0;;;12.1;0.9;195.0;
TRIGO;10248.0;Trigo;TRIGO;336.0;8.6;1.5;36.0;4.6;4.8;0.3;0.08;2.85;0.0;26.4;226.2;14.5;3.0;224.0;
LEGUMINOS;10249.0;Arvejas frescas (4);ARVEJAS FRESCAS 4;106.0;7.1;0.6;27.0;1.7;22.3;0.28;0.18;2.15;29.0;3.0;331.1;72.6;3.4;134.0;
LEGUMINOS;10250.0;Arvejas secas (3);ARVEJAS SECAS 3;351.0;21.7;3.2;65.0;2.6;3.5;0.25;0.15;3.43;10.0;;;11.5;4.5;289.0;
LEGUMINOS;10251.0;Arvejas, harina de (2);ARVEJAS HARINA DE 2;346.0;21.6;1.1;102.0;5.5;1.5;0.2;0.25;4.12;0.0;;;10.1;5.5;351.0;
LEGUMINOS;10252.0;Arvejón;ARVEJON;342.0;21.4;1.9;60.0;7.5;0.0;0.37;0.19;3.03;0.0;;;12.1;5.7;263.0;
LEGUMINOS;10253.0;Frijol bayo (5);FRIJOL BAYO 5;331.0;19.0;0.9;99.0;6.3;0.0;0.31;0.22;1.84;0.0;25.1;1083.4;12.9;3.6;386.0;
LEGUMINOS;10254.0;Frijol caballero o blanco crudo (3);FRIJOL CABALLERO O BLANCO CRUDO 3;329.0;22.9;1.5;137.0;5.1;2.5;0.23;0.05;2.9;0.0;;;12.5;3.9;274.0;
LEGUMINOS;10255.0;Frijol canario cocido (3);FRIJOL CANARIO COCIDO 3;85.0;5.2;0.5;45.0;1.6;0.0;0.01;0.0;0.29;0.0;;;77.8;0.7;81.0;
LEGUMINOS;10256.0;Frijol canario crudo (3);FRIJOL CANARIO CRUDO 3;339.0;21.9;2.1;138.0;6.6;6.3;0.16;0.01;1.5;0.0;43.2;1211.7;11.7;2.9;351.0;
LEGUMINOS;10257.0;Frijol canario fresco;FRIJOL CANARIO FRESCO;166.0;9.7;0.5;60.0;3.0;9.2;0.38;0.07;1.54;10.0;;;56.5;2.2;287.0;
LEGUMINOS;10258.0;Frijol canario serranito;FRIJOL CANARIO SERRANITO;339.0;19.2;1.8;149.0;4.0;0.0;0.41;0.45;2.65;0.0;;;12.2;3.6;362.0;
LEGUMINOS;10259.0;Frijol castilla o chiclayo tresmesino;FRIJOL CASTILLA O CHICLAYO TRESMESINO;330.0;22.5;1.8;97.0;7.5;2.1;0.5;0.44;1.57;1.0;;;13.6;4.7;387.0;
LEGUMINOS;10260.0;Frijol negro (2);FRIJOL NEGRO 2;332.0;18.2;1.3;133.0;9.3;2.3;0.34;0.45;1.74;0.0;30.4;1074.1;13.6;3.6;308.0;
LEGUMINOS;10261.0;Frijol panamito (6);FRIJOL PANAMITO 6;336.0;21.5;1.7;174.0;6.3;5.8;0.59;0.32;2.07;0.0;12.7;76.8;12.2;6.0;427.0;
LEGUMINOS;10262.0;Garbanzo cocido (3);GARBANZO COCIDO 3;99.0;2.5;1.8;54.0;1.2;0.0;0.0;0.04;0.49;0.0;;;75.9;0.6;60.0;
LEGUMINOS;10263.0;Garbanzo crudo (3);GARBANZO CRUDO 3;362.0;19.2;6.1;120.0;8.3;5.4;0.38;0.38;2.8;0.0;29.0;1005.8;11.4;2.6;370.0;
LEGUMINOS;10264.0;Habas frescas;HABAS FRESCAS;151.0;11.3;0.8;31.0;2.0;28.5;0.3;0.09;1.4;10.0;6.0;364.3;60.6;0.8;137.0;
LEGUMINOS;10265.0;Habas, harina de  (4);HABAS HARINA DE 4;343.0;24.3;1.9;67.0;6.7;4.7;0.36;0.27;2.84;1.0;;;11.9;4.4;393.0;
LEGUMINOS;10266.0;Habas secas. con cáscara cruda (3);HABAS SECAS CON CASCARA CRUDA 3;340.0;23.8;1.5;197.0;13.0;8.6;0.39;0.3;4.0;0.0;6.4;1864.6;11.5;6.4;413.0;
LEGUMINOS;10267.0;Habas secas. sin cáscara cocida (3);HABAS SECAS SIN CASCARA COCIDA 3;102.0;7.3;0.5;64.0;0.9;0.9;0.0;0.01;0.72;0.0;;;72.8;0.5;53.0;
LEGUMINOS;10268.0;Habas secas. sin cáscara cruda (2);HABAS SECAS SIN CASCARA CRUDA 2;335.0;25.9;2.4;48.0;8.0;2.4;0.34;0.31;3.4;6.0;6.4;1864.6;13.6;1.8;395.0;
LEGUMINOS;10269.0;Lentejas chicas cocidas (3);LENTEJAS CHICAS COCIDAS 3;97.0;6.4;0.1;43.0;1.7;0.0;0.0;0.07;0.5;0.0;13.0;249.0;74.6;1.1;80.0;
LEGUMINOS;10270.0;Lentejas chicas crudas (3);LENTEJAS CHICAS CRUDAS 3;339.0;22.6;1.0;73.0;7.6;5.5;0.21;0.29;2.9;4.0;;;13.0;3.2;375.0;
LEGUMINOS;10271.0;Lentejas grandes (2);LENTEJAS GRANDES 2;338.0;23.2;1.1;71.0;4.8;0.0;0.34;0.25;2.17;4.0;;;12.4;4.0;263.0;
LEGUMINOS;10272.0;Pallares. con cáscara cocidas (3);PALLARES CON CASCARA COCIDAS 3;103.0;5.9;0.4;28.0;1.1;0.1;0.0;0.02;0.59;0.0;14.5;545.2;72.5;4.1;34.0;
LEGUMINOS;10273.0;Pallares. con cáscara crudos (3);PALLARES CON CASCARA CRUDOS 3;331.0;20.4;1.2;70.0;6.7;7.5;0.28;0.28;3.2;3.0;55.2;576.4;11.6;3.8;318.0;
LEGUMINOS;10274.0;Pallar morado;PALLAR MORADO;336.0;20.0;1.3;51.0;3.8;0.0;0.5;0.57;2.52;0.0;;;12.1;4.7;358.0;
LEGUMINOS;10275.0;Pallares. sin cáscara;PALLARES SIN CASCARA;337.0;21.6;1.4;38.0;5.2;0.0;0.55;0.21;2.25;0.0;;;12.2;1.0;205.0;
LEGUMINOS;10276.0;Soya  (18);SOYA 18;401.0;28.2;18.9;314.0;8.3;0.0;0.73;0.41;2.6;5.0;63.0;1079.1;11.7;4.6;759.0;
LEGUMINOS;10277.0;Tarhui crudo, sin cáscara;TARHUI CRUDO SIN CASCARA;277.0;17.3;17.5;54.0;2.3;4.6;0.6;0.44;2.1;0.0;;;46.3;3.8;262.0;
LEGUMINOS;10278.0;Tarhui, harina de;TARHUI HARINA DE;458.0;49.6;27.9;93.0;1.4;0.0;0.0;0.0;0.0;0.0;;;7.0;7.9;;
OLEAGINOS;10279.0;Aceite compuesto (vegetal 70% .marino3;ACEITE COMPUESTO VEGETAL 70 MARINO3;889.0;0.0;100.0;0.0;0.0;0.0;0.0;0.0;0.0;0.0;0.0;0.0;0.0;0.0;0.0;
OLEAGINOS;10280.0;Aceite de pescado, hidrogenado;ACEITE DE PESCADO HIDROGENADO;902.0;0.0;100.0;0.0;0.0;0.0;0.0;0.0;0.0;0.0;0.0;0.0;0.0;0.0;0.0;
OLEAGINOS;10281.0;Aceite vegetal de maíz;ACEITE VEGETAL DE MAIZ;884.0;0.0;100.0;0.0;0.0;0.0;0.0;0.0;0.0;0.0;0.0;0.0;0.0;0.0;0.0;
OLEAGINOS;10282.0;Almendras;ALMENDRAS;534.0;18.0;43.3;459.0;0.0;0.0;0.24;0.04;0.0;0.0;10.7;742.9;5.0;3.8;0.0;
OLEAGINOS;10283.0;Avellanas;AVELLANAS;555.0;12.4;49.3;0.0;0.0;0.0;0.0;0.0;0.0;22.0;2.6;445.2;7.5;2.8;0.0;
OLEAGINOS;10284.0;Cacao, semillas secas;CACAO SEMILLAS SECAS;456.0;12.0;46.3;106.0;3.6;3.0;0.17;0.14;1.7;2.0;;;3.6;8.6;537.0;
OLEAGINOS;10285.0;"Castaña peruana ""Nuez del Brasil""";CASTANA PERUANA NUEZ DEL BRASIL;661.0;14.3;65.9;170.0;2.1;2.7;0.75;0.17;3.6;0.0;2.1;340.6;1.2;2.6;850.0;
OLEAGINOS;10286.0;Maní crudo. con película;MANI CRUDO CON PELICULA;559.0;24.1;48.2;66.0;1.5;1.3;0.48;0.53;17.0;3.0;;;7.3;5.2;231.0;
OLEAGINOS;10287.0;Maní sancochado (2) (x);MANI SANCOCHADO 2 X;374.0;15.9;27.5;47.0;3.6;0.0;0.18;0.1;8.88;0.0;;;32.3;1.6;219.0;
OLEAGINOS;10288.0;Maní tostado, sin película;MANI TOSTADO SIN PELICULA;590.0;27.1;51.0;48.0;2.2;0.0;0.08;0.35;21.6;0.0;;;2.0;2.5;2980.0;
OLEAGINOS;10289.0;Manteca de cerdo;MANTECA DE CERDO;908.0;0.0;99.9;0.0;0.0;0.0;0.0;0.0;0.0;0.0;0.0;0.0;0.5;0.0;0.0;
OLEAGINOS;10290.0;Manteca vegetal;MANTECA VEGETAL;875.0;0.0;99.0;0.0;0.0;0.0;0.0;0.0;0.0;0.0;0.0;0.0;1.0;0.0;0.0;
OLEAGINOS;10291.0;Mantequilla;MANTEQUILLA;729.0;2.0;82.0;0.0;0.0;0.0;0.0;0.0;0.0;671.0;;;16.0;0.0;0.0;
OLEAGINOS;10292.0;Mantequilla con sal;MANTEQUILLA CON SAL;703.0;0.6;80.0;144.0;0.6;0.0;0.02;0.06;0.1;400.0;825.7;25.7;16.0;0.0;80.0;
OLEAGINOS;10293.0;Margarina vegetal con sal;MARGARINA VEGETAL CON SAL;720.0;0.6;82.0;0.0;0.0;0.0;0.0;0.0;0.0;0.0;943.4;42.5;16.0;0.0;0.0;
OLEAGINOS;10294.0;Nueces;NUECES;501.0;10.9;50.1;337.0;0.0;0.0;0.36;0.04;0.0;8.0;10.0;501.7;21.6;5.9;0.0;
VERDURAS;10295.0;Acelgas. hojas de;ACELGAS HOJAS DE;27.0;2.2;0.3;90.0;2.4;14.1;0.04;0.26;0.56;176.0;181.7;292.5;90.7;0.8;46.0;
VERDURAS;10296.0;Acelgas. tallos de;ACELGAS TALLOS DE;14.0;0.7;0.3;23.0;0.5;4.0;0.0;0.03;0.0;9.0;181.7;292.5;94.8;1.4;10.0;
VERDURAS;10297.0;Ají amarillo;AJI AMARILLO;39.0;0.9;0.7;31.0;0.9;60.0;0.06;0.58;1.25;445.0;4.0;231.0;88.9;2.4;21.0;
VERDURAS;10298.0;Ají amarillo molido. fresco con sal (2;AJI AMARILLO MOLIDO FRESCO CON SAL 2;52.0;1.9;1.7;97.0;3.5;16.2;0.18;0.21;1.3;560.0;;;60.2;4.0;47.0;
VERDURAS;10299.0;Ají colorado seco, panca  (2) (x);AJI COLORADO SECO PANCA 2 X;292.0;7.0;7.8;142.0;4.9;23.0;0.13;1.79;3.55;4412.0;;;20.2;22.4;209.0;
VERDURAS;10300.0;Ají verde (2);AJI VERDE 2;57.0;2.5;0.8;21.0;1.3;48.5;0.0;0.11;1.47;382.0;;;82.9;2.9;58.0;
VERDURAS;10301.0;Ajos;AJOS;129.0;5.6;0.8;94.0;1.7;9.1;0.14;0.07;0.42;0.0;69.0;249.6;61.4;0.9;180.0;
VERDURAS;10302.0;Albahaca (4);ALBAHACA 4;43.0;2.9;1.2;325.0;5.3;20.0;0.04;0.13;0.95;244.0;;;86.7;1.5;38.0;
VERDURAS;10303.0;Alcachofa;ALCACHOFA;19.0;2.8;0.2;42.0;1.1;0.0;0.07;0.04;0.85;50.0;4.0;429.3;92.9;1.4;51.0;
VERDURAS;10304.0;Apio;APIO;21.0;0.7;0.2;70.0;1.5;8.3;0.03;0.08;0.23;0.0;16.1;534.3;93.4;1.0;28.0;
VERDURAS;10305.0;Berenjena;BERENJENA;37.0;1.0;0.8;20.0;0.3;6.3;0.02;0.3;1.31;5.0;;;89.7;1.7;30.0;
VERDURAS;10306.0;Berro (4);BERRO 4;33.0;3.4;0.8;234.0;6.5;105.6;0.08;0.36;1.06;722.0;;;89.3;1.5;66.0;
VERDURAS;10307.0;Brócoli (3);BROCOLI 3;40.0;4.9;0.9;93.0;1.2;114.0;0.11;0.1;0.83;63.0;27.2;325.2;87.3;1.6;86.0;
VERDURAS;10308.0;Caigua (2);CAIGUA 2;15.0;0.5;0.2;34.0;0.9;11.4;0.02;0.02;0.17;9.0;;;95.0;1.6;43.0;
VERDURAS;10309.0;Caigua Serrana;CAIGUA SERRANA;20.0;1.5;0.1;32.0;0.5;6.9;0.05;0.07;0.0;33.0;;;93.5;0.0;32.0;
VERDURAS;10310.0;Calabaza china;CALABAZA CHINA;23.0;0.7;0.1;29.0;0.1;0.0;0.02;0.02;0.29;0.0;;;93.1;0.4;15.0;
VERDURAS;10311.0;Calabaza italiana (3);CALABAZA ITALIANA 3;21.0;0.5;0.3;11.0;0.6;10.0;0.03;0.04;0.28;3.0;0.8;230.2;93.9;0.8;19.0;
VERDURAS;10312.0;Cebolla roja;CEBOLLA ROJA;32.0;0.9;0.1;100.0;0.2;7.5;0.03;0.05;0.14;3.0;5.5;167.7;91.2;0.4;33.0;
VERDURAS;10313.0;Cebolla china (2);CEBOLLA CHINA 2;39.0;2.3;0.4;141.0;1.1;10.5;0.02;0.01;0.4;0.0;5.5;167.7;88.7;1.3;61.0;
VERDURAS;10314.0;Cebolla de cabeza (2);CEBOLLA DE CABEZA 2;49.0;1.4;0.2;20.0;1.2;4.9;0.03;0.06;0.22;0.0;5.5;167.7;86.3;0.8;35.0;
VERDURAS;10315.0;Col blanca;COL BLANCA;23.0;1.3;0.3;46.0;0.4;31.4;0.01;0.03;0.18;1.0;58.2;250.4;93.1;0.8;46.0;
VERDURAS;10316.0;Col crespa;COL CRESPA;24.0;1.5;0.3;70.0;0.4;48.5;0.03;0.03;0.33;15.0;58.2;250.4;92.4;1.2;69.0;
VERDURAS;10317.0;Col china;COL CHINA;26.0;1.8;0.3;70.0;1.5;21.6;0.01;0.16;0.66;0.0;58.2;250.4;91.0;0.6;16.0;
VERDURAS;10318.0;Coliflor (3);COLIFLOR 3;28.0;2.2;0.6;26.0;0.6;75.3;0.05;0.07;0.49;3.0;23.0;210.6;91.6;1.8;66.0;
VERDURAS;10319.0;Culantro (3);CULANTRO 3;44.0;3.3;1.3;259.0;5.3;37.2;0.08;0.27;1.86;1094.0;;;85.6;1.6;63.0;
VERDURAS;10320.0;Chiclayo, calabaza. (2);CHICLAYO CALABAZA 2;22.0;0.6;0.1;13.0;0.2;3.7;0.08;0.05;0.19;1.0;;;93.2;0.5;25.0;
VERDURAS;10321.0;Esparragos;ESPARRAGOS;23.0;2.2;0.2;35.0;1.2;8.0;0.09;0.05;0.82;4.0;;;92.3;1.6;35.0;
VERDURAS;10322.0;Espinaca negra;ESPINACA NEGRA;32.0;2.8;0.9;234.0;4.3;15.2;0.07;0.2;0.69;378.0;43.9;862.0;90.0;1.5;45.0;
VERDURAS;10323.0;Frijolito chino, germinado;FRIJOLITO CHINO GERMINADO;41.0;4.5;0.7;22.0;0.8;15.4;0.05;0.07;0.97;1.0;;;87.4;1.2;261.0;
VERDURAS;10324.0;Hierba buena (3);HIERBA BUENA 3;33.0;3.1;1.0;206.0;9.1;2.0;0.06;0.13;1.0;1094.0;;;86.7;2.5;70.0;
VERDURAS;10325.0;Huacatay (3);HUACATAY 3;47.0;5.0;0.8;412.0;8.7;17.1;0.06;0.27;1.47;426.0;;;83.4;2.3;79.0;
VERDURAS;10326.0;Lechuga americana;LECHUGA AMERICANA;11.0;0.6;0.1;52.0;0.1;1.5;0.02;0.06;0.13;6.0;;;96.6;0.7;20.0;
VERDURAS;10327.0;Lechuga larga (2);LECHUGA LARGA 2;19.0;1.5;0.2;64.0;1.6;14.5;0.06;0.08;0.52;120.0;;;93.4;1.0;63.0;
VERDURAS;10328.0;Lechuga redonda;LECHUGA REDONDA;12.0;1.3;0.2;47.0;1.0;7.4;0.06;0.05;0.48;63.0;6.9;129.0;95.7;0.8;49.0;
VERDURAS;10329.0;Nabo (2);NABO 2;16.0;0.6;0.2;34.0;0.1;21.1;0.01;0.04;0.23;0.0;32.2;226.2;94.7;0.6;34.0;
VERDURAS;10330.0;Nabo Silvestre, hojas de  (2);NABO SILVESTRE HOJAS DE 2;35.0;2.9;0.4;367.0;2.8;49.2;0.12;0.38;2.4;309.0;;;88.1;2.5;95.0;
VERDURAS;10331.0;Orégano;OREGANO;48.0;1.6;0.5;312.0;9.3;50.0;0.08;0.3;0.65;17850.0;;;85.1;1.8;46.0;
VERDURAS;10332.0;Pacchoy, hojas de  (2);PACCHOY HOJAS DE 2;28.0;1.3;0.3;235.0;3.0;50.0;0.05;0.1;0.73;178.0;;;90.5;0.9;60.0;
VERDURAS;10333.0;Pacchoy, tallos de;PACCHOY TALLOS DE;22.0;0.4;0.2;302.0;1.2;12.0;0.01;0.05;0.53;0.0;;200.0;92.0;0.5;84.0;
VERDURAS;10334.0;Pepinillo o Pepino de mesa;PEPINILLO O PEPINO DE MESA;11.0;0.5;0.1;20.0;0.3;12.6;0.03;0.04;0.09;1.0;713.3;540.0;96.4;0.4;22.0;
VERDURAS;10335.0;Perejil (3);PEREJIL 3;56.0;4.8;0.7;202.0;8.7;95.8;0.07;0.32;2.87;452.0;40.0;;82.0;1.6;76.0;
VERDURAS;10336.0;Pimiento;PIMIENTO;35.0;1.5;0.5;12.0;0.5;108.3;0.05;0.11;1.58;125.0;;326.7;89.6;1.2;24.0;
VERDURAS;10337.0;Poro (2);PORO 2;40.0;2.7;0.8;78.0;0.7;8.6;0.09;0.08;0.46;8.0;13.2;;87.8;1.3;50.0;
VERDURAS;10338.0;Rabanitos;RABANITOS;14.0;0.8;0.1;36.0;1.0;18.6;0.01;0.02;0.29;0.0;;207.3;95.1;0.7;29.0;
VERDURAS;10339.0;Rocoto;ROCOTO;36.0;1.2;0.5;6.0;0.5;14.9;0.01;0.14;1.15;35.0;;;89.5;1.5;22.0;
VERDURAS;10340.0;Tomate (4);TOMATE 4;19.0;0.8;0.2;7.0;0.6;18.4;0.04;0.06;0.62;37.0;8.1;;94.2;0.8;20.0;
VERDURAS;10341.0;Tomate italiano;TOMATE ITALIANO;16.0;0.8;0.2;7.0;0.3;32.5;0.06;0.06;0.63;46.0;;371.0;94.8;1.0;25.0;
VERDURAS;10342.0;Tomate, salsa de (2);TOMATE SALSA DE 2;23.0;1.5;0.7;117.0;3.0;0.0;0.1;0.12;0.6;123.0;604.9;;75.0;1.8;64.0;
VERDURAS;10343.0;Vainitas (2);VAINITAS 2;37.0;2.4;0.3;88.0;1.4;9.6;0.07;0.2;0.71;28.0;;323.6;88.2;2.3;49.0;
VERDURAS;10344.0;Zanahoria (2);ZANAHORIA 2;41.0;0.6;0.5;33.0;0.5;17.4;0.04;0.04;0.18;1696.0;30.0;405.0;89.0;1.2;16.0;
VERDURAS;10345.0;Zanahoria, harina de (2);ZANAHORIA HARINA DE 2;293.0;7.3;1.5;418.0;0.0;10.0;0.38;0.33;3.74;6089.0;;;11.8;6.9;384.0;
VERDURAS;10346.0;Zapallito italiano;ZAPALLITO ITALIANO;14.0;0.9;0.2;27.0;0.3;26.2;0.01;0.33;0.42;0.0;;;95.4;0.5;34.0;
VERDURAS;10347.0;Zapallo loche (3);ZAPALLO LOCHE 3;80.0;1.6;0.1;20.0;1.2;2.6;0.05;0.08;1.23;108.0;;;75.7;1.2;57.0;
VERDURAS;10348.0;Zapallo macre (2);ZAPALLO MACRE 2;26.0;0.7;0.2;26.0;0.6;5.7;0.03;0.04;0.4;154.0;;;92.0;1.0;17.0;
TUBERCUL;10349.0;Arracacha o racacha  (4);ARRACACHA O RACACHA 4;97.0;0.7;0.3;27.0;1.1;27.1;0.09;0.08;2.84;0.0;;;75.1;1.1;50.0;
TUBERCUL;10350.0;Camote amarillo  (5);CAMOTE AMARILLO 5;116.0;1.2;0.2;41.0;0.8;10.0;0.1;0.05;0.63;39.0;;;69.9;1.0;31.0;
TUBERCUL;10351.0;Camote blanco (5);CAMOTE BLANCO 5;119.0;1.7;0.1;26.0;2.5;12.9;0.14;0.04;0.7;9.0;;;68.8;0.9;33.0;
TUBERCUL;10352.0;Camote morado (3);CAMOTE MORADO 3;110.0;1.4;0.3;36.0;1.4;13.6;0.08;0.05;0.82;11.0;;;71.6;0.9;40.0;
TUBERCUL;10353.0;Camote, harina de (3);CAMOTE HARINA DE 3;353.0;2.1;0.9;153.0;5.7;7.9;0.17;0.17;1.67;1542.0;;;9.9;1.8;99.0;
TUBERCUL;10354.0;Chuño (4) (x);CHUNO 4 X;323.0;1.9;0.5;92.0;3.3;1.1;0.03;0.04;0.38;0.0;;;18.1;2.1;54.0;
TUBERCUL;10355.0;Chuño negro (x);CHUNO NEGRO X;333.0;4.0;0.2;44.0;0.9;1.7;0.13;0.17;3.4;0.0;;;14.1;1.9;203.0;
TUBERCUL;10356.0;Maca afrechillo;MACA AFRECHILLO;330.0;10.5;0.6;475.0;29.3;2.0;0.22;0.65;0.0;0.0;;;12.0;0.0;135.0;
TUBERCUL;10357.0;Maca almidón;MACA ALMIDON;350.0;6.1;1.2;175.0;31.7;2.8;0.15;0.07;0.0;0.0;;;11.0;0.0;70.0;
TUBERCUL;10358.0;Maca pasta integral;MACA PASTA INTEGRAL;292.0;14.0;1.0;245.0;25.0;8.0;0.28;0.6;0.0;0.0;;;11.1;0.0;192.0;
TUBERCUL;10359.0;Maca silvestre;MACA SILVESTRE;71.0;3.5;1.0;37.0;49.9;2.1;0.2;0.35;0.0;0.0;;;79.8;0.0;0.0;
TUBERCUL;10360.0;Maca tubérculo;MACA TUBERCULO;314.0;11.8;1.6;247.0;14.7;2.5;0.2;0.35;0.0;0.0;;;15.3;0.0;183.0;
TUBERCUL;10361.0;Mashua. isaño o añu   (2);MASHUA ISANO O ANU 2;50.0;1.5;0.7;12.0;1.0;77.5;0.1;0.12;0.67;12.0;;;87.4;0.9;29.0;
TUBERCUL;10362.0;Oca  (4);OCA 4;61.0;1.0;0.6;22.0;1.6;38.4;0.05;0.13;0.43;1.0;;;84.1;1.0;36.0;
TUBERCUL;10363.0;Oca deshidratada o ccaya  (3) (x);OCA DESHIDRATADA O CCAYA 3 X;325.0;4.3;1.1;52.0;9.9;2.4;0.04;0.08;0.85;0.0;;;15.3;3.4;171.0;
TUBERCUL;10364.0;Olluco (2);OLLUCO 2;62.0;1.1;0.1;3.0;1.1;11.5;0.05;0.03;0.2;5.0;;;83.7;0.8;28.0;
TUBERCUL;10365.0;Papa amarilla (3);PAPA AMARILLA 3;103.0;2.0;0.4;6.0;0.4;9.0;0.07;0.06;1.85;0.0;3.0;435.9;73.2;0.7;52.0;
TUBERCUL;10366.0;Papa blanca  (32);PAPA BLANCA 32;97.0;2.1;0.1;9.0;0.5;14.0;0.09;0.09;1.67;3.0;34.0;417.0;74.5;0.6;47.0;
TUBERCUL;10367.0;Papa, harina de (3);PAPA HARINA DE 3;332.0;6.4;0.4;82.0;1.0;8.9;0.18;0.0;0.0;0.0;;;10.9;2.3;199.0;
TUBERCUL;10368.0;Papa helada (2) (x);PAPA HELADA 2 X;180.0;1.8;0.6;58.0;2.8;1.0;0.07;0.2;1.65;0.0;;;54.5;2.0;54.0;
TUBERCUL;10369.0;Papa seca (3) (x);PAPA SECA 3 X;322.0;8.2;0.7;47.0;4.5;3.2;0.19;0.09;5.0;0.0;;;14.8;1.8;200.0;
TUBERCUL;10370.0;Remolacha raíz Beterraga;REMOLACHA RAIZ BETERRAGA;44.0;1.7;0.1;14.0;0.8;5.0;0.01;0.04;0.2;0.0;;;87.8;1.0;38.0;
TUBERCUL;10371.0;Yuca amarilla (2);YUCA AMARILLA 2;161.0;0.6;0.2;35.0;0.4;36.3;0.03;0.04;0.66;15.0;;;59.0;0.9;62.0;
TUBERCUL;10372.0;Yuca asada (2);YUCA ASADA 2;183.0;0.6;0.3;29.0;0.2;22.9;0.02;0.01;0.79;39.0;;;53.7;1.2;69.0;
TUBERCUL;10373.0;Yuca blanca (2);YUCA BLANCA 2;162.0;0.8;0.2;25.0;0.5;30.7;0.04;0.04;0.76;1.0;;;58.9;1.1;52.0;
TUBERCUL;10374.0;Yuca, harina de (12);YUCA HARINA DE 12;335.0;1.7;0.5;155.0;5.3;13.6;0.08;0.07;1.6;0.0;;;14.3;1.8;110.0;
TUBERCUL;10375.0;Yuca sancochada(3);YUCA SANCOCHADA 3;150.0;0.5;0.2;26.0;0.2;22.7;0.02;0.02;0.53;31.0;;15.4;62.0;1.0;60.0;
FRUT-PREP;10376.0;Aceitunas de botija;ACEITUNAS DE BOTIJA;298.0;0.8;32.1;86.0;2.4;0.0;0.03;0.22;0.8;0.0;523.1;;57.5;1.4;55.0;
FRUT-PREP;10377.0;Aceitunas negras. preparadas (x);ACEITUNAS NEGRAS PREPARADAS X;304.0;2.2;22.4;67.0;7.4;0.0;0.03;0.24;1.0;0.0;;;41.0;1.5;63.0;
FRUT-PREP;10378.0;Blanquillos (2);BLANQUILLOS 2;64.0;0.6;0.1;4.0;0.3;15.3;0.03;0.04;0.9;0.0;;172.7;81.7;0.6;22.0;
FRUT-PREP;10379.0;Ciruelas (3);CIRUELAS 3;82.0;1.0;0.2;20.0;0.9;36.8;0.05;0.06;1.44;23.0;0.0;355.6;76.3;0.5;53.0;
FRUT-PREP;10380.0;Coco (2);COCO 2;286.0;3.4;28.1;8.0;1.8;0.9;0.02;0.05;0.58;0.0;20.0;;56.4;2.3;51.0;
FRUT-PREP;10381.0;Coco. agua de;COCO AGUA DE;14.0;0.7;0.1;21.0;0.0;0.8;0.0;0.01;0.0;0.0;;;95.5;0.0;0.0;
FRUT-PREP;10382.0;Cocona;COCONA;41.0;0.9;0.7;16.0;1.5;4.5;0.06;0.1;2.25;23.0;;;88.5;2.5;30.0;
FRUT-PREP;10383.0;Chirimoya (3);CHIRIMOYA 3;87.0;1.2;0.2;20.0;0.7;3.3;0.09;0.16;1.62;0.0;;651.8;75.1;1.5;63.0;
FRUT-PREP;10384.0;Dátiles (2);DATILES 2;224.0;1.4;0.5;60.0;0.8;2.9;0.1;0.09;0.13;5.0;2.5;165.7;36.8;2.8;29.0;
FRUT-PREP;10385.0;Fresas (3);FRESAS 3;41.0;0.7;0.8;37.0;1.2;42.0;0.04;0.05;0.26;7.0;1.0;;89.1;1.4;38.0;
FRUT-PREP;10386.0;Granada (2);GRANADA 2;68.0;0.5;0.1;10.0;0.3;5.2;0.09;0.04;1.56;0.0;;;80.0;0.5;38.0;
FRUT-PREP;10387.0;Granadilla  (2);GRANADILLA 2;80.0;2.2;2.0;17.0;0.4;15.8;0.11;0.13;2.14;0.0;;;78.9;3.5;128.0;
FRUT-PREP;10388.0;Granadilla, jugo enlatado de;GRANADILLA JUGO ENLATADO DE;68.0;1.1;0.0;6.0;0.6;129.6;0.0;0.03;0.0;0.0;;;82.0;0.2;50.0;
FRUT-PREP;10389.0;Guanabana (2);GUANABANA 2;56.0;0.9;0.2;38.0;0.7;19.0;0.05;0.06;1.69;0.0;;;84.0;1.1;43.0;
FRUT-PREP;10390.0;Guayaba (2);GUAYABA 2;56.0;0.5;0.1;18.0;0.3;60.0;0.04;0.04;1.44;0.0;;;83.9;5.7;23.0;
FRUT-PREP;10391.0;Higos negros (2);HIGOS NEGROS 2;76.0;0.9;0.1;58.0;0.8;2.9;0.04;0.05;0.52;5.0;;711.76;78.0;1.7;43.0;
FRUT-PREP;10392.0;Higos secos;HIGOS SECOS;182.0;3.6;0.2;109.0;2.4;3.7;0.0;0.0;0.9;0.0;11.3;;47.7;8.6;100.0;
FRUT-PREP;10393.0;Lima (2);LIMA 2;27.0;0.6;0.4;31.0;0.2;36.0;0.03;0.04;0.3;6.0;;135.3;92.8;0.7;9.0;
FRUT-PREP;10394.0;Limón, jugo de;LIMON JUGO DE;30.0;0.5;0.2;18.0;0.5;44.2;0.03;0.03;0.11;0.0;5.0;313.0;89.3;0.0;14.0;
FRUT-PREP;10395.0;Lúcuma (3);LUCUMA 3;99.0;1.5;0.5;16.0;0.4;2.2;0.01;0.14;1.96;355.0;;;72.3;1.3;26.0;
FRUT-PREP;10396.0;Mamey (2);MAMEY 2;37.0;0.5;0.1;51.0;0.4;2.0;0.02;0.04;0.61;57.0;;;88.9;1.7;46.0;
FRUT-PREP;10397.0;Mandarina (2);MANDARINA 2;35.0;0.6;0.3;19.0;0.3;48.7;0.06;0.05;0.3;5.0;;156.1;90.1;0.5;17.0;
FRUT-PREP;10398.0;Mango (5);MANGO 5;60.0;0.4;0.2;17.0;0.4;24.8;0.03;0.11;0.39;159.0;2.0;115.2;83.0;1.0;15.0;
FRUT-PREP;10399.0;Manzana (2);MANZANA 2;54.0;0.3;0.1;5.0;1.4;1.3;0.03;0.04;0.13;0.0;0.7;0.0;84.7;0.8;11.0;
FRUT-PREP;10400.0;Maracuyá. jugo de;MARACUYA JUGO DE;67.0;0.9;0.1;13.0;3.0;22.0;0.03;0.15;0.0;410.0;;565.0;82.3;0.2;30.0;
FRUT-PREP;10401.0;Marañón;MARANON;45.0;0.8;0.5;8.0;3.0;108.0;0.05;0.05;0.96;26.0;640.1;319.1;87.9;1.3;30.0;
FRUT-PREP;10402.0;Melón (4);MELON 4;23.0;0.5;0.1;13.0;0.5;23.0;0.04;0.04;0.64;79.0;9.0;;92.9;0.2;15.0;
FRUT-PREP;10403.0;Melón enano;MELON ENANO;20.0;0.6;0.2;23.0;0.4;15.3;0.02;0.06;0.38;6.0;;;94.3;0.3;3.0;
FRUT-PREP;10404.0;Membrillo (2);MEMBRILLO 2;43.0;0.3;0.1;9.0;0.7;12.5;0.02;0.07;0.23;9.0;;180.9;86.9;1.3;29.0;
FRUT-PREP;10405.0;Naranja;NARANJA;40.0;0.6;0.2;23.0;0.2;92.3;0.09;0.04;0.36;7.0;1.0;200.0;88.5;0.4;51.0;
FRUT-PREP;10406.0;Naranja agria. jugo de (2);NARANJA AGRIA JUGO DE 2;33.0;0.5;0.2;31.0;0.2;42.0;0.03;0.05;0.13;0.0;0.8;;90.7;0.0;9.0;
FRUT-PREP;10407.0;Naranja de Guayaquil;NARANJA DE GUAYAQUIL;40.0;0.5;0.2;37.0;0.1;42.2;0.05;0.01;0.14;5.0;;;88.6;0.5;17.0;
FRUT-PREP;10408.0;Naranja de Huando;NARANJA DE HUANDO;45.0;1.2;0.2;30.0;0.1;43.9;0.06;0.02;0.29;3.0;;;87.3;0.9;30.0;
FRUT-PREP;10409.0;Níspero;NISPERO;47.0;0.3;0.0;21.0;0.3;1.2;0.02;0.11;0.37;70.0;;;86.5;0.6;16.0;
FRUT-PREP;10410.0;Pacae;PACAE;56.0;0.6;0.1;14.0;0.4;0.0;0.02;0.07;0.0;0.0;;;84.1;0.7;30.0;
FRUT-PREP;10411.0;Palta;PALTA;131.0;1.7;12.5;30.0;0.6;6.8;0.03;0.1;1.82;7.0;;;79.2;5.8;67.0;
FRUT-PREP;10412.0;Pan del árbol con semilla;PAN DEL ARBOL CON SEMILLA;135.0;4.5;1.8;20.0;0.9;6.6;0.22;0.09;2.6;0.0;;;63.4;3.1;255.0;
FRUT-PREP;10413.0;Pan del árbol sin semilla;PAN DEL ARBOL SIN SEMILLA;47.0;1.6;0.5;71.0;2.8;2.1;0.07;0.08;0.78;3.0;;176.4;86.4;2.8;37.0;
FRUT-PREP;10414.0;Papaya (3);PAPAYA 3;32.0;0.4;0.1;23.0;0.3;47.7;0.03;0.07;0.41;63.0;6.4;7.5;90.8;0.5;14.0;
FRUT-PREP;10415.0;Pasas sin semilla;PASAS SIN SEMILLA;241.0;2.4;0.4;64.0;3.7;0.0;0.12;0.13;0.37;0.0;11.7;;31.6;0.9;91.0;
FRUT-PREP;10416.0;Pepino dulce  (2);PEPINO DULCE 2;26.0;0.3;0.0;30.0;0.3;29.7;0.04;0.05;0.58;28.0;;125.3;92.3;0.5;10.0;
FRUT-PREP;10417.0;Pera chilena (2);PERA CHILENA 2;49.0;0.3;0.1;4.0;0.3;1.9;0.02;0.04;0.24;3.0;0.0;125.3;86.0;1.0;16.0;
FRUT-PREP;10418.0;Pera de agua (3);PERA DE AGUA 3;53.0;0.4;0.6;7.0;0.1;6.5;0.02;0.06;0.16;0.0;0.0;125.3;85.8;1.6;5.0;
FRUT-PREP;10419.0;Pera nacional;PERA NACIONAL;55.0;0.4;0.2;2.0;0.3;2.5;0.02;0.05;0.16;0.0;0.0;125.3;84.7;1.9;6.0;
FRUT-PREP;10420.0;Pera perilla;PERA PERILLA;58.0;0.6;0.5;10.0;0.5;3.6;0.03;0.05;0.44;0.0;0.0;;84.2;1.7;18.0;
FRUT-PREP;10421.0;Pero (3);PERO 3;55.0;0.4;0.7;6.0;0.3;2.8;0.05;0.07;0.11;7.0;;;85.4;1.0;9.0;
FRUT-PREP;10422.0;Pijuayo sancochado (2);PIJUAYO SANCOCHADO 2;177.0;2.6;3.3;26.0;0.6;0.0;0.03;0.2;0.76;108.0;;112.9;54.0;4.5;75.0;
FRUT-PREP;10423.0;Piña (2);PINA 2;38.0;0.4;0.2;10.0;0.4;19.9;0.04;0.06;0.27;7.0;1.3;451.0;89.3;0.5;5.0;
FRUT-PREP;10424.0;Plátano de isla (4);PLATANO DE ISLA 4;91.0;0.9;0.4;8.0;0.6;4.2;0.07;0.07;0.47;131.0;1.0;451.0;74.0;0.5;20.0;
FRUT-PREP;10425.0;Plátano de seda (2);PLATANO DE SEDA 2;83.0;1.5;0.3;5.0;0.6;4.3;0.03;0.05;0.79;21.0;1.0;451.0;76.2;0.4;27.0;
FRUT-PREP;10426.0;Plátano guineo;PLATANO GUINEO;120.0;1.4;0.2;10.0;0.6;1.1;0.02;0.08;0.53;0.0;1.0;451.0;65.9;0.4;23.0;
FRUT-PREP;10427.0;Plátano guineo-manzano;PLATANO GUINEO MANZANO;90.0;1.1;0.2;6.0;0.8;7.3;0.04;0.16;0.6;6.0;1.0;;74.3;0.3;47.0;
FRUT-PREP;10428.0;Plátano, harina de (6);PLATANO HARINA DE 6;300.0;3.1;0.4;29.0;3.9;1.3;0.11;0.12;1.57;100.0;;451.0;14.9;1.1;104.0;
FRUT-PREP;10429.0;Plátano maduro;PLATANO MADURO;112.0;1.2;0.2;0.0;0.4;5.6;0.06;0.06;0.5;82.0;1.0;451.0;68.1;0.3;37.0;
FRUT-PREP;10430.0;Plátano morado;PLATANO MORADO;106.0;1.0;0.2;42.0;0.3;2.3;0.0;0.25;0.68;30.0;1.0;;69.8;0.8;17.0;
FRUT-PREP;10431.0;Plátano seco, orejón (x);PLATANO SECO OREJON X;268.0;3.7;1.2;26.0;0.0;1.8;0.05;0.18;1.4;0.0;;;24.5;0.0;84.0;
FRUT-PREP;10432.0;Plátano verde (3);PLATANO VERDE 3;152.0;1.0;0.2;8.0;0.5;10.4;0.09;0.14;0.62;130.0;;;57.0;0.8;43.0;
FRUT-PREP;10433.0;Plátano verde asado;PLATANO VERDE ASADO;252.0;1.5;0.2;10.0;0.8;1.4;0.11;0.22;0.9;130.0;;;29.1;1.1;80.0;
FRUT-PREP;10434.0;Plátano verde sancochado (2);PLATANO VERDE SANCOCHADO 2;137.0;0.7;0.3;10.0;0.7;3.4;0.06;0.17;0.53;100.0;;116.0;61.6;0.8;35.0;
FRUT-PREP;10435.0;Sandía;SANDIA;24.0;0.7;0.1;6.0;0.3;3.0;0.06;0.04;0.18;23.0;2.1;;93.0;0.2;5.0;
FRUT-PREP;10436.0;Tamarindo;TAMARINDO;272.0;3.1;0.4;54.0;1.0;6.0;0.44;0.16;2.1;7.0;;139.2;22.6;3.0;108.0;
FRUT-PREP;10437.0;Toronja;TORONJA;36.0;0.6;0.4;34.0;2.0;50.6;0.0;0.01;0.2;0.0;0.0;;89.8;0.3;16.0;
FRUT-PREP;10438.0;Tumbo costeño;TUMBO COSTENO;22.0;0.4;0.0;11.0;0.4;34.4;0.01;0.04;0.47;6.0;;;93.3;0.8;15.0;
FRUT-PREP;10439.0;Tumbo serrano (4);TUMBO SERRANO 4;64.0;1.2;0.5;8.0;0.6;66.7;0.02;0.11;4.56;159.0;;;82.1;3.6;34.0;
FRUT-PREP;10440.0;Tuna (2);TUNA 2;58.0;0.8;0.0;16.0;0.3;19.5;0.01;0.04;0.36;1.0;;;82.3;3.8;26.0;
FRUT-PREP;10441.0;Tuna colorada;TUNA COLORADA;58.0;0.6;0.0;39.0;0.2;25.5;0.01;0.04;0.42;0.0;;184.2;83.5;3.7;39.0;
FRUT-PREP;10442.0;Uva blanca;UVA BLANCA;43.0;0.3;0.2;5.0;0.8;1.4;0.03;0.03;0.11;4.0;1.8;184.2;87.8;0.4;20.0;
FRUT-PREP;10443.0;Uva borgoña;UVA BORGONA;82.0;0.9;0.3;18.0;1.1;4.7;0.01;0.13;0.32;13.0;1.8;;77.0;0.6;32.0;
FRUT-PREP;10444.0;Uva italia  (2);UVA ITALIA 2;66.0;0.4;0.1;19.0;0.5;2.8;0.03;0.1;0.24;3.0;;;81.1;0.4;28.0;
FRUT-PREP;10445.0;Uva negra (2);UVA NEGRA 2;67.0;0.2;0.1;6.0;2.2;2.2;0.05;0.04;0.15;0.0;;;81.2;0.3;20.0;
FRUT-PREP;10446.0;Uva quebranta;UVA QUEBRANTA;66.0;0.5;0.1;14.0;0.4;0.7;0.05;0.07;0.11;0.0;;3.5;81.4;0.5;11.0;
AZUC-DULC;10447.0;Azúcar granulada o refinada;AZUCAR GRANULADA O REFINADA;384.0;0.0;0.0;5.0;0.1;0.0;0.0;0.0;0.0;0.0;2.5;0.0;0.7;0.0;1.0;
AZUC-DULC;10448.0;Azúcar rubia;AZUCAR RUBIA;380.0;0.0;0.0;45.0;1.7;0.0;0.0;0.03;0.06;0.0;;;1.5;0.0;2.0;
AZUC-DULC;10449.0;Chancaca (x);CHANCACA X;324.0;0.0;0.0;46.0;3.2;0.0;0.0;0.11;0.08;0.0;;53.0;15.8;0.0;2.0;
AZUC-DULC;10450.0;Miel de abejas;MIEL DE ABEJAS;330.0;0.0;0.0;26.0;0.4;1.3;0.02;0.03;0.16;0.0;5.0;35.0;14.1;0.1;10.0;
AZUC-DULC;10451.0;Miel de caña;MIEL DE CANA;282.0;0.3;0.2;69.0;1.0;5.1;0.0;0.08;0.29;0.0;;32.0;26.3;0.4;43.0;
BEBIDAS;10452.0;Cerveza;CERVEZA;36.0;0.3;0.0;0.0;0.1;0.0;0.01;0.03;0.06;0.0;5.0;;94.5;0.0;15.0;
BEBIDAS;10453.0;Coca Cola;COCA COLA;39.0;0.0;0.0;0.0;0.0;0.0;0.0;0.0;0.0;0.0;;;89.5;0.2;0.0;
BEBIDAS;10454.0;Chicha de aguaje;CHICHA DE AGUAJE;54.0;0.4;0.8;14.0;0.4;0.0;0.01;0.0;0.11;171.0;;;87.2;1.5;4.0;
BEBIDAS;10455.0;Chicha de cebada;CHICHA DE CEBADA;24.0;0.1;0.2;10.0;1.1;0.0;0.01;0.03;0.0;0.0;;;94.0;0.0;1.0;
BEBIDAS;10456.0;Chicha de jora (x);CHICHA DE JORA X;28.0;0.4;0.3;22.0;1.8;2.4;0.02;0.1;0.2;0.0;;;93.2;0.2;18.0;
BEBIDAS;10457.0;Chicha de maíz morado;CHICHA DE MAIZ MORADO;20.0;0.0;0.0;24.0;1.3;1.9;0.0;0.1;0.04;0.0;;;95.0;0.0;4.0;
BEBIDAS;10458.0;Chicha de yuca. masato   (x);CHICHA DE YUCA MASATO X;37.0;0.2;0.1;11.0;0.6;4.2;0.03;0.1;0.19;0.0;;;90.4;0.0;14.0;
BEBIDAS;10459.0;Inca Kola;INCA KOLA;41.0;0.0;0.0;0.0;0.0;0.0;0.0;0.0;0.0;0.0;;;89.0;0.1;0.0;
BEBIDAS;10460.0;Leche de soya;LECHE DE SOYA;38.0;3.0;1.4;36.0;0.4;0.0;0.05;0.04;0.2;3.0;;83.0;91.4;0.0;30.0;
BEBIDAS;10461.0;Vino blanco (grado alcoholico: 12.0);VINO BLANCO GRADO ALCOHOLICO 12 0;114.0;0.0;0.0;0.0;0.0;0.0;0.0;0.0;0.0;0.0;5.0;113.0;0.0;0.0;0.0;
BEBIDAS;10462.0;Vino tinto  (grado alcoholico: 10.2);VINO TINTO GRADO ALCOHOLICO 10 2;94.0;0.0;0.0;0.0;0.0;0.0;0.0;0.0;0.0;0.0;5.0;;0.0;0.0;0.0;
MISCELANE;10463.0;Achiote seco;ACHIOTE SECO;334.0;6.6;4.6;120.0;5.6;7.0;0.09;0.19;1.7;61.0;;;5.6;14.5;116.0;
MISCELANE;10464.0;Algas;ALGAS;249.0;67.8;6.5;630.0;32.0;0.0;0.55;1.0;0.0;0.0;;;3.4;7.0;11.0;
MISCELANE;10465.0;Azafrán o Guizador;AZAFRAN O GUIZADOR;54.0;0.4;3.6;32.0;0.9;0.0;0.01;0.05;0.36;0.0;;;89.2;0.7;33.0;
MISCELANE;10466.0;Café grano sin tostar;CAFE GRANO SIN TOSTAR;203.0;11.7;0.8;120.0;2.9;;0.22;0.06;1.3;3.0;;;6.3;22.9;178.0;
MISCELANE;10467.0;Caldo de ave. tabletas;CALDO DE AVE TABLETAS;314.0;13.2;25.2;100.0;8.3;0.0;0.0;0.0;0.0;0.0;;;5.5;0.2;107.0;
MISCELANE;10468.0;Caldo de carne. tabletas;CALDO DE CARNE TABLETAS;283.0;5.8;24.7;89.0;5.5;0.0;0.03;0.12;0.0;0.0;;;4.8;0.0;142.0;
MISCELANE;10469.0;Cerelac manzana;CERELAC MANZANA;414.0;11.0;7.4;275.0;6.3;20.0;0.2;0.3;3.8;225.0;;;3.0;0.0;255.0;
MISCELANE;10470.0;Cerelac trigo;CERELAC TRIGO;425.0;11.5;7.8;275.0;6.3;20.0;0.2;0.3;3.8;225.0;;;1.5;0.0;225.0;
MISCELANE;10471.0;Chocolate simple con azúcar;CHOCOLATE SIMPLE CON AZUCAR;248.0;3.8;16.8;46.0;2.8;0.0;0.05;0.09;0.5;2.0;;;3.1;1.0;150.0;
MISCELANE;10472.0;Cochayuyo;COCHAYUYO;54.0;1.7;0.2;0.0;0.0;0.0;0.0;0.0;0.0;0.0;;;80.7;1.3;0.0;
MISCELANE;10473.0;Cocoa;COCOA;404.0;19.0;17.1;220.0;10.5;18.9;0.02;0.2;2.5;0.0;;;8.7;6.9;801.0;
MISCELANE;10474.0;Cominos;COMINOS;253.0;11.4;12.4;680.0;1.2;0.0;0.52;0.08;;;;;8.8;29.7;408.0;
MISCELANE;10475.0;Extracto de algarrobo en polvo;EXTRACTO DE ALGARROBO EN POLVO;340.0;12.0;3.2;450.0;6.6;0.0;0.18;0.29;2.5;0.0;;;12.5;1.8;617.0;
MISCELANE;10476.0;Laurel;LAUREL;151.0;5.2;7.0;673.0;5.4;30.0;0.04;0.15;;175.0;;;48.8;13.0;70.0;
MISCELANE;10477.0;Mermelada de durazno;MERMELADA DE DURAZNO;183.0;0.6;0.1;8.0;1.4;0.0;0.0;0.0;0.0;0.0;;;48.2;0.7;13.0;
MISCELANE;10478.0;Mermelada frutilla;MERMELADA FRUTILLA;214.0;0.4;0.2;40.0;1.2;0.0;0.0;0.0;0.0;0.0;0.0;0.0;39.7;0.8;13.0;
MISCELANE;10479.0;Nestúm cereal mixto;NESTUM CEREAL MIXTO;380.0;9.4;1.2;690.0;15.6;45.0;0.6;0.7;9.4;563.0;;;3.0;0.0;570.0;
MISCELANE;10480.0;Nestúm tres cerales;NESTUM TRES CERALES;376.0;10.7;2.4;690.0;14.7;45.0;0.6;0.7;9.4;563.0;;;4.0;0.0;570.0;
MISCELANE;10481.0;Pimienta negra;PIMIENTA NEGRA;360.0;8.4;8.0;333.0;12.6;0.0;0.03;0.06;;;;;6.9;9.6;126.0;
MISCELANE;10482.0;Salsa de tomate con carne;SALSA DE TOMATE CON CARNE;96.0;2.7;5.7;20.0;2.1;9.4;0.13;0.0;1.1;0.0;;;77.7;1.0;67.0;
MISCELANE;10483.0;Salsa de tomate concentrada;SALSA DE TOMATE CONCENTRADA;79.0;2.7;1.0;19.0;2.9;26.8;0.12;0.0;1.5;0.0;;;75.3;1.3;106.0;
MISCELANE;10484.0;Vinagre;VINAGRE;12.0;0.0;0.0;7.0;0.5;0.0;0.0;0.0;0.0;0.0;;;0.0;0.0;10.0;
MISCELANE;10485.0;Yuyos (2);YUYOS 2;41.0;2.1;0.1;225.0;10.6;0.0;0.03;0.21;0.37;86.0;;;86.1;0.5;49.0;
MISCELANE;10486.0;Trigo Salvado;TRIGO SALVADO;384.0;15.8;3.8;;;;;;;;530.0;256.0;4.0;10.0;254.0;
MISCELANE;10487.0;Corvina;CORVINA;124.0;20.2;0.7;2.7;;0.09;0.06;0.1;;;;;;75.1;;
MISCELANE;10491.0;Mantequilla Grasa de leche;MANTEQUILLA GRASA DE LECHE;716.0;0.6;81.2;;;;;;;;;;16.0;0.0;;
MISCELANE;10492.0;Mantequilla Grasa de leche, sin sal;MANTEQUILLA GRASA DE LECHE SIN SAL;737.0;1.0;83.4;;;;;;;;;;15.5;0.0;;
MISCELANE;10493.0;Margarina vegetal Bajo contenido de grasa, con sal;MARGARINA VEGETAL BAJO CONTENIDO DE GRASA CON SAL;510.0;0.5;57.4;;;;;;;;;;40.1;0.0;;
MISCELANE;10494.0;Azúcar Impalpable (con maizena 4%);AZUCAR IMPALPABLE CON MAIZENA 4;386.0;0.0;0.0;;;;;;;;;;0.2;0.0;;
MISCELANE;10495.0;Caramelo Duro, con saborizantes;CARAMELO DURO CON SABORIZANTES;384.0;0.0;0.0;;1.9;;;;;0.0;;;0.5;0.0;;
MISCELANE;10496.0;Caramelo Duro, relleno con licor saborizantes;CARAMELO DURO RELLENO CON LICOR SABORIZANTES;376.0;0.0;0.0;;;;;;;;;;2.5;0.0;;
MISCELANE;10497.0;Caramelo (e) Duro, relleno con chicle (goma base 6%);CARAMELO E DURO RELLENO CON CHICLE GOMA BASE 6;350.0;0.0;0.0;;;;;;;;;;2.0;0.0;;
MISCELANE;10498.0;Caramelo Blando, con grasa, gel y saborizantes;CARAMELO BLANDO CON GRASA GEL Y SABORIZANTES;404.0;1.4;4.8;;;;;;;;;;1.5;0.0;;
MISCELANE;10499.0;Chancaca En moldes;CHANCACA EN MOLDES;359.0;1.1;0.6;;;;;;;;;;5.9;0.0;;
MISCELANE;10500.0;Chicle globo (e) Con saboriznates (goma base 14%);CHICLE GLOBO E CON SABORIZNATES GOMA BASE 14;305.0;0.0;0.0;;;;;;;;;;2.5;0.0;;
MISCELANE;10501.0;Fruna Blando, con grasa, gel y saboriznates;FRUNA BLANDO CON GRASA GEL Y SABORIZNATES;392.0;1.2;3.5;;0.0;;;;;0.0;;;2.7;0.0;;
MISCELANE;10502.0;Goma de mascar (e) Pastilla, saborizada (goma base 20%);GOMA DE MASCAR E PASTILLA SABORIZADA GOMA BASE 20;286.0;0.0;0.0;;;;;;;;;;2.0;0.0;;
MISCELANE;10503.0;Goma de mascar (e) Barra, saborizada (goma base 23%);GOMA DE MASCAR E BARRA SABORIZADA GOMA BASE 23;286.0;0.0;0.0;;;;;;;;;;2.8;0.0;;
MISCELANE;10504.0;Jarabe Miel de Maíz (glucosa);JARABE MIEL DE MAIZ GLUCOSA;338.0;0.0;0.0;;;;;;;;;;12.5;0.0;;
MISCELANE;10505.0;Jarabe Miel de Maíz y chancaca;JARABE MIEL DE MAIZ Y CHANCACA;294.0;0.0;0.0;;;;;;;;;;23.0;0.0;;
MISCELANE;10506.0;Jarabe Miel de maiz y maple;JARABE MIEL DE MAIZ Y MAPLE;298.0;0.0;0.0;;;;;;;;;;22.5;0.0;;
MISCELANE;10507.0;Jarabe Miel de maiz y saborizantes;JARABE MIEL DE MAIZ Y SABORIZANTES;307.0;0.0;0.0;;;;;;;;;;20.5;0.0;;
MISCELANE;10508.0;Marshmelos Con gel y saborizantes;MARSHMELOS CON GEL Y SABORIZANTES;376.0;3.2;0.0;;;;;;;;;;2.7;0.0;;
MISCELANE;10509.0;Marshmelos Con gel y baño de chocolate;MARSHMELOS CON GEL Y BANO DE CHOCOLATE;412.0;5.4;12.2;;;;;;;;;;8.5;0.0;;
MISCELANE;10510.0;Mermelada De frutas;MERMELADA DE FRUTAS;286.0;0.4;0.2;;;;;;;;;;26.0;0.6;;
MISCELANE;10511.0;Miel de abejas Natural;MIEL DE ABEJAS NATURAL;296.0;0.3;0.0;;;;;;;;;;19.5;0.0;;
MISCELANE;10512.0;Miel de chancaca De caña de azúcar;MIEL DE CHANCACA DE CANA DE AZUCAR;277.0;0.2;0.0;;;;;;;;;;27.3;0.0;;
MISCELANE;10513.0;Toffee Blando, con grasa, gel y saborizantes;TOFFEE BLANDO CON GRASA GEL Y SABORIZANTES;400.0;1.8;4.5;;1.5;;;;;0.0;;;2.0;0.0;;
MISCELANE;10514.0;Toffee de leche Blando, con grasa y gel;TOFFEE DE LECHE BLANDO CON GRASA Y GEL;399.0;3.0;5.0;;1.5;;;;;0.0;;;2.5;0.0;;
MISCELANE;10515.0;Toffee de chocolate Blando, con leche, grasa, cocoa y gel;TOFFEE DE CHOCOLATE BLANDO CON LECHE GRASA COCOA Y GEL;403.0;4.2;6.5;;1.5;;;;;0.0;;;2.9;0.0;;
MISCELANE;10516.0;Crema volteada Con harina, gel y saborizantes;CREMA VOLTEADA CON HARINA GEL Y SABORIZANTES;385.0;3.5;0.3;;;;;;;;;;0.8;0.0;;
MISCELANE;10517.0;Flan Con gel y saborizantes;FLAN CON GEL Y SABORIZANTES;383.0;0.2;0.0;;0.1;;;;;0.0;;;0.3;0.0;;
MISCELANE;10518.0;Gelatina Con gel y saborizantes;GELATINA CON GEL Y SABORIZANTES;380.0;11.0;0.0;;;;;;;;;;1.9;0.0;;
MISCELANE;10519.0;Helado Con gel, almidón, grasa y cacos;HELADO CON GEL ALMIDON GRASA Y CACOS;419.0;3.4;8.8;;;;;;;;;;2.2;0.0;;
MISCELANE;10520.0;Helado de chocolate Con gel, almidón, grasa y cacos;HELADO DE CHOCOLATE CON GEL ALMIDON GRASA Y CACOS;417.0;5.9;8.2;;;;;;;;;;0.8;0.0;;
MISCELANE;10521.0;Mazamorra Con féculas y saborizantes;MAZAMORRA CON FECULAS Y SABORIZANTES;378.0;0.6;0.0;;;;;;;;;;2.2;0.0;;
MISCELANE;10522.0;Mazamorra morada Con harina de camote y sabonzante;MAZAMORRA MORADA CON HARINA DE CAMOTE Y SABONZANTE;352.0;0.3;0.0;;;;;;;;;;8.4;0.0;;
MISCELANE;10523.0;Pudín Con almidon de maíz y sabonzante;PUDIN CON ALMIDON DE MAIZ Y SABONZANTE;373.0;0.4;0.0;;;;;;;;;;2.9;0.0;;
MISCELANE;10524.0;Pudín de chocolate Con almidon de maíz y cocoa;PUDIN DE CHOCOLATE CON ALMIDON DE MAIZ Y COCOA;381.0;5.3;2.0;;;;;;;;;;2.7;0.0;;
MISCELANE;10525.0;Refresco En polvo, saborizante;REFRESCO EN POLVO SABORIZANTE;383.0;0.0;0.0;;;;;;;;;;0.5;0.0;;
MISCELANE;10526.0;Cerveza Blanca (alcohol 4%);CERVEZA BLANCA ALCOHOL 4;41.0;0.4;0.0;;0.1;;;;;0.0;;;96.4;0.0;;
MISCELANE;10527.0;Cerveza Negra (alcohol 4%);CERVEZA NEGRA ALCOHOL 4;49.0;0.5;0.0;;;;;;;;;;94.4;0.0;;
MISCELANE;10528.0;Cerveza Maltina (alcohol 4%);CERVEZA MALTINA ALCOHOL 4;65.0;0.5;0.0;;;;;;;;;;90.3;0.0;;
MISCELANE;10529.0;Pisco De uva (alcohol 42%);PISCO DE UVA ALCOHOL 42;291.0;0.0;0.0;;;;;;;;;;99.9;0.0;;
MISCELANE;10530.0;Vino Bianco (alcohol 11 %);VINO BIANCO ALCOHOL 11;99.0;0.0;0.0;;;;;;;;;;93.9;0.0;;
MISCELANE;10531.0;Vino Blanco semiseco (alcohol 12,5%);VINO BLANCO SEMISECO ALCOHOL 12 5;117.0;0.0;0.0;;;;;;;;;;91.7;0.0;;
MISCELANE;10532.0;Vino Tinto (alcohoi 10%);VINO TINTO ALCOHOI 10;92.0;0.0;0.0;;;;;;;;;;93.7;0.0;;
MISCELANE;10533.0;Vino Tinto seco (alcohol 12,5%);VINO TINTO SECO ALCOHOL 12 5;110.0;0.0;0.0;;;;;;;;;;93.8;0.0;;
MISCELANE;10534.0;Vino Tinto semiseco (alcohol 12%);VINO TINTO SEMISECO ALCOHOL 12;118.0;0.0;0.0;;;;;;;;;;90.7;0.0;;
MISCELANE;10535.0;Coca Coia Agua carbonatada, azúcar y saborizante;COCA COIA AGUA CARBONATADA AZUCAR Y SABORIZANTE;41.0;0.0;0.0;;;;;;;;;;89.3;0.0;;
MISCELANE;10536.0;Fanta Agua carbonatada, azúcar y saborizante;FANTA AGUA CARBONATADA AZUCAR Y SABORIZANTE;46.0;0.0;0.0;;0.0;;;;;;;;87.9;0.0;;
MISCELANE;10537.0;Inca Koia Agua carbonatada, azúcar y saborizante;INCA KOIA AGUA CARBONATADA AZUCAR Y SABORIZANTE;44.0;0.0;0.0;;;;;;;;;;88.4;0.0;;
MISCELANE;10538.0;Jugo de fruta Con azúcar;JUGO DE FRUTA CON AZUCAR;43.0;0.1;0.0;;;;;;;;;;88.8;0.0;;
MISCELANE;10539.0;Jugo de fruta Concentrado, pulpa con azúcar;JUGO DE FRUTA CONCENTRADO PULPA CON AZUCAR;173.0;0.4;0.2;;;;;;;;;;54.4;0.5;;
MISCELANE;10540.0;Néctar de fruta Pulpa y jugo, con agua y azúcar;NECTAR DE FRUTA PULPA Y JUGO CON AGUA Y AZUCAR;52.0;0.2;0.1;;;;;;;;;;86.1;0.3;;
MISCELANE;10541.0;Orange Crush Agua carbonada, azucar y saborizantes;ORANGE CRUSH AGUA CARBONADA AZUCAR Y SABORIZANTES;50.0;0.0;0.0;;;;;;;;;;86.7;0.0;;
MISCELANE;10542.0;Pepsi Cola Agua carbonada, azucar y saborizantes;PEPSI COLA AGUA CARBONADA AZUCAR Y SABORIZANTES;43.0;0.0;0.0;;;;;;;;;;88.9;0.0;;
MISCELANE;10543.0;Sprite Agua carbonada, azucar y saborizantes;SPRITE AGUA CARBONADA AZUCAR Y SABORIZANTES;39.0;0.0;0.0;;;;;;;;;;89.9;0.0;;
MISCELANE;10544.0;Twist Agua carbonada, azucar y saborizantes;TWIST AGUA CARBONADA AZUCAR Y SABORIZANTES;48.0;0.0;0.0;;;;;;;;;;87.3;0.0;;
MISCELANE;10545.0;Boliqueso De maíz, saborizado, con sal;BOLIQUESO DE MAIZ SABORIZADO CON SAL;476.0;7.3;19.2;;;;;;;;;;2.1;0.0;;
MISCELANE;10546.0;Camote En tajadas, fritas, con sal;CAMOTE EN TAJADAS FRITAS CON SAL;513.0;4.3;27.1;;;;;;;;;;2.8;1.7;;
MISCELANE;10547.0;Chicharrones Pellejo de chanco, con sal;CHICHARRONES PELLEJO DE CHANCO CON SAL;540.0;59.2;33.7;;;;;;;;;;2.1;0.0;;
MISCELANE;10548.0;Chicharrones De maíz, saborizado, con sal;CHICHARRONES DE MAIZ SABORIZADO CON SAL;491.0;9.2;24.9;;;;;;;;;;4.5;0.0;;
MISCELANE;10549.0;Chifles Tajadas de plátano frito, con sal;CHIFLES TAJADAS DE PLATANO FRITO CON SAL;518.0;2.0;30.0;;;;;;;;;;5.7;2.9;;
MISCELANE;10550.0;Chizitos De maíz, saborizado, con sal;CHIZITOS DE MAIZ SABORIZADO CON SAL;425.0;6.7;9.0;;0.4;;;;;42.0;;;2.5;0.0;;
MISCELANE;10551.0;Habas Fritas, con sal;HABAS FRITAS CON SAL;451.0;23.0;15.8;;;;;;;;;;2.8;0.3;;
MISCELANE;10552.0;Maní Tostado;MANI TOSTADO;612.0;24.7;46.5;;;;;;;;;;1.9;2.2;;
MISCELANE;10553.0;Maní Tostado, con sal;MANI TOSTADO CON SAL;607.0;31.8;48.1;;;;;;;;;;3.6;2.5;;
MISCELANE;10554.0;Maní Tostado, confitado;MANI TOSTADO CONFITADO;481.0;19.3;22.2;;;;;;;;;;4.7;1.9;;
MISCELANE;10555.0;Palitos De máiz, con ajonjolí y sal;PALITOS DE MAIZ CON AJONJOLI Y SAL;517.0;8.0;26.8;;;;;;;;;;1.8;0.0;;
MISCELANE;10556.0;Papas En tajadas fritas, con sal;PAPAS EN TAJADAS FRITAS CON SAL;567.0;5.5;38.2;;;;;;;;;;1.7;1.4;;
MISCELANE;10557.0;Pop Corn Máiz insuflado, con grasa y sal;POP CORN MAIZ INSUFLADO CON GRASA Y SAL;508.0;9.8;26.7;;0.5;;;;;12.1;;;2.6;0.6;;
MISCELANE;10558.0;Pop Corn Máiz insuflado, con grasa y confitado;POP CORN MAIZ INSUFLADO CON GRASA Y CONFITADO;498.0;7.2;22.8;;;;;;;;;;2.9;0.3;;
MISCELANE;10559.0;Tico Tico De máiz, saborizado y confitado;TICO TICO DE MAIZ SABORIZADO Y CONFITADO;386.0;4.8;0.3;;;;;;;;;;3.6;0.0;;
MISCELANE;10560.0;Tor Tees De máiz, en hojuelassaborizado y confitado;TOR TEES DE MAIZ EN HOJUELASSABORIZADO Y CONFITADO;526.0;7.7;27.5;;;;;;;;;;1.3;0.0;;
MISCELANE;10561.0;Bombones Rellenos con crema y saborizantes;BOMBONES RELLENOS CON CREMA Y SABORIZANTES;387.0;8.2;36.6;;;;;;;;;;4.1;0.8;;
MISCELANE;10562.0;Bombones Rellenos con licor y saborizantes;BOMBONES RELLENOS CON LICOR Y SABORIZANTES;316.0;7.1;28.4;;;;;;;;;;13.5;0.5;;
MISCELANE;10563.0;Bombones Rellenos con merengue;BOMBONES RELLENOS CON MERENGUE;279.0;4.6;21.0;;;;;;;;;;2.2;0.2;;
MISCELANE;10564.0;Bombones Rellenos con pasas;BOMBONES RELLENOS CON PASAS;325.0;8.0;27.5;;;;;;;;;;2.4;0.6;;
MISCELANE;10565.0;Cacao Pasta;CACAO PASTA;550.0;14.0;58.9;;;;;;;;;;0.8;3.0;;
MISCELANE;10566.0;Cacao Pasta, con azúcar;CACAO PASTA CON AZUCAR;408.0;12.2;39.1;;;;;;;;;;0.9;1.6;;
MISCELANE;10567.0;Chocolate Amargo sin azúcar;CHOCOLATE AMARGO SIN AZUCAR;362.0;6.2;32.8;;;;;;;;;;2.0;1.4;;
MISCELANE;10568.0;Chocolate Dulce;CHOCOLATE DULCE;343.0;5.9;29.9;;;;;;;;;;0.7;1.0;;
MISCELANE;10569.0;Chocolate Dulce, con leche;CHOCOLATE DULCE CON LECHE;353.0;8.1;31.1;;;;;;;;;;1.0;0.9;;
MISCELANE;10570.0;Chocolate Dulce, con leche y arroz crocante;CHOCOLATE DULCE CON LECHE Y ARROZ CROCANTE;357.0;7.8;31.9;;;;;;;;;;1.7;0.8;;
MISCELANE;10571.0;Chocolate Dulce, con leche y maní;CHOCOLATE DULCE CON LECHE Y MANI;384.0;12.0;35.7;;;;;;;;;;1.9;1.1;;
MISCELANE;10572.0;Chocolate Dulce, con leche y nueces;CHOCOLATE DULCE CON LECHE Y NUECES;373.0;8.0;34.3;;;;;;;;;;2.6;1.2;;
MISCELANE;10573.0;Chocolate Dulce, con leche y pasas;CHOCOLATE DULCE CON LECHE Y PASAS;365.0;7.5;33.2;;;;;;;;;;2.3;1.6;;
MISCELANE;10574.0;Chocolate Dulce, con leche avellans y almendras;CHOCOLATE DULCE CON LECHE AVELLANS Y ALMENDRAS;395.0;10.0;37.2;;;;;;;;;;1.1;1.6;;
MISCELANE;10575.0;Chocolate para taza Sin azúcar;CHOCOLATE PARA TAZA SIN AZUCAR;345.0;13.0;30.0;;;;;;;;;;2.6;1.3;;
MISCELANE;10576.0;Chocolate para taza Con azúcar y almidones;CHOCOLATE PARA TAZA CON AZUCAR Y ALMIDONES;272.0;5.4;19.8;;;;;;;;;;0.9;0.6;;
MISCELANE;10577.0;Chocolate para taza Con azúcar;CHOCOLATE PARA TAZA CON AZUCAR;295.0;5.2;23.0;;;;;;;;;;0.7;0.4;;
MISCELANE;10578.0;Cocoa En polvo, con azúcar;COCOA EN POLVO CON AZUCAR;172.0;17.5;5.2;;;;;;;;;;1.7;0.4;;
MISCELANE;10579.0;Cocoa En polvo, natural;COCOA EN POLVO NATURAL;195.0;24.0;9.2;;;;;;;;;;4.8;5.2;;
MISCELANE;10580.0;Cocoa En polvo, solubilizado;COCOA EN POLVO SOLUBILIZADO;229.0;24.3;15.0;;;;;;;;;;4.0;5.6;;
MISCELANE;10581.0;Crema de chocolate Dulce;CREMA DE CHOCOLATE DULCE;374.0;5.8;34.2;;;;;;;;;;0.7;1.0;;
MISCELANE;10582.0;Crema de chocolate Dulce, con avellanas;CREMA DE CHOCOLATE DULCE CON AVELLANAS;359.0;6.2;32.2;;;;;;;;;;1.5;1.2;;
MISCELANE;10583.0;Crema de chocolate Dulce, con maní;CREMA DE CHOCOLATE DULCE CON MANI;346.0;9.5;30.1;;;;;;;;;;1.2;1.2;;
MISCELANE;10584.0;Perdigones Maní con baño de chocolate;PERDIGONES MANI CON BANO DE CHOCOLATE;314.0;6.7;25.8;;;;;;;;;;1.5;1.0;;
MISCELANE;10585.0;Perdigones Pasas con baño de chocolate;PERDIGONES PASAS CON BANO DE CHOCOLATE;286.0;6.0;22.2;;;;;;;;;;2.9;0.4;;
MISCELANE;10586.0;Costilla Ahumada;COSTILLA AHUMADA;380.0;19.2;33.1;;;;;;;;;;42.2;0.0;;
MISCELANE;10587.0;Chuleta Ahumada;CHULETA AHUMADA;197.0;18.1;13.3;;;;;;;;;;65.4;0.0;;
MISCELANE;10588.0;Jamon Ahumado;JAMON AHUMADO;238.0;22.4;15.8;;;;;;;;;;59.3;0.0;;
MISCELANE;10589.0;Jamon Del pais;JAMON DEL PAIS;250.0;19.9;18.3;;;;;;;;;;59.5;0.0;;
MISCELANE;10590.0;"Jamon Tipo ""ingles""";JAMON TIPO INGLES;141.0;20.9;5.7;;;;;;;;;;70.1;0.0;;
MISCELANE;10591.0;Loma Ahumado;LOMA AHUMADO;238.0;22.4;15.8;;;;;;;;;;59.3;0.0;;
MISCELANE;10592.0;Loma Ahumado, de llama;LOMA AHUMADO DE LLAMA;101.0;19.9;1.8;;;;;;;;;;75.4;0.0;;
MISCELANE;10593.0;Tocino Ahumado;TOCINO AHUMADO;440.0;15.5;41.5;;;;;;;;;;38.6;0.0;;
MISCELANE;10594.0;Tocino;TOCINO;432.0;16.6;40.0;;;;;;;;;;38.9;0.0;;
MISCELANE;10595.0;Chicharron de prensa Carne de cabeza (55%) y grasa porcino;CHICHARRON DE PRENSA CARNE DE CABEZA 55 Y GRASA PORCINO;312.0;19.1;25.6;;;;;;;;;;52.6;0.0;;
MISCELANE;10596.0;Morcilla Carne, sangre, grasa procino con verdura;MORCILLA CARNE SANGRE GRASA PROCINO CON VERDURA;219.0;19.8;14.9;;;;;;;;;;62.7;0.0;;
MISCELANE;10597.0;Queso de chancho Carne de cabeza (80%), grasa y pellejo;QUESO DE CHANCHO CARNE DE CABEZA 80 GRASA Y PELLEJO;276.0;15.7;23.2;;;;;;;;;;58.3;0.0;;
MISCELANE;10598.0;Relleno Relleno y grasa porcino, con verduras;RELLENO RELLENO Y GRASA PORCINO CON VERDURAS;428.0;16.6;38.4;;;;;;;;;;40.6;0.5;;
MISCELANE;10599.0;Testa Carne de cabeza de procino;TESTA CARNE DE CABEZA DE PROCINO;269.0;20.3;20.2;;;;;;;;;;55.6;0.0;;
MISCELANE;10600.0;Cabanossi Carne y grasa de procino y condimentos;CABANOSSI CARNE Y GRASA DE PROCINO Y CONDIMENTOS;227.0;18.0;16.7;;;;;;;;;;62.4;0.0;;
MISCELANE;10601.0;Chorizo Carne y grasa de procino y condimentos;CHORIZO CARNE Y GRASA DE PROCINO Y CONDIMENTOS;376.0;15.2;34.5;;;;;;;;;;46.3;0.0;;
MISCELANE;10602.0;Chorizo Picante;CHORIZO PICANTE;391.0;14.8;34.1;;;;;;;;;;41.9;0.0;;
MISCELANE;10603.0;Chorizo Parrillero;CHORIZO PARRILLERO;314.0;16.1;27.2;;;;;;;;;;52.5;0.0;;
MISCELANE;10604.0;Chorizo Ahumado;CHORIZO AHUMADO;325.0;15.9;28.5;;;;;;;;;;52.2;0.0;;
MISCELANE;10605.0;Salame Carne y grasa de procino;SALAME CARNE Y GRASA DE PROCINO;340.0;18.3;29.0;;;;;;;;;;48.5;0.0;;
MISCELANE;10606.0;Salame Tipo italiano, salado;SALAME TIPO ITALIANO SALADO;466.0;26.1;39.3;;;;;;;;;;26.5;0.0;;
MISCELANE;10607.0;Salchicha de huacho Carne y grasa porcino y/o bovino;SALCHICHA DE HUACHO CARNE Y GRASA PORCINO Y O BOVINO;464.0;13.3;43.3;;;;;;;;;;35.0;0.0;;
MISCELANE;10608.0;GalatinaSalchicha de hu Carne y lengua de porcino;GALATINASALCHICHA DE HU CARNE Y LENGUA DE PORCINO;202.0;15.5;13.0;;;;;;;;;;63.5;0.0;;
MISCELANE;10609.0;Jamonada Carne y grasa porcino y/o bovino;JAMONADA CARNE Y GRASA PORCINO Y O BOVINO;256.0;14.2;19.9;;;;;;;;;;59.0;0.0;;
MISCELANE;10610.0;Jamonada Tipo Bologna;JAMONADA TIPO BOLOGNA;288.0;11.5;24.0;;;;;;;;;;56.0;0.0;;
MISCELANE;10611.0;Jamonada Tipo lyona;JAMONADA TIPO LYONA;241.0;12.8;19.0;;;;;;;;;;61.8;0.0;;
MISCELANE;10612.0;Jamonada Tipo Parissa;JAMONADA TIPO PARISSA;203.0;11.2;14.8;;;;;;;;;;65.0;0.0;;
MISCELANE;10613.0;Mortadela Carne y grasa porcino y/o bovino;MORTADELA CARNE Y GRASA PORCINO Y O BOVINO;273.0;11.4;23.8;;;;;;;;;;59.5;0.0;;
MISCELANE;10614.0;Mortadela De llama, con carne y grasa porcino;MORTADELA DE LLAMA CON CARNE Y GRASA PORCINO;186.0;13.0;11.6;;;;;;;;;;65.1;0.0;;
MISCELANE;10615.0;Pate Carne e higado de porcino;PATE CARNE E HIGADO DE PORCINO;378.0;14.5;35.0;;;;;;;;;;47.9;0.0;;
MISCELANE;10616.0;Pate Ahumado;PATE AHUMADO;426.0;15.8;39.8;;;;;;;;;;41.7;0.0;;
MISCELANE;10617.0;Pastel de jamonte Con verdura;PASTEL DE JAMONTE CON VERDURA;259.0;12.0;20.8;;;;;;;;;;58.9;0.0;;
MISCELANE;10618.0;Salchicha hot dog Carne, grasa porcino y condimentos;SALCHICHA HOT DOG CARNE GRASA PORCINO Y CONDIMENTOS;292.0;13.0;24.0;;;;;;;;;;55.2;0.0;;
MISCELANE;10619.0;Salchicha Tipo Viena;SALCHICHA TIPO VIENA;298.0;11.3;24.7;;;;;;;;;;54.7;0.0;;
MISCELANE;10620.0;Salchicha Tipo Viena, enlatada;SALCHICHA TIPO VIENA ENLATADA;342.0;9.5;32.5;;;;;;;;;;54.4;0.0;;
MISCELANE;10621.0;Salchicha Tipo Frankfurt;SALCHICHA TIPO FRANKFURT;327.0;13.5;29.9;;;;;;;;;;53.5;0.0;;
MISCELANE;10622.0;Salchicha Tipo Frankfurt, enlatada;SALCHICHA TIPO FRANKFURT ENLATADA;246.0;12.1;21.5;;;;;;;;;;64.8;0.0;;
MISCELANE;10623.0;Arroz Tostado, confitado (arrocillo);ARROZ TOSTADO CONFITADO ARROCILLO;402.0;6.2;1.8;;1.9;;;;;0.0;;;2.7;0.1;;
MISCELANE;10624.0;Avena Copos;AVENA COPOS;394.0;14.5;7.9;;;;;;;;;;8.6;1.5;;
MISCELANE;10625.0;Avena Hojuelas;AVENA HOJUELAS;404.0;12.5;9.1;;;;;;;;;;7.5;1.6;;
MISCELANE;10626.0;Avena Machacada;AVENA MACHACADA;400.0;11.4;9.3;;;;;;;;;;8.7;1.8;;
MISCELANE;10627.0;Cañihua Harina;CANIHUA HARINA;352.0;13.5;6.5;;;;;;;;;;11.4;6.0;;
MISCELANE;10628.0;Kiwicha Harina;KIWICHA HARINA;364.0;12.6;5.9;;;;;;;;;;11.6;2.8;;
MISCELANE;10629.0;Kiwicha Harina, tostada;KIWICHA HARINA TOSTADA;390.0;12.9;6.0;;;;;;;;;;5.4;2.7;;
MISCELANE;10630.0;Bizcocho Cubierto con azúcar;BIZCOCHO CUBIERTO CON AZUCAR;366.0;6.8;12.0;;1.0;;;;;0.0;;;22.6;0.2;;
MISCELANE;10631.0;Bizcocho Tostado en tajadas;BIZCOCHO TOSTADO EN TAJADAS;410.0;11.0;7.8;;;;;;;;;;4.9;0.6;;
MISCELANE;10632.0;Bizcocho Relleno con crema de chocolate;BIZCOCHO RELLENO CON CREMA DE CHOCOLATE;427.0;4.5;18.8;;;;;;;;;;14.2;0.2;;
MISCELANE;10633.0;Bizcocho Relleno con crema saborizada;BIZCOCHO RELLENO CON CREMA SABORIZADA;414.0;3.9;16.6;;;;;;;;;;14.9;0.2;;
MISCELANE;10634.0;Bizcocho Relleno con mermelada;BIZCOCHO RELLENO CON MERMELADA;358.0;5.9;8.6;;;;;;;;;;20.6;0.2;;
MISCELANE;10635.0;Chancay Con saborizantes;CHANCAY CON SABORIZANTES;343.0;7.4;6.4;;;;;;;;;;22.0;0.4;;
MISCELANE;10636.0;Panetón Con pasas y frutas confitada;PANETON CON PASAS Y FRUTAS CONFITADA;361.0;8.2;11.0;;;;;;;;;;22.4;0.6;;
MISCELANE;10637.0;Panetón popular Con pasas y frutas confitada;PANETON POPULAR CON PASAS Y FRUTAS CONFITADA;357.0;7.0;8.4;;;;;;;;;;20.3;0.4;;
MISCELANE;10638.0;Panetón popular Con cobertura de chocolate;PANETON POPULAR CON COBERTURA DE CHOCOLATE;425.0;8.5;18.2;;;;;;;;;;15.2;0.2;;
MISCELANE;10639.0;Pionono Relleno con chocolate;PIONONO RELLENO CON CHOCOLATE;323.0;9.2;1.8;;0.9;;;;;;;;21.3;0.1;;
MISCELANE;10640.0;Pionono Relleno con manjarblanco;PIONONO RELLENO CON MANJARBLANCO;311.0;7.7;1.4;;;;;;;;;;23.8;0.1;;
MISCELANE;10641.0;Pionono Relleno con mermelada;PIONONO RELLENO CON MERMELADA;320.0;8.0;2.0;;;;;;;;;;22.7;0.1;;
MISCELANE;10642.0;Queque Con saborizante;QUEQUE CON SABORIZANTE;361.0;6.9;11.3;;0.4;;;;;32.0;;;22.5;0.3;;
MISCELANE;10643.0;Queque Con pasas y/o frutas confitadas;QUEQUE CON PASAS Y O FRUTAS CONFITADAS;351.0;5.6;7.2;;;;;;;;;;20.5;0.4;;
MISCELANE;10644.0;Barquillo Para helados;BARQUILLO PARA HELADOS;398.0;10.8;3.0;;;;;;;;;;5.0;0.2;;
MISCELANE;10645.0;Barquimiel Barquillo con miel, para helados;BARQUIMIEL BARQUILLO CON MIEL PARA HELADOS;401.0;8.4;1.9;;;;;;;;;;3.6;0.2;;
MISCELANE;10646.0;Bizcotela Cubierto con azúcar en polvo;BIZCOTELA CUBIERTO CON AZUCAR EN POLVO;389.0;9.7;3.9;;;;;;;;;;8.0;0.3;;
MISCELANE;10647.0;Galletas cream cracker Salada;GALLETAS CREAM CRACKER SALADA;467.0;10.9;17.8;;;;;;;;;;1.9;0.4;;
MISCELANE;10648.0;Galletas de agua sin Sal;GALLETAS DE AGUA SIN SAL;401.0;11.4;5.2;;;;;;;;;;6.5;0.4;;
MISCELANE;10649.0;Galletas de avena Dulce, con harina de trigo;GALLETAS DE AVENA DULCE CON HARINA DE TRIGO;475.0;7.0;20.9;;;;;;;;;;4.2;0.7;;
MISCELANE;10650.0;Galletas de germen Dulce, de trigo;GALLETAS DE GERMEN DULCE DE TRIGO;451.0;11.1;14.2;;;;;;;;;;3.2;0.7;;
MISCELANE;10651.0;Galletas de gluten Dulce, de trigo;GALLETAS DE GLUTEN DULCE DE TRIGO;397.0;35.0;4.7;;;;;;;;;;6.0;0.0;;
MISCELANE;10652.0;Galletas de salvado Dulce, de trigo;GALLETAS DE SALVADO DULCE DE TRIGO;450.0;7.5;13.9;;;;;;;;;;2.8;2.1;;
MISCELANE;10653.0;Galletas de soda Salada;GALLETAS DE SODA SALADA;430.0;10.3;12.0;;;;;;;;;;4.8;0.5;;
MISCELANE;10654.0;Galletas de soya Dulce, con harina de trigo;GALLETAS DE SOYA DULCE CON HARINA DE TRIGO;468.0;12.0;16.9;;;;;;;;;;1.8;0.3;;
MISCELANE;10655.0;Galleta de vainilla Dulce, con saborizante;GALLETA DE VAINILLA DULCE CON SABORIZANTE;444.0;7.9;11.2;;;;;;;;;;2.3;0.5;;
MISCELANE;10656.0;Galleta dulce con cocoa;GALLETA DULCE CON COCOA;463.0;8.1;16.6;;;;;;;;;;2.5;0.6;;
MISCELANE;10657.0;Galleta dulce Con baño de chocolate;GALLETA DULCE CON BANO DE CHOCOLATE;494.0;6.9;23.9;;;;;;;;;;2.8;0.2;;
MISCELANE;10658.0;Galleta dulce Sin grasa (tipo chaplin);GALLETA DULCE SIN GRASA TIPO CHAPLIN;389.0;7.6;0.3;;;;;;;;;;4.6;0.9;;
MISCELANE;10659.0;Galleta dulce Rellena con crema saborizante;GALLETA DULCE RELLENA CON CREMA SABORIZANTE;465.0;6.6;17.6;;;;;;;;;;3.2;0.2;;
MISCELANE;10660.0;Galleta dulce Rellena con crema chocolate;GALLETA DULCE RELLENA CON CREMA CHOCOLATE;470.0;6.9;18.9;;;;;;;;;;3.1;0.2;;
MISCELANE;10661.0;Galleta para cóctel Con sal y saborizante;GALLETA PARA COCTEL CON SAL Y SABORIZANTE;491.0;8.8;25.4;;;;;;;;;;2.8;0.5;;
MISCELANE;10662.0;Galleta waffer Relleno con crema saborizada;GALLETA WAFFER RELLENO CON CREMA SABORIZADA;482.0;6.5;19.9;;;;;;;;;;2.2;0.1;;
MISCELANE;10663.0;Galleta waffer Relleno con crema de chocolate;GALLETA WAFFER RELLENO CON CREMA DE CHOCOLATE;533.0;6.9;32.5;;;;;;;;;;1.9;0.1;;
MISCELANE;10664.0;Pan Seco, molido;PAN SECO MOLIDO;406.0;11.0;2.8;;;;;;;;;;2.4;0.5;;
MISCELANE;10665.0;Pan Tipo chalaco;PAN TIPO CHALACO;327.0;8.7;6.2;;;;;;;;;;24.7;0.9;;
MISCELANE;10666.0;Pan Tipo francés;PAN TIPO FRANCES;294.0;10.1;0.6;;;;;;;;;;27.5;0.4;;
MISCELANE;10667.0;Pan Tipo hamburguesa o hot-dog;PAN TIPO HAMBURGUESA O HOT DOG;323.0;9.2;5.0;;;;;;;;;;24.0;0.5;;
MISCELANE;10668.0;Pan Tipo tolete;PAN TIPO TOLETE;325.0;11.3;2.9;;;;;;;;;;22.0;0.4;;
MISCELANE;10669.0;Pan de camote Con harina de trigo;PAN DE CAMOTE CON HARINA DE TRIGO;291.0;7.5;2.1;;;;;;;;;;29.5;0.7;;
MISCELANE;10670.0;Pan de gluten De trigo;PAN DE GLUTEN DE TRIGO;382.0;35.3;4.8;;;;;;;;;;9.7;0.3;;
MISCELANE;10671.0;Pan de molde Con leche;PAN DE MOLDE CON LECHE;317.0;10.0;5.1;;;;;;;;;;25.8;0.4;;
MISCELANE;10672.0;Pan de molde Tostada;PAN DE MOLDE TOSTADA;383.0;11.8;2.3;;;;;;;;;;7.5;0.6;;
MISCELANE;10673.0;Pan de soya Con harina de trigo;PAN DE SOYA CON HARINA DE TRIGO;310.0;12.1;5.9;;;;;;;;;;27.7;1.5;;
MISCELANE;10674.0;Pan de yema Con saborizante;PAN DE YEMA CON SABORIZANTE;307.0;7.0;4.4;;;;;;;;;;28.6;0.3;;
MISCELANE;10675.0;Pan integral De trigo;PAN INTEGRAL DE TRIGO;270.0;9.3;3.0;;;;;;;;;;34.9;1.3;;
MISCELANE;10676.0;Fideos Precocido, frito con aceite;FIDEOS PRECOCIDO FRITO CON ACEITE;441.0;10.9;19.5;;;;;;;;;;11.9;0.5;;
MISCELANE;10677.0;Fideos frescos Relleno con carne;FIDEOS FRESCOS RELLENO CON CARNE;267.0;19.0;3.5;;;;;;;;;;36.0;0.0;;
MISCELANE;10678.0;Fideos frescos Relleno con carne y verduras;FIDEOS FRESCOS RELLENO CON CARNE Y VERDURAS;227.0;12.0;2.7;;;;;;;;;;45.3;0.2;;
MISCELANE;10679.0;Fideos secos Rosca, largo, corto, pastina, bologna;FIDEOS SECOS ROSCA LARGO CORTO PASTINA BOLOGNA;364.0;10.9;0.5;;;;;;;;;;11.0;0.4;;
MISCELANE;10680.0;Fideos secos Enriquecido con hierro y vitaminas;FIDEOS SECOS ENRIQUECIDO CON HIERRO Y VITAMINAS;371.0;10.9;0.3;;;;;;;;;;9.3;0.3;;
MISCELANE;10681.0;Fideos secos Al huevo;FIDEOS SECOS AL HUEVO;374.0;12.6;2.5;;;;;;;;;;10.5;0.4;;
MISCELANE;10682.0;Fideos secos Al huevo con hierro y vitaminas;FIDEOS SECOS AL HUEVO CON HIERRO Y VITAMINAS;380.0;13.5;2.7;;;;;;;;;;9.1;0.5;;
MISCELANE;10683.0;Fideos secos De gluten;FIDEOS SECOS DE GLUTEN;370.0;18.5;4.2;;;;;;;;;;12.8;0.1;;
MISCELANE;10684.0;Ají de gallina Congelado;AJI DE GALLINA CONGELADO;124.0;8.7;7.3;;;;;;;;;;76.3;0.0;;
MISCELANE;10685.0;Arroz con pato Congelado;ARROZ CON PATO CONGELADO;193.0;7.3;6.4;;;;;;;;;;57.7;0.0;;
MISCELANE;10686.0;Arroz con pollo Con verduras, congelado;ARROZ CON POLLO CON VERDURAS CONGELADO;172.0;9.6;3.3;;;;;;;;;;59.1;0.0;;
MISCELANE;10687.0;Asado Congelado;ASADO CONGELADO;81.0;10.5;1.8;;;;;;;;;;80.6;0.0;;
MISCELANE;10688.0;Carapulcra Con carne de cerdo, congelado;CARAPULCRA CON CARNE DE CERDO CONGELADO;110.0;2.6;3.4;;;;;;;;;;74.9;0.3;;
MISCELANE;10689.0;Cau Cau De mondongo, congelado;CAU CAU DE MONDONGO CONGELADO;131.0;9.9;6.9;;;;;;;;;;74.4;0.0;;
MISCELANE;10690.0;Cau Cau De pollo, enlatado;CAU CAU DE POLLO ENLATADO;73.0;5.9;1.0;;;;;;;;;;81.6;0.0;;
MISCELANE;10691.0;Estofado de pollo Con papa y verduras, congelado;ESTOFADO DE POLLO CON PAPA Y VERDURAS CONGELADO;124.0;5.5;8.3;;;;;;;;;;77.1;0.0;;
MISCELANE;10692.0;Frijoles Con tocino, enlatado;FRIJOLES CON TOCINO ENLATADO;123.0;6.5;3.5;;;;;;;;;;71.7;0.4;;
MISCELANE;10693.0;Garbanzos Con carne de cerdo, enlatado;GARBANZOS CON CARNE DE CERDO ENLATADO;178.0;7.0;11.6;;;;;;;;;;68.4;0.3;;
MISCELANE;10694.0;Patita Con maní, congelado;PATITA CON MANI CONGELADO;141.0;8.2;6.3;;;;;;;;;;71.6;0.0;;
MISCELANE;10695.0;Seco de cordero Congelado;SECO DE CORDERO CONGELADO;147.0;4.9;9.2;;;;;;;;;;73.1;0.0;;
MISCELANE;10696.0;Seco de pollo Enlatado;SECO DE POLLO ENLATADO;130.0;8.3;5.4;;;;;;;;;;72.8;0.0;;
MISCELANE;10697.0;Tallarín Con carne, enlatado;TALLARIN CON CARNE ENLATADO;133.0;9.5;5.2;;;;;;;;;;71.5;0.0;;
MISCELANE;10698.0;Tallarín Con salsa tuco, congelado;TALLARIN CON SALSA TUCO CONGELADO;115.0;5.3;4.1;;;;;;;;;;75.2;0.0;;
MISCELANE;10699.0;Tamal Con carne de cerdo, maní y condimentos;TAMAL CON CARNE DE CERDO MANI Y CONDIMENTOS;143.0;9.3;9.1;;1.4;;;;;5.0;;;74.4;0.8;;
MISCELANE;10700.0;Tamal Con pollo, huevo, maní y aceituna;TAMAL CON POLLO HUEVO MANI Y ACEITUNA;163.0;5.1;8.2;;;;;;;;;;65.7;0.4;;
MISCELANE;10701.0;Crema de apio Con harina de trigo, leche y condimentos;CREMA DE APIO CON HARINA DE TRIGO LECHE Y CONDIMENTOS;362.0;9.6;6.8;;;;;;;;;;4.7;0.4;;
MISCELANE;10702.0;Crema de arvejas Con harina de trigo, leche y condimentos;CREMA DE ARVEJAS CON HARINA DE TRIGO LECHE Y CONDIMENTOS;379.0;17.5;11.5;;;;;;;;;;5.9;1.1;;
MISCELANE;10703.0;Crema de choclo Con harina de trigo, leche y condimentos;CREMA DE CHOCLO CON HARINA DE TRIGO LECHE Y CONDIMENTOS;376.0;10.7;8.9;;;;;;;;;;4.4;0.9;;
MISCELANE;10704.0;Crema de espárragos Con harina de trigo,leche y condimentos;CREMA DE ESPARRAGOS CON HARINA DE TRIGO LECHE Y CONDIMENTOS;366.0;13.0;10.0;;;;;;;;;;3.0;1.2;;
MISCELANE;10705.0;Crema de hongos Con harina de trigo, leche y condimentos;CREMA DE HONGOS CON HARINA DE TRIGO LECHE Y CONDIMENTOS;367.0;12.0;9.8;;;;;;;;;;4.6;1.0;;
MISCELANE;10706.0;Crema de tomate Con harina de trigo, leche y condimentos;CREMA DE TOMATE CON HARINA DE TRIGO LECHE Y CONDIMENTOS;340.0;8.2;4.0;;;;;;;;;;3.9;1.3;;
MISCELANE;10707.0;Sopa de carne Con fideos y condimentos;SOPA DE CARNE CON FIDEOS Y CONDIMENTOS;319.0;14.1;3.4;;;;;;;;;;4.2;0.3;;
MISCELANE;10708.0;Sopa de carne Con fideos verduras y condimentos;SOPA DE CARNE CON FIDEOS VERDURAS Y CONDIMENTOS;333.0;11.0;7.8;;;;;;;;;;9.4;1.0;;
MISCELANE;10709.0;Sopa de pescado Con arroz, sin sal;SOPA DE PESCADO CON ARROZ SIN SAL;431.0;41.0;11.4;;;;;;;;;;4.4;0.0;;
MISCELANE;10710.0;Sopa de pollo Con arroz, y condimentos;SOPA DE POLLO CON ARROZ Y CONDIMENTOS;338.0;10.2;6.5;;;;;;;;;;4.3;0.4;;
MISCELANE;10711.0;Sopa de pollo Con fideos, verduras  y condimentos;SOPA DE POLLO CON FIDEOS VERDURAS Y CONDIMENTOS;341.0;12.0;6.3;;;;;;;;;;4.2;0.2;;
MISCELANE;10712.0;Sopa de pollo Con sémola, verduras  y condimentos;SOPA DE POLLO CON SEMOLA VERDURAS Y CONDIMENTOS;346.0;11.0;8.3;;;;;;;;;;8.4;0.4;;
MISCELANE;10713.0;Crema de leche Espesa;CREMA DE LECHE ESPESA;341.0;2.5;36.5;;;;;;;;;;58.1;0.0;;
MISCELANE;10714.0;Crema de leche Rala;CREMA DE LECHE RALA;202.0;2.8;20.0;;;;;;;;;;73.0;0.0;;
MISCELANE;10715.0;Helado De crema con cocoa y frutas;HELADO DE CREMA CON COCOA Y FRUTAS;206.0;3.9;11.0;;;;;;;;;;60.2;0.0;;
MISCELANE;10716.0;Helado De crema con fruta;HELADO DE CREMA CON FRUTA;186.0;4.6;9.2;;;;;;;;;;63.2;0.0;;
MISCELANE;10717.0;Helado De crema y saborizantes;HELADO DE CREMA Y SABORIZANTES;202.0;4.3;10.3;;;;;;;;;;60.6;0.0;;
MISCELANE;10718.0;Helado De crema con mermelada, maní, chocolate;HELADO DE CREMA CON MERMELADA MANI CHOCOLATE;226.0;6.0;12.0;;;;;;;;;;56.3;0.0;;
MISCELANE;10719.0;Leche chocolatada Fluida, descremada, con cocoa;LECHE CHOCOLATADA FLUIDA DESCREMADA CON COCOA;66.0;3.0;0.2;;;;;;;;;;82.8;0.0;;
MISCELANE;10720.0;Leche chocolatada Fluida, entera, con cocoa;LECHE CHOCOLATADA FLUIDA ENTERA CON COCOA;89.0;3.4;2.9;;4.6;;;;;27.0;;;80.0;0.0;;
MISCELANE;10721.0;Leche chocolatada Polvo descremada, con cocoa;LECHE CHOCOLATADA POLVO DESCREMADA CON COCOA;366.0;30.6;0.7;;;;;;;;;;1.7;0.0;;
MISCELANE;10722.0;Leche chocolatada Polvo entera, con cocoa y azúcar;LECHE CHOCOLATADA POLVO ENTERA CON COCOA Y AZUCAR;406.0;9.3;6.8;;;;;;;;;;1.9;0.0;;
MISCELANE;10723.0;Leche chocolatada Entera, con azúcar;LECHE CHOCOLATADA ENTERA CON AZUCAR;352.0;8.2;8.0;;;;;;;;;;18.1;0.0;;
MISCELANE;10724.0;Leche condensada Semi descremada, con azúcar;LECHE CONDENSADA SEMI DESCREMADA CON AZUCAR;325.0;7.9;2.8;;;;;;;;;;18.4;0.0;;
MISCELANE;10725.0;Leche cultivada Natural;LECHE CULTIVADA NATURAL;72.0;6.5;2.3;;;;;;;;;;83.9;0.0;;
MISCELANE;10726.0;Leche cultivada Saborizada;LECHE CULTIVADA SABORIZADA;83.0;4.8;1.7;;;;;;;;;;80.1;0.0;;
MISCELANE;10727.0;Leche en polvo Descremada;LECHE EN POLVO DESCREMADA;362.0;34.6;0.6;;;;;;;;;;2.9;0.0;;
MISCELANE;10728.0;Leche en polvo Entera;LECHE EN POLVO ENTERA;505.0;27.0;28.0;;;;;;;;;;2.2;0.0;;
MISCELANE;10729.0;Leche evaporada Entera;LECHE EVAPORADA ENTERA;143.0;7.0;8.1;231.0;0.0;0.0;0.03;0.66;0.31;52.0;;;72.4;0.0;;
MISCELANE;10730.0;Leche evaporada Semi-descremada;LECHE EVAPORADA SEMI DESCREMADA;110.0;7.5;4.0;;;;;;;;;;75.5;0.0;;
MISCELANE;10731.0;Leche fresca Descremada;LECHE FRESCA DESCREMADA;27.0;4.1;0.1;;;;;;;;;;92.7;0.0;;
MISCELANE;10732.0;Leche fresca Entera, pasteurizada y homogenizada;LECHE FRESCA ENTERA PASTEURIZADA Y HOMOGENIZADA;61.0;3.2;3.1;;;;;;;;;;87.7;0.0;;
MISCELANE;10733.0;Leche recombinada Entera;LECHE RECOMBINADA ENTERA;60.0;3.3;3.2;;;;;;;;;;88.3;0.0;;
MISCELANE;10734.0;Manjarblanco Dulce de leche entera;MANJARBLANCO DULCE DE LECHE ENTERA;333.0;7.2;6.7;;;;;;;;;;21.4;0.0;;
MISCELANE;10735.0;Yogurt Frutado con azúcar;YOGURT FRUTADO CON AZUCAR;86.0;4.2;1.1;;;;;;;;;;78.3;0.0;;
MISCELANE;10736.0;Yogurt Natural;YOGURT NATURAL;58.0;4.4;1.9;;;;;;;;;;86.8;0.0;;
MISCELANE;10737.0;Yogurt Saborizado, con azúcar;YOGURT SABORIZADO CON AZUCAR;67.0;4.1;1.2;;;;;;;;;;83.5;0.0;;
MISCELANE;10738.0;Queso characato Semi duro, madurado;QUESO CHARACATO SEMI DURO MADURADO;448.0;22.6;37.3;;;;;;;;;;29.5;0.0;;
MISCELANE;10739.0;Queso crema Blando, no madurado;QUESO CREMA BLANDO NO MADURADO;297.0;9.8;28.8;;;;;;;;;;59.7;0.0;;
MISCELANE;10740.0;Queso cremoso Blando, para untar;QUESO CREMOSO BLANDO PARA UNTAR;220.0;16.0;17.0;;;;;;;;;;62.0;0.0;;
MISCELANE;10741.0;Queso fresco Blando, no madurado;QUESO FRESCO BLANDO NO MADURADO;225.0;15.9;16.8;;;;;;;;;;61.2;0.0;;
MISCELANE;10742.0;Queso fundido Para cortar;QUESO FUNDIDO PARA CORTAR;309.0;21.3;20.0;;;;;;;;;;42.5;0.0;;
MISCELANE;10743.0;Queso fundido Para untar;QUESO FUNDIDO PARA UNTAR;288.0;16.8;21.6;;;;;;;;;;51.2;0.0;;
MISCELANE;10744.0;Queso mantecoso Blando;QUESO MANTECOSO BLANDO;406.0;27.8;28.5;;;;;;;;;;30.0;0.0;;
MISCELANE;10745.0;Queso mozzarella Blando, no madurado;QUESO MOZZARELLA BLANDO NO MADURADO;282.0;21.0;19.8;;;;;;;;;;53.0;0.0;;
MISCELANE;10746.0;Queso rallado Duro, madurado;QUESO RALLADO DURO MADURADO;478.0;44.0;31.5;;;;;;;;;;14.3;0.0;;
MISCELANE;10747.0;Queso tipo cabaña Blando,no madurado,descremado;QUESO TIPO CABANA BLANDO NO MADURADO DESCREMADO;98.0;12.5;2.9;;;;;;;;;;79.0;0.0;;
MISCELANE;10748.0;Queso tipo cottage Blando,no madurado,descremado;QUESO TIPO COTTAGE BLANDO NO MADURADO DESCREMADO;65.0;12.5;0.9;;;;;;;;;;85.2;0.0;;
MISCELANE;10749.0;Queso tipo dambo Semi-duro,madurado,recubierto con cera;QUESO TIPO DAMBO SEMI DURO MADURADO RECUBIERTO CON CERA;359.0;21.9;30.0;;;;;;;;;;44.3;0.0;;
MISCELANE;10750.0;Queso tipo edam Semi-duro, madurado;QUESO TIPO EDAM SEMI DURO MADURADO;356.0;27.0;26.1;;;;;;;;;;40.0;0.0;;
MISCELANE;10751.0;Queso tipo Gouda Semi-duro, madurado;QUESO TIPO GOUDA SEMI DURO MADURADO;400.0;26.0;29.2;;;;;;;;;;32.8;0.0;;
MISCELANE;10752.0;Queso tipo Parmesano Duro, madurado, recubiero con cera;QUESO TIPO PARMESANO DURO MADURADO RECUBIERO CON CERA;437.0;37.0;30.0;;;;;;;;;;23.0;0.0;;
MISCELANE;10753.0;Queso tipo Ricotta Blando, no madurado, descremado;QUESO TIPO RICOTTA BLANDO NO MADURADO DESCREMADO;105.0;11.4;3.2;;;;;;;;;;77.5;0.0;;
MISCELANE;10754.0;Requesón Blando, sin sal;REQUESON BLANDO SIN SAL;79.0;12.5;2.9;;;;;;;;;;84.0;0.0;;
MISCELANE;10755.0;Al010 Con leche descremada;AL010 CON LECHE DESCREMADA;483.0;22.0;21.0;;;;;;;;;;2.0;0.0;;
MISCELANE;10756.0;Enfalac Con leche descremado;ENFALAC CON LECHE DESCREMADO;526.0;11.2;28.6;;;;;;;;;;1.9;0.0;;
MISCELANE;10757.0;Enfalac Con leche descremado (prematuros);ENFALAC CON LECHE DESCREMADO PREMATUROS;504.0;14.5;24.5;;;;;;;;;;1.6;0.0;;
MISCELANE;10758.0;Isomil (f) Con proteína aislada con soya;ISOMIL F CON PROTEINA AISLADA CON SOYA;517.0;15.5;27.3;;;;;;;;;;1.5;0.0;;
MISCELANE;10759.0;Milupa Con caseína, arroz, glucosa, almidón, maíz;MILUPA CON CASEINA ARROZ GLUCOSA ALMIDON MAIZ;415.0;17.0;8.2;;;;;;;;;;3.1;0.0;;
MISCELANE;10760.0;NAN Con leche entera;NAN CON LECHE ENTERA;507.0;12.8;26.1;;;;;;;;;;3.0;0.0;;
MISCELANE;10761.0;Nestogen Con leche descremada;NESTOGEN CON LECHE DESCREMADA;484.0;19.7;22.0;;;;;;;;;;1.8;0.0;;
MISCELANE;10762.0;Nido Con leche entera;NIDO CON LECHE ENTERA;501.0;26.0;27.0;;;;;;;;;;2.5;0.0;;
MISCELANE;10763.0;Pelargon Con leche descremada;PELARGON CON LECHE DESCREMADA;459.0;16.6;17.2;;;;;;;;;;3.0;0.0;;
MISCELANE;10764.0;S-26 Con leche descremada;S 26 CON LECHE DESCREMADA;523.0;12.0;28.0;;;;;;;;;;1.8;0.0;;
MISCELANE;10765.0;Similac Con leche descremada;SIMILAC CON LECHE DESCREMADA;521.0;11.5;28.0;;;;;;;;;;1.5;0.0;;
MISCELANE;10766.0;Arveja Harina;ARVEJA HARINA;357.0;24.8;1.5;;;;;;;;;;8.9;2.5;;
MISCELANE;10767.0;Arveja Harina, tostada;ARVEJA HARINA TOSTADA;366.0;20.1;1.9;;;;;;;;;;6.2;3.3;;
MISCELANE;10768.0;Arveja Seca, partida y glaseada;ARVEJA SECA PARTIDA Y GLASEADA;345.0;23.5;1.3;;;;;;;;;;11.0;1.5;;
MISCELANE;10769.0;Frijol Harina;FRIJOL HARINA;348.0;22.5;2.2;;;;;;;;;;10.2;5.1;;
MISCELANE;10770.0;Garbanzo Harina;GARBANZO HARINA;362.0;20.3;4.0;;;;;;;;;;9.5;3.3;;
MISCELANE;10771.0;Habas Harina;HABAS HARINA;345.0;23.3;1.6;;;;;;;;;;10.3;1.4;;
MISCELANE;10772.0;Habas Harina, tostada;HABAS HARINA TOSTADA;363.0;22.8;1.7;;;;;;;;;;8.7;3.0;;
MISCELANE;10773.0;Lupino (tarwi, chocho) Harina, desamargada;LUPINO TARWI CHOCHO HARINA DESAMARGADA;441.0;50.6;24.0;;;;;;;;;;7.2;7.1;;
MISCELANE;10774.0;Soya Harina, integral;SOYA HARINA INTEGRAL;431.0;32.5;22.3;;;;;;;;;;8.0;2.6;;
MISCELANE;10775.0;Soya Harina, desgrasada;SOYA HARINA DESGRASADA;336.0;48.5;3.0;;;;;;;;;;7.5;1.0;;
MISCELANE;10776.0;Soya Precocida, triturada, freasca;SOYA PRECOCIDA TRITURADA FREASCA;108.0;10.2;3.9;;;;;;;;;;75.0;0.8;;
MISCELANE;10777.0;Soya Proteína aislada;SOYA PROTEINA AISLADA;312.0;82.2;0.5;;;;;;;;;;7.7;0.5;;
MISCELANE;10778.0;Soya Proteína texturizada, seca;SOYA PROTEINA TEXTURIZADA SECA;324.0;51.6;0.2;;;;;;;;;;6.4;1.9;;
MISCELANE;10779.0;Filete de caballa En aceite y sal, enlatada;FILETE DE CABALLA EN ACEITE Y SAL ENLATADA;208.0;26.0;10.8;;;;;;;;;;61.0;0.0;;
MISCELANE;10780.0;Filete de coco Congelado;FILETE DE COCO CONGELADO;79.0;16.8;0.8;;;;;;;;;;81.2;0.0;;
MISCELANE;10781.0;Filete de congrio Congelado;FILETE DE CONGRIO CONGELADO;66.0;15.1;0.2;;;;;;;;;;83.8;0.0;;
MISCELANE;10782.0;Filete de merluza Congelado;FILETE DE MERLUZA CONGELADO;73.0;16.6;0.2;;;;;;;;;;81.9;0.0;;
MISCELANE;10783.0;Filete de toyo Congelado;FILETE DE TOYO CONGELADO;91.0;20.7;0.3;;;;;;;;;;77.8;0.0;;
MISCELANE;10784.0;jurel En aceite y sal, enlatada;JUREL EN ACEITE Y SAL ENLATADA;176.0;19.0;10.5;;;;;;;;;;68.8;0.0;;
MISCELANE;10785.0;Lomito de atún En aceite y sal, enlatada;LOMITO DE ATUN EN ACEITE Y SAL ENLATADA;238.0;24.5;14.8;;;;;;;;;;58.9;0.0;;
MISCELANE;10786.0;Pescado seco Tipo bacalao, can sal;PESCADO SECO TIPO BACALAO CAN SAL;285.0;65.0;0.8;;;;;;;;;;12.5;0.0;;
MISCELANE;10787.0;Sardina En aceite y sal, enlatada;SARDINA EN ACEITE Y SAL ENLATADA;232.0;19.1;16.7;;;;;;;;;;62.2;0.0;;
MISCELANE;10788.0;Sardina En salsa de tomate, enlatada;SARDINA EN SALSA DE TOMATE ENLATADA;127.0;17.8;5.7;;;;;;;;;;73.9;0.0;;
MISCELANE;10789.0;Sardina Filete, en aceite y sal, enlatada;SARDINA FILETE EN ACEITE Y SAL ENLATADA;225.0;26.6;12.4;;;;;;;;;;58.1;0.0;;
MISCELANE;10790.0;Sardina Grated, en aceite y sal, enlatada;SARDINA GRATED EN ACEITE Y SAL ENLATADA;226.0;24.3;13.5;;;;;;;;;;60.2;0.0;;
MISCELANE;10791.0;Sardina Grated, en agua y sal, enlatada;SARDINA GRATED EN AGUA Y SAL ENLATADA;141.0;22.0;5.2;;;;;;;;;;70.3;0.0;;
MISCELANE;10792.0;Ketchup Tomate, vinagre, azúcar y condimentos;KETCHUP TOMATE VINAGRE AZUCAR Y CONDIMENTOS;134.0;1.7;0.2;;;;;;;;;;63.5;0.2;;
MISCELANE;10793.0;Mayonesa Aceite, vinagre, huevo y condimentos;MAYONESA ACEITE VINAGRE HUEVO Y CONDIMENTOS;719.0;1.5;78.3;;;;;;;;;;16.0;0.0;;
MISCELANE;10794.0;Mostaza preparada Con vinagre, aceite, sal y condimentos;MOSTAZA PREPARADA CON VINAGRE ACEITE SAL Y CONDIMENTOS;102.0;5.7;6.9;;2.0;;;;;0.0;;;79.7;0.0;;
MISCELANE;10795.0;Pasta de tomate Concentrada;PASTA DE TOMATE CONCENTRADA;89.0;2.5;0.9;;;;;;;;;;75.0;1.4;;
MISCELANE;10796.0;Rocoto Molido, con sal;ROCOTO MOLIDO CON SAL;28.0;0.3;0.1;;;;;;;;;;82.7;0.3;;
MISCELANE;10797.0;Salsa inglesa Soya, vinagre, azúcar y condimentos;SALSA INGLESA SOYA VINAGRE AZUCAR Y CONDIMENTOS;100.0;1.4;0.3;;;;;;;;;;72.5;0.0;;
MISCELANE;10798.0;Salsa de tomate Con sal;SALSA DE TOMATE CON SAL;94.0;2.2;0.6;;;;;;;;;;74.0;0.8;;
MISCELANE;10799.0;Salsa de tomate Con aceite y sal;SALSA DE TOMATE CON ACEITE Y SAL;143.0;3.0;8.5;;;;;;;;;;72.3;0.6;;
MISCELANE;10800.0;Sillao De soya, con sal y melaza;SILLAO DE SOYA CON SAL Y MELAZA;48.0;7.8;0.2;;;;;;;;;;73.2;0.0;;
MISCELANE;10801.0;Sillao De soya y cereales, con sal y melaza;SILLAO DE SOYA Y CEREALES CON SAL Y MELAZA;65.0;2.4;0.3;;;;;;;;;;62.8;0.0;;
MISCELANE;10802.0;Tuco Tomate, carne, aceite, verduras y condimentos;TUCO TOMATE CARNE ACEITE VERDURAS Y CONDIMENTOS;131.0;5.4;9.5;;;;;;;;;;76.0;0.9;;
MISCELANE;10803.0;Casein Caseína en polvo;CASEIN CASEINA EN POLVO;388.0;90.0;1.2;;;;;;;;;;0.8;0.0;;
MISCELANE;10804.0;Casec Caseína en polvo;CASEC CASEINA EN POLVO;377.0;91.0;1.4;;;;;;;;;;3.0;0.0;;
MISCELANE;10805.0;Casilan Caseína en polvo;CASILAN CASEINA EN POLVO;377.0;90.2;1.8;;;;;;;;;;4.0;0.0;;
MISCELANE;10806.0;Cerelac arroz Polvo, con leche y azúcar, precocido;CERELAC ARROZ POLVO CON LECHE Y AZUCAR PRECOCIDO;414.0;15.8;7.4;;;;;;;;;;2.5;0.0;;
MISCELANE;10807.0;Cerelac manzana Polvo, con leche, harina trigo,azúcar,precocido;CERELAC MANZANA POLVO CON LECHE HARINA TRIGO AZUCAR PRECOCIDO;414.0;10.8;7.2;;;;;;;;;;2.6;0.0;;
MISCELANE;10808.0;Cerelac trigo Polvo, con leche y azúcar, precocido;CERELAC TRIGO POLVO CON LECHE Y AZUCAR PRECOCIDO;422.0;11.6;7.5;;;;;;;;;;1.6;0.0;;
MISCELANE;10809.0;Ceresoy Polvo con trigo, arroz, maíz y soya;CERESOY POLVO CON TRIGO ARROZ MAIZ Y SOYA;396.0;17.5;5.9;;;;;;;;;;5.7;2.3;;
MISCELANE;10810.0;Ensure Polvo con maíz, azúcar, soya y saborizantes;ENSURE POLVO CON MAIZ AZUCAR SOYA Y SABORIZANTES;450.0;16.0;15.8;;;;;;;;;;4.8;0.0;;
MISCELANE;10811.0;L-28 Polvo, leche descremada, azúcar  y saborizante;L 28 POLVO LECHE DESCREMADA AZUCAR Y SABORIZANTE;366.0;29.0;0.7;;;;;;;;;;2.7;0.0;;
MISCELANE;10812.0;Milo Polvo, con leche, cocoa y azúcar;MILO POLVO CON LECHE COCOA Y AZUCAR;416.0;12.5;9.5;;10.0;;;;;2400.0;;;3.0;0.0;;
MISCELANE;10813.0;Nescao Polvo, con leche descremada, azúcar y cocoa;NESCAO POLVO CON LECHE DESCREMADA AZUCAR Y COCOA;395.0;10.5;2.9;;;;;;;;;;1.6;0.0;;
MISCELANE;10814.0;Nestum arroz Polvo, con azúcar precocido;NESTUM ARROZ POLVO CON AZUCAR PRECOCIDO;376.0;6.5;0.7;;;;;;;;;;3.0;0.0;;
MISCELANE;10815.0;Nestum cereal mixto Polvo,trigo,arroz,cebada,avena,azúcar,precoci;NESTUM CEREAL MIXTO POLVO TRIGO ARROZ CEBADA AVENA AZUCAR PRECOCI;381.0;9.8;1.0;;;;;;;;;;2.0;1.5;;
MISCELANE;10816.0;Nestum 3 cereales Polvo,con trigo,avena,cebada,azúcar,precocido;NESTUM 3 CEREALES POLVO CON TRIGO AVENA CEBADA AZUCAR PRECOCIDO;379.0;11.0;2.3;;;;;;;;;;3.2;1.4;;
MISCELANE;10817.0;Nestum 5 cereales Polvo,con trigo,maíz,arroz,cebada,avena,azúcar;NESTUM 5 CEREALES POLVO CON TRIGO MAIZ ARROZ CEBADA AVENA AZUCAR;383.0;11.0;1.3;;;;;;;;;;3.1;1.6;;
MISCELANE;10818.0;Nursoy Polvo, con proteína aislada de soya, glucosa;NURSOY POLVO CON PROTEINA AISLADA DE SOYA GLUCOSA;517.0;16.3;27.0;;;;;;;;;;1.4;0.0;;
MISCELANE;10819.0;Nutramento Polvo, con leche entera, glucosa y saborizante;NUTRAMENTO POLVO CON LECHE ENTERA GLUCOSA Y SABORIZANTE;394.0;23.0;3.9;;;;;;;;;;2.2;0.0;;
MISCELANE;10820.0;Nutrivit Polvo, con leche descremada;NUTRIVIT POLVO CON LECHE DESCREMADA;360.0;38.3;0.8;;;;;;;;;;3.2;0.0;;
MISCELANE;10821.0;Prosobe Polvo, con extracto y aceite de soya, glucosa;PROSOBE POLVO CON EXTRACTO Y ACEITE DE SOYA GLUCOSA;520.0;15.5;28.0;;;;;;;;;;2.1;0.0;;
MISCELANE;10822.0;Protiban Polvo, con leche descremada y saborizante;PROTIBAN POLVO CON LECHE DESCREMADA Y SABORIZANTE;363.0;30.3;0.4;;;;;;;;;;2.4;0.0;;
MISCELANE;10823.0;P.V.M. Polvo, con leche descremada y saborizante;P V M POLVO CON LECHE DESCREMADA Y SABORIZANTE;359.0;30.5;0.9;;;;;;;;;;2.7;0.0;;
MISCELANE;10824.0;P.75 Polvo, con leche descremada y caseína y saborizante;P 75 POLVO CON LECHE DESCREMADA Y CASEINA Y SABORIZANTE;368.0;75.2;0.4;;;;;;;;;;4.5;0.0;;
MISCELANE;10825.0;Sustagen Polvo, con leche enetra y saborizante;SUSTAGEN POLVO CON LECHE ENETRA Y SABORIZANTE;389.0;23.5;3.3;;;;;;;;;;2.6;0.0;;
MISCELANE;10826.0;Sustagen Polvo, con leche descremada y saborizante;SUSTAGEN POLVO CON LECHE DESCREMADA Y SABORIZANTE;283.0;13.4;0.4;;;;;;;;;;2.0;0.0;;
MISCELANE;10827.0;Camote Fécula (almidón);CAMOTE FECULA ALMIDON;366.0;0.2;0.2;;;;;;;;;;8.9;0.2;;
MISCELANE;10828.0;Camote Harina;CAMOTE HARINA;359.0;1.6;0.8;;;;;;;;;;9.0;1.5;;
MISCELANE;10829.0;Papa (chuño) Helada y deshidratada;PAPA CHUNO HELADA Y DESHIDRATADA;329.0;2.4;0.2;;;;;;;;;;15.8;3.2;;
MISCELANE;10830.0;Papa Fécula (almidón de chuño);PAPA FECULA ALMIDON DE CHUNO;347.0;0.4;0.3;;;;;;;;;;13.8;0.1;;
MISCELANE;10831.0;Papa Hojuelas deshiudratada (para puré);PAPA HOJUELAS DESHIUDRATADA PARA PURE;357.0;6.6;1.2;;;;;;;;;;7.9;1.0;;
MISCELANE;10832.0;Papa Polvo deshidratada (para puré);PAPA POLVO DESHIDRATADA PARA PURE;362.0;7.4;0.5;;;;;;;;;;4.9;1.2;;
MISCELANE;10833.0;Papa Seca y partida;PAPA SECA Y PARTIDA;326.0;8.5;0.4;;;;;;;;;;13.9;1.5;;
MISCELANE;10834.0;Aceituna Botija, en salmuera;ACEITUNA BOTIJA EN SALMUERA;294.0;1.8;30.2;;;;;;;;;;57.9;1.4;;
MISCELANE;10835.0;Aceituna Verde, en salmuera;ACEITUNA VERDE EN SALMUERA;219.0;1.5;22.5;;;;;;;;;;68.2;1.5;;
MISCELANE;10836.0;Café Tostado, molido;CAFE TOSTADO MOLIDO;452.0;14.5;15.4;;;;;;;;;;1.3;7.8;;
MISCELANE;10837.0;Café En polvo, soluble;CAFE EN POLVO SOLUBLE;364.0;18.6;1.6;;;;;;;;;;2.2;0.4;;
MISCELANE;10838.0;Café En polvo, con azúcar, soluble;CAFE EN POLVO CON AZUCAR SOLUBLE;372.0;14.6;2.9;;;;;;;;;;3.0;0.3;;
MISCELANE;10839.0;Caldo de carne Cubos,extracto,harina,grasa y ccondimentos;CALDO DE CARNE CUBOS EXTRACTO HARINA GRASA Y CCONDIMENTOS;270.0;12.8;20.7;;;;;;;;;;3.5;1.0;;
MISCELANE;10840.0;Caldo de gallina Cubos,extracto,harina,grasa y condimentos;CALDO DE GALLINA CUBOS EXTRACTO HARINA GRASA Y CONDIMENTOS;286.0;11.0;21.9;;;;;;;;;;3.6;0.5;;
MISCELANE;10841.0;Caldo de pollo Cubos,extracto,harina,grasa y condimentos;CALDO DE POLLO CUBOS EXTRACTO HARINA GRASA Y CONDIMENTOS;294.0;14.0;22.5;;;;;;;;;;2.9;0.9;;
MISCELANE;10842.0;Caldo vegetal De soya;CALDO VEGETAL DE SOYA;252.0;27.7;8.6;;;;;;;;;;44.7;0.0;;
MISCELANE;10843.0;Coco Seco, rallado;COCO SECO RALLADO;697.0;6.1;62.6;;;;;;;;;;2.1;7.1;;
MISCELANE;10844.0;Crema (muss) grasa, azúcar y saborizantes;CREMA MUSS GRASA AZUCAR Y SABORIZANTES;558.0;7.0;34.0;;;;;;;;;;1.6;0.0;;
MISCELANE;10845.0;Helado de agua (chupete Agua,azúcar y saborizante,congelado;HELADO DE AGUA CHUPETE AGUA AZUCAR Y SABORIZANTE CONGELADO;70.0;0.0;0.0;;0.1;;;;;0.0;;;81.9;0.0;;
MISCELANE;10846.0;Hongos Secos;HONGOS SECOS;368.0;18.8;4.5;;;;;;;;;;4.8;12.7;;
MISCELANE;10847.0;Langostinos Secos;LANGOSTINOS SECOS;388.0;86.7;3.9;;;;;;;;;;3.8;0.0;;
MISCELANE;10848.0;Leche chocolatada;LECHE CHOCOLATADA;75.0;3.3;2.3;;;;;;;;;;;;;
MISCELANE;10849.0;Queso Fundido pasteurizado;QUESO FUNDIDO PASTEURIZADO;356.0;26.4;26.8;;;;;;;;;;;;;
MISCELANE;10850.0;Queso Parmesano rallado;QUESO PARMESANO RALLADO;450.0;40.0;30.0;;;;;;;;;;;;;
MISCELANE;10851.0;Queso Mantecoso;QUESO MANTECOSO;397.0;28.0;30.0;;;;;;;;;;;;;
MISCELANE;10852.0;Queso Requesón;QUESO REQUESON;93.0;13.0;3.0;;;;;;;;;;;;;
MISCELANE;10853.0;Queso Fresco de cabra;QUESO FRESCO DE CABRA;173.0;16.3;10.3;;;;;;;;;;;;;
MISCELANE;10854.0;Yogurt natural;YOGURT NATURAL;66.0;3.9;3.0;;;;;;;;;;;;;
MISCELANE;10855.0;Yogurt sabor fresa;YOGURT SABOR FRESA;67.0;3.4;3.0;;;;;;;;;;;;;
MISCELANE;10856.0;Pollo Entero c/menudencia;POLLO ENTERO C MENUDENCIA;120.0;20.6;3.6;;;;;;;;;;;;;
MISCELANE;10857.0;Pollo Pierna;POLLO PIERNA;108.0;19.2;2.9;;;;;;;;;;;;;
MISCELANE;10858.0;Pollo Pierna con encuentro;POLLO PIERNA CON ENCUENTRO;120.0;20.6;3.7;;;;;;;;;;;;;
MISCELANE;10859.0;Pollo Pechuga;POLLO PECHUGA;108.0;19.2;2.9;;;;;;;;;;;;;
MISCELANE;10860.0;Pollo Espinazo;POLLO ESPINAZO;107.0;19.3;2.8;;;;;;;;;;;;;
MISCELANE;10861.0;Pollo Rabadilla;POLLO RABADILLA;108.0;19.2;2.9;;;;;;;;;;;;;
MISCELANE;10862.0;Pollo Ala;POLLO ALA;120.0;20.6;3.6;;;;;;;;;;;;;
MISCELANE;10863.0;Pollo Cabeza y pescuezo;POLLO CABEZA Y PESCUEZO;121.0;20.5;3.7;;;;;;;;;;;;;
MISCELANE;10864.0;Pollo Pata;POLLO PATA;122.0;20.4;3.5;;;;;;;;;;;;;
MISCELANE;10865.0;Pollo Higado;POLLO HIGADO;133.0;19.6;4.6;;;;;;;;;;;;;
MISCELANE;10866.0;Pollo Molleja;POLLO MOLLEJA;134.0;19.7;4.5;;;;;;;;;;;;;
MISCELANE;10867.0;Pollo Corazón;POLLO CORAZON;129.0;19.3;4.3;;;;;;;;;;;;;
MISCELANE;10868.0;Menudencia de pollo picada;MENUDENCIA DE POLLO PICADA;135.0;19.8;4.7;;;;;;;;;;;;;
MISCELANE;10869.0;Cerdo (Chuleta) Con hueso;CERDO CHULETA CON HUESO;198.0;14.4;15.1;;;;;;;;;;;;;
MISCELANE;10870.0;Cerdo (Chuleta) Sin hueso;CERDO CHULETA SIN HUESO;270.0;13.1;15.1;;;;;;;;;;;;;
MISCELANE;10871.0;Cerdo (Chuleta) Pulpa;CERDO CHULETA PULPA;199.0;14.4;15.1;;;;;;;;;;;;;
MISCELANE;10872.0;Cerdo (Chuleta) Pellejo;CERDO CHULETA PELLEJO;490.0;13.5;47.9;;;;;;;;;;;;;
MISCELANE;10873.0;Cerdo (Chuleta) Pata;CERDO CHULETA PATA;286.0;20.2;22.0;;;;;;;;;;;;;
MISCELANE;10874.0;Baguetino pequeño;BAGUETINO PEQUENO;290.0;7.5;0.0;;;;;;;;;;;;;
MISCELANE;10875.0;Crisinos;CRISINOS;335.0;9.1;0.0;;;;;;;;;;;;;
MISCELANE;10876.0;Francés;FRANCES;290.0;7.5;0.0;;;;;;;;;;;;;
MISCELANE;10877.0;Molde;MOLDE;330.0;5.0;5.0;;;;;;;;;;;;;
MISCELANE;10878.0;Serrano;SERRANO;303.0;7.5;0.0;;;;;;;;;;;;;
MISCELANE;10879.0;Tolete;TOLETE;334.0;8.6;0.0;;;;;;;;;;;;;
MISCELANE;10880.0;Rosquitas;ROSQUITAS;338.0;50.0;0.0;;;;;;;;;;;;;
MISCELANE;10881.0;Galleta de soda;GALLETA DE SODA;443.0;10.0;15.0;;;;;;;;;;;;;
MISCELANE;10882.0;Galleta de vainilla;GALLETA DE VAINILLA;438.0;5.0;12.5;;;;;;;;;;;;;
MISCELANE;10883.0;Pastas Entrefino;PASTAS ENTREFINO;360.0;9.0;0.0;;;;;;;;;;;;;
MISCELANE;10884.0;Pastas Letras;PASTAS LETRAS;363.0;12.5;0.0;;;;;;;;;;;;;
MISCELANE;10885.0;Pastas Municiones;PASTAS MUNICIONES;360.0;9.6;0.4;;;;;;;;;;;;;
MISCELANE;10886.0;Tallarín N. 40;TALLARIN N 40;324.0;9.5;0.1;;;;;;;;;;;;;
MISCELANE;10887.0;Papilla PACFO;PAPILLA PACFO;441.4;15.687;15.721;499.95;11.11;111.1;0.555;0.555;5.555;444.4;;;;;333.3;
MISCELANE;10888.0;Pollo Entero s/menudencia;POLLO ENTERO S MENUDENCIA;120.0;20.6;3.6;;;;;;;;;;;;;
MISCELANE;10889.0;Carne de Cerdo con hueso;CARNE DE CERDO CON HUESO;99.0;7.2;7.0;6.0;0.7;0.0;0.45;0.8;2.6;0.0;;;69.2;0.0;238.0;
