archivo;opcion;ventana
02-mnuProductosVariantesYEmpaques.png;mnuProductosVariantesYEmpaques;FormCatalogo
03-mnuProveedoresYPrecios.png;mnuProveedoresYPrecios;FormProveedores
04-mnuImportarCatalogo.png;mnuImportarCatalogo;FormImportacion
05-mnuRecetas.png;mnuRecetas;FormRecetas
06-mnuMinutasYNecesidades.png;mnuMinutasYNecesidades;FormMinutas
07-mnuServiciosYEstructuras.png;mnuServiciosYEstructuras;FormServicios
08-mnuImportarRecetas.png;mnuImportarRecetas;FormImportacion
09-mnuProduccion.png;mnuProduccion;FormProduccion
10-mnuPrevisionYPedidos.png;mnuPrevisionYPedidos;FormCompras
11-mnuConsolidadoDeComprasTodasLasOperaciones.png;mnuConsolidadoDeComprasTodasLasOperaciones;FormConsolidado
12-mnuStockEInventarioInicial.png;mnuStockEInventarioInicial;FormStock
13-mnuInventarioFisico.png;mnuInventarioFisico;FormInventarios
14-mnuPendientesCierresYFoodCost.png;mnuPendientesCierresYFoodCost;FormCierres
15-mnuContratosYClientes.png;mnuContratosYClientes;FormContratos
16-mnuGastosYResultadoMensual.png;mnuGastosYResultadoMensual;FormResultados
17-mnuUsuariosYRoles.png;mnuUsuariosYRoles;FormUsuarios
18-mnuMatrizDeAcceso.png;mnuMatrizDeAcceso;FormMatrizAcceso
19-mnuOperacionesYAlmacenes.png;mnuOperacionesYAlmacenes;FormOperaciones
20-mnuAuditoria.png;mnuAuditoria;FormAuditoria
21-mnuCargaDeDatosReales.png;mnuCargaDeDatosReales;FormCargaReal
22-mnuSincronizacionYRespaldoTI.png;mnuSincronizacionYRespaldoTI;DialogoCampos
