variante_codigo;descripcion_comercial;contenido_correcto;motivo
SGP00003;LECHE CONDENSADA GLORIA 393 GR;0.393;medida del nombre
SGP00005;ATUN TROZOS FLORIDA 140 GR;0.14;medida del nombre
SGP00028;FIDEO TORNILLO DON VITTORIO 250/225 GR;0.225;medida del nombre (segundo peso: el vigente)
SGP00034;FIDEO SPAGUETTI NICOLINI 500/450 GR;0.45;medida del nombre (segundo peso: el vigente)
SGP00037;FIDEO CODO RAYADO DON VITTORIO 250/225 GR;0.225;medida del nombre (segundo peso: el vigente)
SGP00040;FIDEO CANUTO CHICO DON VITTORIO 250/235 GR;0.235;medida del nombre (segundo peso: el vigente)
SGP00089;ACHOCOLATADO NESQUICK NESTLE 380 GR (EMER);0.38;medida del nombre
SGP00157;SALSA OSTION LEE KUN KEE 510/480 GR;0.48;medida del nombre (segundo peso: el vigente)
SGP00166;SALSA MENSI KIKKO 350 ML PET;0.35;medida del nombre
SGP00167;SALSA TAMARINDO KIKKO 350 ML;0.35;medida del nombre
SGP00216;MAZAMORRA MORADA UNIVERSAL 200/150 GR;0.15;medida del nombre (segundo peso: el vigente)
SGP00385;PAPA SECA LA SERRANITA 3 KG;3;medida del nombre
SGP00397;PAPA SECA KOMILON 500 GR;0.5;medida del nombre
SGP00513;CHOCOLATE PARA TAZA CUZCO REAL 90/80 GR;0.08;medida del nombre (segundo peso: el vigente)
SGP00801;COCKTAIL DE FRUTAS ACONCAGUA 820/822 GR;0.822;medida del nombre (segundo peso: el vigente)
SGP00802;PIÑA EN RODAJAS FANNY 567 GR;0.567;medida del nombre
SGP00828;CEREZA MARRASQUINO ROJO SANTIS 283 GR;0.283;medida del nombre
SGP00840;PAPRIKA TOÑA 500 GR;0.5;medida del nombre
SGP00929;COBERTURA CHOCOLATE BLANCO 600 GR;0.6;medida del nombre
SGP00935;CREMA DE LECHE GLORIA 946 CC;0.946;medida del nombre
SGP00948;GELATINA DE NARANJA UNIVERSAL 150 GR/130 GR;0.13;medida del nombre (segundo peso: el vigente)
SGP01020;GELATINA DE FRESA UNIVERSAL 150 GR/130 GR;0.13;medida del nombre (segundo peso: el vigente)
SGP01035;GELATINA DE PIÑA UNIVERSAL 150 GR/130 GR;0.13;medida del nombre (segundo peso: el vigente)
SGP01117;PASAS MORENAS VALLE ALTO 100 / 90 GR;0.09;medida del nombre (segundo peso: el vigente)
SGP01352;ALCOHOL GEL X 1100 ML TAPA PUMP-NEX;1.1;medida del nombre
SGP01568;SILICONA PARA AUTO SAPOLIO 360 CC;0.36;medida del nombre
SGP01571;DETERGENTE SAPOLIO DE 13.5 KG;13.5;medida del nombre
SGP01572;CERA AL AGUA SAPOLIO 3.785 LT;3.785;medida del nombre
SGP01775;POLLO SIN MENUDENCIA CONGELADO RANGO 1.52 KG;1;"carne: se compra por kilo; el peso del nombre solo describe la presentacion"
SGP02129;MARGARINA SELLO DE ORO POTE 190 GR (EMER);0.19;medida del nombre
