ingrediente;unidad;lineas_de_receta
AGUA PARA RECETA;L;604
AJO MOLIDO ENVASADO;KG;106
LECHUGA AMERICANA REFRIGERADO;KG;59
BASE CRIOLLA;KG;46
POLLO SIN MENUDENCIA CONGELADO 1.68 KG;KG;46
PECHUGA DE POLLO S/HUESO S/PIEL CONGELADO;KG;40
BASE DE TOMATE;KG;30
AJI PANCA MOLIDO ENVASADO;KG;22
BASE AMARILLA;KG;21
MOLINOS PAN FRANCES 35 GR;UND;21
COLIFLOR 20-40 CONGELADO;KG;17
ARROZ EXTRA NIR;KG;15
GALLINA ENTERA CON MENUDENCIA CONGELADO IMPORTADO;KG;15
POLLO PECHUGA FILETE SIN PIEL CONGELADO;KG;12
ACEITUNA NEGRA;KG;11
PALTA FUERTE REFRIGERADO;KG;10
NUEZ MOSCADA;KG;9
TOCINO AHUMADO REFRIGERADO;KG;9
BASE VERDE;KG;8
PAN DE MOLDE BLANCO SUPER PULLMAN C/CORT VERT;UND;8
AJI AMARILLO MOLIDO ENVASADO;KG;7
MARACUYA ENTERA REFRIGERADO;KG;7
YUCA AMARILLA REFRIGERADO;KG;7
ANIS FILTRANTE;UND;6
MANZANA DELICIA REFRIGERADO;KG;6
PASTIPAN PAN DE YEMA;UND;6
ANIS FILTRANTE (KG);KG;5
BASE NEUTRA;KG;5
CHAMPIGÑONES REFRIGERADO;KG;5
PAN FRANCES MEDIANO;UND;5
BERENJENA REFRIGERADA;KG;4
SALSA DE OSTION;L;4
CAFE PARA PASAR MOLIDO;KG;3
CERDO PIERNA SIN PIEL Y SIN HUESO REFRIGERADO;KG;3
CHANCACA;KG;3
JUGO DE NARANJA;L;3
MOLINOS PAN ARABE 60 GR;UND;3
PASTIPAN PAN DE HAMBURGUESA;UND;3
BASE NORTEÑA;KG;2
CALABAZA REFRIGERADO;KG;2
CEDRON REFRIGERADO;KG;2
FIDEO FETUCCINI;KG;2
MANGO EDWARD REFRIGERADO;KG;2
N/U POLLO PECHUGA CON HUESO Y PIEL REFRIGERADO;KG;2
PAC CHOY REFRIGERADO;KG;2
PANCETA CON HUESO Y SIN PIEL 3 TIRAS CONGELADO;KG;2
QUESO CREMA;KG;2
RES NALGA DE ADENTRO S/TAPA CONGELADO NACIONAL;KG;2
SALCHICHA HUACHANA REFRIGERADO;KG;2
WANTAN REFRIGERADO;KG;2
AJI PANCA;KG;1
ALCACHOFA CORAZON REFRIGERADO;KG;1
ALGARROBINA;L;1
BASE ORIENTAL;KG;1
BLEND DE DURAZNO QUIMTIA;L;1
BLEND DE FRESA QUIMTIA;L;1
BLEND DE FRUTOS ROJOS QUIMTIA;L;1
BLEND DE GUANABANA QUIMTIA;L;1
BLEND DE NARANJA QUIMTIA;L;1
CARAMBOLA REFRIGERADO;KG;1
CEREAL ANGEL FIBRA;KG;1
CEREAL ANGEL SHAPE;KG;1
CHOCLO AMARILLO;KG;1
CHOCOLATE BARRA CON MANI 32 GR;UND;1
CHOCOLATE DE TAZA KG.;KG;1
CHORIZO;KG;1
COCA COLA 3 LT;L;1
COCONA REFRIGERADO;KG;1
COLA DE CABALLO REFRIGERADO;KG;1
CONCENTRADO DE DURAZNO;L;1
CONCENTRADO DE GUANABANA;L;1
CONCENTRADO DE MEMBRILLO X 1 LT;KG;1
FRIJOL BAYO;KG;1
FRIJOL NEGRO;KG;1
HUACATAY REFRIGERADO (L);L;1
JAMON DE POLLO REFRIGERADO;KG;1
LECHE FRESCA UHT NORMAL;L;1
LOMO AHUMADO CONGELADO 500 GR;KG;1
MANTEQUILLA CON SAL REFRIGERADA 8 GR;UND;1
MANTEQUILLA DE MANI;KG;1
PAN ARABE KG.ANDE (60 GR);UND;1
PAN CROISSANT MEDIANO KG.;UND;1
PAN FRANCES 35 GR;UND;1
PAN MOLDE INTEKG.AL KG. (25 GR REBANADA);UND;1
PASTA DE ROCOTO EMIC;KG;1
PASTIPAN PAN CIABATTA INTEGRAL 10 X 5;UND;1
PATE DE POLLO REFRIGERADO;KG;1
PAVO ENTERO;KG;1
PICKLES;KG;1
PLATANO DE LA ISLA REFRIGERADO;KG;1
POLLO ENTERO SIN MENUDENCIA CONGELADO KG;KG;1
POLLO PECHUGA FILETE ECONOMICO REFRIGERADO;KG;1
PULPA DE PAPAYA CONGELADA ALIPOFRESCO;KG;1
PULPA DE PIÑA CONGELADA ALIPOFRESCO;KG;1
ROCOTO MOLIDO ENVASADO;KG;1
SALSA MENSI (L);L;1
SEMOLA (L);L;1
TAMALES CERDO REFRIGERADO 140 GR;KG;1
TOCINO;KG;1
TORONJIL SECO;KG;1
VINAGRE TINTO (KG);KG;1
YACON REFRIGERADO;KG;1
