elemento;tipo;detalle
ACELGA REFRIGERADO;ENLACE_PRODUCTO;se usa el ingrediente 'ACELGA'
ACHOCOLATADO NESQUICK NESTLE 380 GR (EMER);PRODUCTO_SGP_SIN_INGREDIENTE;"no esta en PRODUCTO_INGREDIENTE; queda como su propio ingrediente"
AGUA SAN LUIS SIN GAS 3 LT;PRODUCTO_SGP_SIN_INGREDIENTE;"no esta en PRODUCTO_INGREDIENTE; queda como su propio ingrediente"
AGUA SAN LUIS SIN GAS 3 LT (EMER);PRODUCTO_SGP_SIN_INGREDIENTE;"no esta en PRODUCTO_INGREDIENTE; queda como su propio ingrediente"
AJI AMARILLO REFRIGERADO;ENLACE_PRODUCTO;se usa el ingrediente 'AJI AMARILLO'
AJI LIMO REFRIGERADO;ENLACE_PRODUCTO;se usa el ingrediente 'AJI LIMO'
AJUAR DE BEBE 5 PIEZAS CON LOGOS SODEXO;PRODUCTO_SGP_SIN_INGREDIENTE;"no esta en PRODUCTO_INGREDIENTE; queda como su propio ingrediente"
ALAS DE POLLO CONGELADO X KG;PRODUCTO_SGP_SIN_INGREDIENTE;"no esta en PRODUCTO_INGREDIENTE; queda como su propio ingrediente"
ALBAHACA REFRIGERADO;ENLACE_PRODUCTO;se usa el ingrediente 'ALBAHACA'
APIO REFRIGERADO;ENLACE_PRODUCTO;se usa el ingrediente 'APIO'
ARVEJA PELADA CONGELADA;ENLACE_VARIANTE_DE_NOMBRE;se usa el ingrediente 'ARVEJA PELADA CONGELADO'
ATUN TROZOS COMPASS 140 GR (EMER);PRODUCTO_SGP_SIN_INGREDIENTE;"no esta en PRODUCTO_INGREDIENTE; queda como su propio ingrediente"
AZUCAR IMPALPABLE LA NEGRITA 5 KG;UNIDAD_DISTINTA_AL_INGREDIENTE;"el producto esta en UND (factor 1) y el ingrediente 'AZUCAR IMPALPABLE' en KG; queda bajo 'AZUCAR IMPALPABLE (UND)' hasta definir la conversion"
BEBIDA REHIDRATANTE MARACUYA GATORADE 500 ML;PRODUCTO_SGP_SIN_INGREDIENTE;"no esta en PRODUCTO_INGREDIENTE; queda como su propio ingrediente"
BETERRAGA ENTERA REFRIGERADA;ENLACE_VARIANTE_DE_NOMBRE_DE_UN_PRODUCTO;se usa el ingrediente 'BETERRAGA ENTERA'
BETERRAGA ENTERA REFRIGERADO;ENLACE_PRODUCTO;se usa el ingrediente 'BETERRAGA ENTERA'
BLOQUEADOR SOLAR SACHET VISAGE DERMOSOL F-100 10GR;PRODUCTO_CON_DOS_INGREDIENTES;"enlazado a 'BLOQUEADOR SOLAR SACHET VISAGE DEMOSOL F-100 10 GR' y a 'BLOQUEADOR SOLAR SACHET VISAGE DERMOSOL F-100 10GR'; se usa el primero"
BOLITAS DE MANI Y CHOCOLATE 2 CERRITOS 17 GR;PRODUCTO_SGP_SIN_INGREDIENTE;"no esta en PRODUCTO_INGREDIENTE; queda como su propio ingrediente"
BOLSA PARA BASURA PLASTICA MARRON C/F 140 LT 3 MC 41´´X 35´´ 100 UND;PRODUCTO_SGP_SIN_INGREDIENTE;"no esta en PRODUCTO_INGREDIENTE; queda como su propio ingrediente"
"BOLSA PARA BASURA PLASTICA ROJA C/F 35 LT 30"" X 20"" 100 UND 1.2 MC";PRODUCTO_CON_DOS_INGREDIENTES;"enlazado a 'BOLSA PARA BASURA PLASTICA ROJA 35 LT 30""X20""' y a 'BOLSA PARA BASURA ROJA 250 LT'; se usa el primero"
BROWNIE DE CHOCOLATE CON COBERTURA GYM (CONGELADO);PRODUCTO_SGP_SIN_INGREDIENTE;"no esta en PRODUCTO_INGREDIENTE; queda como su propio ingrediente"
CAIGUA REFRIGERADA;ENLACE_VARIANTE_DE_NOMBRE_DE_UN_PRODUCTO;se usa el ingrediente 'CAIGUA'
CAIGUA REFRIGERADO;ENLACE_PRODUCTO;se usa el ingrediente 'CAIGUA'
CAJA CHICA - ACEITE VEGETAL CIL X 5 LT;UNIDAD_DISTINTA_AL_INGREDIENTE;"el producto esta en UND (factor 1) y el ingrediente 'ACEITE VEGETAL' en L; queda bajo 'ACEITE VEGETAL (UND)' hasta definir la conversion"
CAJA CHICA - ACEITE VEGETAL CRISOL 5 LT;UNIDAD_DISTINTA_AL_INGREDIENTE;"el producto esta en UND (factor 1) y el ingrediente 'ACEITE VEGETAL' en L; queda bajo 'ACEITE VEGETAL (UND)' hasta definir la conversion"
CAJA CHICA - ACEITE VEGETAL DELEITE;UNIDAD_DISTINTA_AL_INGREDIENTE;"el producto esta en UND (factor 1) y el ingrediente 'ACEITE VEGETAL' en L; queda bajo 'ACEITE VEGETAL (UND)' hasta definir la conversion"
CAJA CHICA - AGUA PARA RECETA - CH;PRODUCTO_SGP_SIN_INGREDIENTE;"no esta en PRODUCTO_INGREDIENTE; queda como su propio ingrediente"
CAJA CHICA - AGUA SAN LUIS 20 LT (BIDON X 1 UND);PRODUCTO_SGP_SIN_INGREDIENTE;"no esta en PRODUCTO_INGREDIENTE; queda como su propio ingrediente"
CAJA CHICA - AGUA SAN LUIS 20 LT (CAJA X 1 UND);PRODUCTO_SGP_SIN_INGREDIENTE;"no esta en PRODUCTO_INGREDIENTE; queda como su propio ingrediente"
CAJA CHICA - AGUA SAN LUIS 750 ML;PRODUCTO_SGP_SIN_INGREDIENTE;"no esta en PRODUCTO_INGREDIENTE; queda como su propio ingrediente"
CAJA CHICA - AGUA SAN LUIS CON LA UNIDAD DE MEDIDA 750 ML;PRODUCTO_SGP_SIN_INGREDIENTE;"no esta en PRODUCTO_INGREDIENTE; queda como su propio ingrediente"
CAJA CHICA - AJI AMARILLO;PRODUCTO_SGP_SIN_INGREDIENTE;"no esta en PRODUCTO_INGREDIENTE; queda como su propio ingrediente"
CAJA CHICA - ALMENDRA X 80 GR;PRODUCTO_CON_DOS_INGREDIENTES;"enlazado a 'ALMENDRA X 80 GR' y a 'ALMENDRA X 80'; se usa el primero"
CAJA CHICA - ANIS ESTRELLA X 250 GR (GRAMO X 0.25 KG);PRODUCTO_SGP_SIN_INGREDIENTE;"no esta en PRODUCTO_INGREDIENTE; queda como su propio ingrediente"
CAJA CHICA - ANIS ESTRELLA X 250 GR (GRAMO X 1 UND);PRODUCTO_SGP_SIN_INGREDIENTE;"no esta en PRODUCTO_INGREDIENTE; queda como su propio ingrediente"
CAJA CHICA - ARVEJA VERDE PARTIDA 5 KG;UNIDAD_DISTINTA_AL_INGREDIENTE;"el producto esta en UND (factor 1) y el ingrediente 'ARVEJA VERDE PARTIDA' en KG; queda bajo 'ARVEJA VERDE PARTIDA (UND)' hasta definir la conversion"
CAJA CHICA - ATUN TROZOS STARKITS 170 GR;UNIDAD_DISTINTA_AL_INGREDIENTE;"el producto esta en UND (factor 1) y el ingrediente 'ATUN EN ACEITE LATA' en KG; queda bajo 'ATUN EN ACEITE LATA (UND)' hasta definir la conversion"
CAJA CHICA - BEBIDA REHIDRATANTE 500ML SPORADE;PRODUCTO_SGP_SIN_INGREDIENTE;"no esta en PRODUCTO_INGREDIENTE; queda como su propio ingrediente"
CAJA CHICA - BOLSA PANETON GLORIA;PRODUCTO_SGP_SIN_INGREDIENTE;"no esta en PRODUCTO_INGREDIENTE; queda como su propio ingrediente"
CAJA CHICA - CAFE KIRMA CON LA UNIDAD DE MEDIDA 180 GR;PRODUCTO_SGP_SIN_INGREDIENTE;"no esta en PRODUCTO_INGREDIENTE; queda como su propio ingrediente"
CAJA CHICA - CANCHITA SALADA X 12 GR (BOLSA X 1 UND);PRODUCTO_SGP_SIN_INGREDIENTE;"no esta en PRODUCTO_INGREDIENTE; queda como su propio ingrediente"
CAJA CHICA - CANCHITA SALADA X 12 GR (UNIDAD X 1 UND);PRODUCTO_SGP_SIN_INGREDIENTE;"no esta en PRODUCTO_INGREDIENTE; queda como su propio ingrediente"
CAJA CHICA - CHEETOS NARUTAL CHICO 26 GR;PRODUCTO_SGP_SIN_INGREDIENTE;"no esta en PRODUCTO_INGREDIENTE; queda como su propio ingrediente"
CAJA CHICA - CHEETOS NATURAL GRANDE 34GR;PRODUCTO_SGP_SIN_INGREDIENTE;"no esta en PRODUCTO_INGREDIENTE; queda como su propio ingrediente"
CAJA CHICA - CHIZITOS GRANDE NATURAL 35 GR;PRODUCTO_SGP_SIN_INGREDIENTE;"no esta en PRODUCTO_INGREDIENTE; queda como su propio ingrediente"
CAJA CHICA - CHOCLO BLANCO;PRODUCTO_SGP_SIN_INGREDIENTE;"no esta en PRODUCTO_INGREDIENTE; queda como su propio ingrediente"
CAJA CHICA - CHOCOLATE DE TAZA 150 GR;UNIDAD_DISTINTA_AL_INGREDIENTE;"el producto esta en UND (factor 1) y el ingrediente 'CHOCOLATE PARA TAZA' en KG; queda bajo 'CHOCOLATE PARA TAZA (UND)' hasta definir la conversion"
CAJA CHICA - CHOCOLATE DE TAZA 90 GR;UNIDAD_DISTINTA_AL_INGREDIENTE;"el producto esta en UND (factor 1) y el ingrediente 'CHOCOLATE PARA TAZA' en KG; queda bajo 'CHOCOLATE PARA TAZA (UND)' hasta definir la conversion"
CAJA CHICA - CHOCOLATE SOL DEL CUZCO - BARRAS DE 80 GR;PRODUCTO_SGP_SIN_INGREDIENTE;"no esta en PRODUCTO_INGREDIENTE; queda como su propio ingrediente"
CAJA CHICA - COBERTURA BITTER NEGRO;UNIDAD_DISTINTA_AL_INGREDIENTE;"el producto esta en UND (factor 1) y el ingrediente 'COBERTURA BITTER NEGRO' en KG; queda bajo 'COBERTURA BITTER NEGRO (UND)' hasta definir la conversion"
CAJA CHICA - COCA 180 GR;PRODUCTO_SGP_SIN_INGREDIENTE;"no esta en PRODUCTO_INGREDIENTE; queda como su propio ingrediente"
CAJA CHICA - COCOA 180 GR;PRODUCTO_SGP_SIN_INGREDIENTE;"no esta en PRODUCTO_INGREDIENTE; queda como su propio ingrediente"
CAJA CHICA - COCOA LA ABUELITA X 160 GR;UNIDAD_DISTINTA_AL_INGREDIENTE;"el producto esta en UND (factor 1) y el ingrediente 'COCOA A GRANEL' en KG; queda bajo 'COCOA A GRANEL (UND)' hasta definir la conversion"
CAJA CHICA - COCOA WINTER X 160 GR;UNIDAD_DISTINTA_AL_INGREDIENTE;"el producto esta en UND (factor 1) y el ingrediente 'COCOA A GRANEL' en KG; queda bajo 'COCOA A GRANEL (UND)' hasta definir la conversion"
CAJA CHICA - COCOA WINTER X 45 GR;UNIDAD_DISTINTA_AL_INGREDIENTE;"el producto esta en UND (factor 1) y el ingrediente 'COCOA A GRANEL' en KG; queda bajo 'COCOA A GRANEL (UND)' hasta definir la conversion"
CAJA CHICA - COPA FLORENTINA TRANSPARENTE C/10 (PAQUETE X 1 UND);PRODUCTO_SGP_SIN_INGREDIENTE;"no esta en PRODUCTO_INGREDIENTE; queda como su propio ingrediente"
CAJA CHICA - COPA FLORENTINA TRANSPARENTE C/10 (UNIDAD X 1 UND);PRODUCTO_SGP_SIN_INGREDIENTE;"no esta en PRODUCTO_INGREDIENTE; queda como su propio ingrediente"
CAJA CHICA - CREMA VAINILLA CON LA UNIDAD DE MEDIDA 600 GR;PRODUCTO_SGP_SIN_INGREDIENTE;"no esta en PRODUCTO_INGREDIENTE; queda como su propio ingrediente"
CAJA CHICA - ENVASE DELI 1/2 LT SUPER FAST TR + TAPATR (LITRO X 1 L);PRODUCTO_SGP_SIN_INGREDIENTE;"no esta en PRODUCTO_INGREDIENTE; queda como su propio ingrediente"
CAJA CHICA - ENVASE DELI 1/2 LT SUPER FAST TR + TAPATR (MILLAR X 1 L);PRODUCTO_SGP_SIN_INGREDIENTE;"no esta en PRODUCTO_INGREDIENTE; queda como su propio ingrediente"
CAJA CHICA - FIDEO CANUTO NICOLINI X 250 GR;UNIDAD_DISTINTA_AL_INGREDIENTE;"el producto esta en UND (factor 1) y el ingrediente 'FIDEO CANUTO' en KG; queda bajo 'FIDEO CANUTO (UND)' hasta definir la conversion"
CAJA CHICA - FIDEO TORNILLO MOLITALIA 250 GR;PRODUCTO_SGP_SIN_INGREDIENTE;"no esta en PRODUCTO_INGREDIENTE; queda como su propio ingrediente"
CAJA CHICA - FRIJOL CHINO;UNIDAD_DISTINTA_AL_INGREDIENTE;"el producto esta en UND (factor 1) y el ingrediente 'FRIJOL CHINO' en KG; queda bajo 'FRIJOL CHINO (UND)' hasta definir la conversion"
CAJA CHICA - GALLETAS CARITAS X 6 UNIDADES.;PRODUCTO_SGP_SIN_INGREDIENTE;"no esta en PRODUCTO_INGREDIENTE; queda como su propio ingrediente"
CAJA CHICA - GELATINA DE FRESA GELANDINA 5 KG;UNIDAD_DISTINTA_AL_INGREDIENTE;"el producto esta en UND (factor 1) y el ingrediente 'GELATINA FRESA INSTANTANEO' en KG; queda bajo 'GELATINA FRESA INSTANTANEO (UND)' hasta definir la conversion"
CAJA CHICA - GELATINA DE LIMON GELANDINA 5 KG;UNIDAD_DISTINTA_AL_INGREDIENTE;"el producto esta en UND (factor 1) y el ingrediente 'GELATINA LIMON INSTANTANEO' en KG; queda bajo 'GELATINA LIMON INSTANTANEO (UND)' hasta definir la conversion"
CAJA CHICA - LECHE CONDENSADA LATA 397 ML;UNIDAD_DISTINTA_AL_INGREDIENTE;"el producto esta en UND (factor 1) y el ingrediente 'LECHE CONDENSADA LATA' en L; queda bajo 'LECHE CONDENSADA LATA (UND)' hasta definir la conversion"
CAJA CHICA - LECHE LAIVE BOLSITARRO 390 GR;PRODUCTO_SGP_SIN_INGREDIENTE;"no esta en PRODUCTO_INGREDIENTE; queda como su propio ingrediente"
CAJA CHICA - LIMA;PRODUCTO_SGP_SIN_INGREDIENTE;"no esta en PRODUCTO_INGREDIENTE; queda como su propio ingrediente"
CAJA CHICA - MANDARINA;PRODUCTO_SGP_SIN_INGREDIENTE;"no esta en PRODUCTO_INGREDIENTE; queda como su propio ingrediente"
CAJA CHICA - MARGARINA SELLO DE ORO BARRA X 225 GR;UNIDAD_DISTINTA_AL_INGREDIENTE;"el producto esta en UND (factor 1) y el ingrediente 'MARGARINA CON SAL REFRIGERADO GRANEL' en KG; queda bajo 'MARGARINA CON SAL REFRIGERADO GRANEL (UND)' hasta definir la conversion"
CAJA CHICA - MOSTAZA 230 GR;UNIDAD_DISTINTA_AL_INGREDIENTE;"el producto esta en UND (factor 1) y el ingrediente 'CHOCOLATE PARA TAZA' en KG; queda bajo 'CHOCOLATE PARA TAZA (UND)' hasta definir la conversion"
CAJA CHICA - MOSTAZA BALDE X 4KG;UNIDAD_DISTINTA_AL_INGREDIENTE;"el producto esta en UND (factor 1) y el ingrediente 'CHOCOLATE PARA TAZA' en KG; queda bajo 'CHOCOLATE PARA TAZA (UND)' hasta definir la conversion"
CAJA CHICA - MOSTAZA INDIVIDUAL X 240 UND;UNIDAD_DISTINTA_AL_INGREDIENTE;"el producto esta en UND (factor 1) y el ingrediente 'CHOCOLATE PARA TAZA' en KG; queda bajo 'CHOCOLATE PARA TAZA (UND)' hasta definir la conversion"
CAJA CHICA - NECTAR DURAZNO PULP 250 ML;PRODUCTO_SGP_SIN_INGREDIENTE;"no esta en PRODUCTO_INGREDIENTE; queda como su propio ingrediente"
CAJA CHICA - NUEVO SIN FORMATO COMPRA;PRODUCTO_SGP_SIN_INGREDIENTE;"no esta en PRODUCTO_INGREDIENTE; queda como su propio ingrediente"
CAJA CHICA - PALILLO SAZÓN X 66 UND;UNIDAD_DISTINTA_AL_INGREDIENTE;"el producto esta en UND (factor 1) y el ingrediente 'PALILLO MOLIDO' en KG; queda bajo 'PALILLO MOLIDO (UND)' hasta definir la conversion"
CAJA CHICA - PALILLO X 34.2 GR;UNIDAD_DISTINTA_AL_INGREDIENTE;"el producto esta en UND (factor 1) y el ingrediente 'PALILLO MOLIDO' en KG; queda bajo 'PALILLO MOLIDO (UND)' hasta definir la conversion"
CAJA CHICA - PALLAR CON TOCINO GAMBRINOS LATA;UNIDAD_DISTINTA_AL_INGREDIENTE;"el producto esta en UND (factor 1) y el ingrediente 'PALLAR' en KG; queda bajo 'PALLAR (UND)' hasta definir la conversion"
CAJA CHICA - PAPA SECA EL PLEBEYO 5 KG;UNIDAD_DISTINTA_AL_INGREDIENTE;"el producto esta en UND (factor 1) y el ingrediente 'PAPA SECA' en KG; queda bajo 'PAPA SECA (UND)' hasta definir la conversion"
CAJA CHICA - PAPAS ARTESANALES CRUJIENTES QUESO PARMESANO IN;UNIDAD_DISTINTA_AL_INGREDIENTE;"el producto esta en UND (factor 1) y el ingrediente 'QUESO PARMESANO REFRIGERADO' en KG; queda bajo 'QUESO PARMESANO REFRIGERADO (UND)' hasta definir la conversion"
CAJA CHICA - PIROTINES N° 8 PARA CUP CAKE X100 UND;PRODUCTO_SGP_SIN_INGREDIENTE;"no esta en PRODUCTO_INGREDIENTE; queda como su propio ingrediente"
CAJA CHICA - PLATANO BELLACO (KILOGRAMO X 1 KG);PRODUCTO_SGP_SIN_INGREDIENTE;"no esta en PRODUCTO_INGREDIENTE; queda como su propio ingrediente"
CAJA CHICA - PLATANO BELLACO (UNIDAD X 1 UND);PRODUCTO_SGP_SIN_INGREDIENTE;"no esta en PRODUCTO_INGREDIENTE; queda como su propio ingrediente"
CAJA CHICA - PURE DE MANZANA DESHIDRATADA;UNIDAD_DISTINTA_AL_INGREDIENTE;"el producto esta en UND (factor 1) y el ingrediente 'PURE DE PAPA DESHIDRATADA' en KG; queda bajo 'PURE DE PAPA DESHIDRATADA (UND)' hasta definir la conversion"
CAJA CHICA - QUESO MOZARELLA SANCOR X KG;PRODUCTO_SGP_SIN_INGREDIENTE;"no esta en PRODUCTO_INGREDIENTE; queda como su propio ingrediente"
CAJA CHICA - ROCOTO PARA RELLENO;UNIDAD_DISTINTA_AL_INGREDIENTE;"el producto esta en KG (factor 1) y el ingrediente 'ROCOTO PARA RELLENO' en UND; queda bajo 'ROCOTO PARA RELLENO (KG)' hasta definir la conversion"
CAJA CHICA - SANDWICH HELADO MINI;PRODUCTO_SGP_SIN_INGREDIENTE;"no esta en PRODUCTO_INGREDIENTE; queda como su propio ingrediente"
CAJA CHICA - SIROPE MAPLE 480 GR;PRODUCTO_SGP_SIN_INGREDIENTE;"no esta en PRODUCTO_INGREDIENTE; queda como su propio ingrediente"
CAJA CHICA - SOLIDO DE ATUN A-1 X 170 GR;UNIDAD_DISTINTA_AL_INGREDIENTE;"el producto esta en UND (factor 1) y el ingrediente 'ATUN EN ACEITE LATA' en KG; queda bajo 'ATUN EN ACEITE LATA (UND)' hasta definir la conversion"
CAJA CHICA - SPORADE 500ML;PRODUCTO_SGP_SIN_INGREDIENTE;"no esta en PRODUCTO_INGREDIENTE; queda como su propio ingrediente"
CAJA CHICA - TOMATE CHERRY (KILOGRAMO X 1 KG);PRODUCTO_SGP_SIN_INGREDIENTE;"no esta en PRODUCTO_INGREDIENTE; queda como su propio ingrediente"
CAJA CHICA - TOMATE CHERRY (PAQUETE X 1 UND);PRODUCTO_SGP_SIN_INGREDIENTE;"no esta en PRODUCTO_INGREDIENTE; queda como su propio ingrediente"
CAJA CHICA - TORTEES NATURAL GRANDE FRITO LAY 70 GR;PRODUCTO_SGP_SIN_INGREDIENTE;"no esta en PRODUCTO_INGREDIENTE; queda como su propio ingrediente"
CAJA CHICA- PAPA SECA CON LA UNIDAD DE MEDIDA 1 KG;PRODUCTO_SGP_SIN_INGREDIENTE;"no esta en PRODUCTO_INGREDIENTE; queda como su propio ingrediente"
CAJA CHICA- PAPA SECA CON LA UNIDAD DE MEDIDA 250 GR;PRODUCTO_SGP_SIN_INGREDIENTE;"no esta en PRODUCTO_INGREDIENTE; queda como su propio ingrediente"
CAJA CHICA- PAPA SECA CON LA UNIDAD DE MEDIDA 500 GR;PRODUCTO_SGP_SIN_INGREDIENTE;"no esta en PRODUCTO_INGREDIENTE; queda como su propio ingrediente"
CAJA PARA PIZZA 20 X 20 CM 100 UND;PRODUCTO_SGP_SIN_INGREDIENTE;"no esta en PRODUCTO_INGREDIENTE; queda como su propio ingrediente"
CALDO SABOR PESCADO DOÑA GUSTA 500 GR;PRODUCTO_SGP_SIN_INGREDIENTE;"no esta en PRODUCTO_INGREDIENTE; queda como su propio ingrediente"
CAMOTE AMARILLO REFRIGERADO;ENLACE_PRODUCTO;se usa el ingrediente 'CAMOTE AMARILLO'
CEBADA TOSTADA COSECHA ANDINA 5 KG;PRODUCTO_SGP_SIN_INGREDIENTE;"no esta en PRODUCTO_INGREDIENTE; queda como su propio ingrediente"
CEBADA TOSTADA INSTANTANEA NESTLE ECCO 175 GR;PRODUCTO_SGP_SIN_INGREDIENTE;"no esta en PRODUCTO_INGREDIENTE; queda como su propio ingrediente"
CEBOLLA CHINA REFRIGERADA;ENLACE_VARIANTE_DE_NOMBRE_DE_UN_PRODUCTO;se usa el ingrediente 'CEBOLLA CHINA'
CEBOLLA CHINA REFRIGERADO;ENLACE_PRODUCTO;se usa el ingrediente 'CEBOLLA CHINA'
CEBOLLA ROJA REFRIGERADA;ENLACE_VARIANTE_DE_NOMBRE_DE_UN_PRODUCTO;se usa el ingrediente 'CEBOLLA ROJA'
CEBOLLA ROJA REFRIGERADO;ENLACE_PRODUCTO;se usa el ingrediente 'CEBOLLA ROJA'
CECINA TAVANCHO REFRIGERADA KG;PRODUCTO_SGP_SIN_INGREDIENTE;"no esta en PRODUCTO_INGREDIENTE; queda como su propio ingrediente"
CERDO PIERNA SIN PIEL Y SIN HUESO CONGELADO;ENLACE_PRODUCTO;se usa el ingrediente 'PIERNA DE CERDO SIN HUESO'
CEREAL ANGEL FLAKES NATURAL 10 KG;UNIDAD_DISTINTA_AL_INGREDIENTE;"el producto esta en KG (factor 10) y el ingrediente 'CEREAL BAR COSTA 18 GR' en UND; queda bajo 'CEREAL BAR COSTA 18 GR (KG)' hasta definir la conversion"
CERVEZA BITBURGER SIN ALCOHOL 500 ML LATA;PRODUCTO_SGP_SIN_INGREDIENTE;"no esta en PRODUCTO_INGREDIENTE; queda como su propio ingrediente"
CHAMPIGÑONES SANTIS 4200 GR (EMER);PRODUCTO_SGP_SIN_INGREDIENTE;"no esta en PRODUCTO_INGREDIENTE; queda como su propio ingrediente"
CHIFLE DULCE CROCANTITO 150 GR;PRODUCTO_SGP_SIN_INGREDIENTE;"no esta en PRODUCTO_INGREDIENTE; queda como su propio ingrediente"
CHIFLE DULCE CROCANTITO 80 GR;PRODUCTO_SGP_SIN_INGREDIENTE;"no esta en PRODUCTO_INGREDIENTE; queda como su propio ingrediente"
CHIFLE PICANTE CROCANTITO 150 GR;PRODUCTO_SGP_SIN_INGREDIENTE;"no esta en PRODUCTO_INGREDIENTE; queda como su propio ingrediente"
CHIFLE PICANTE CROCANTITO 70 GR;PRODUCTO_SGP_SIN_INGREDIENTE;"no esta en PRODUCTO_INGREDIENTE; queda como su propio ingrediente"
CHIFLE SABOR BRASA CROCANTITO 150 GR;PRODUCTO_SGP_SIN_INGREDIENTE;"no esta en PRODUCTO_INGREDIENTE; queda como su propio ingrediente"
CHIFLE SABOR BRASA CROCANTITO 70 GR;PRODUCTO_SGP_SIN_INGREDIENTE;"no esta en PRODUCTO_INGREDIENTE; queda como su propio ingrediente"
CHIFLE SABOR CECINA CROCANTITO 150 GR;PRODUCTO_SGP_SIN_INGREDIENTE;"no esta en PRODUCTO_INGREDIENTE; queda como su propio ingrediente"
CHIFLE SABOR CECINA CROCANTITO 70 GR;PRODUCTO_SGP_SIN_INGREDIENTE;"no esta en PRODUCTO_INGREDIENTE; queda como su propio ingrediente"
CHIFLE SABOR CEVICHE CROCANTITO 70 GR;PRODUCTO_SGP_SIN_INGREDIENTE;"no esta en PRODUCTO_INGREDIENTE; queda como su propio ingrediente"
CHIFLE SABOR CHORIZO CROCANTITO 150 GR;PRODUCTO_SGP_SIN_INGREDIENTE;"no esta en PRODUCTO_INGREDIENTE; queda como su propio ingrediente"
CHIFLE SALADO CROCANTITO 150 GR;PRODUCTO_SGP_SIN_INGREDIENTE;"no esta en PRODUCTO_INGREDIENTE; queda como su propio ingrediente"
CHIFLE SALADO CROCANTITO 80 GR;PRODUCTO_SGP_SIN_INGREDIENTE;"no esta en PRODUCTO_INGREDIENTE; queda como su propio ingrediente"
CHINCHO REFRIGERADO;ENLACE_PRODUCTO;se usa el ingrediente 'CHINCHO'
CHOCLO AMARILLO ENTERO REFRIGERADO;ENLACE_PRODUCTO;se usa el ingrediente 'CHOCLO AMARILLO ENTERO'
CHOCLO DESGRANADO CONGELADO;ENLACE_PRODUCTO;se usa el ingrediente 'CHOCLO AMARILLO DESGRANADO CONGELADO'
CHOCOLATE FOCHIS PASAS 16/12 GR;PRODUCTO_SGP_SIN_INGREDIENTE;"no esta en PRODUCTO_INGREDIENTE; queda como su propio ingrediente"
CHOCOLATE LENTEJA NESTLE 30 GR (EMER);PRODUCTO_SGP_SIN_INGREDIENTE;"no esta en PRODUCTO_INGREDIENTE; queda como su propio ingrediente"
CHOCOLATE RELLENO MANI VIZZIO COSTA 21 GR;PRODUCTO_SGP_SIN_INGREDIENTE;"no esta en PRODUCTO_INGREDIENTE; queda como su propio ingrediente"
CHOCOLATE RELLENO PRINCESA BARRA 28 GR;PRODUCTO_SGP_SIN_INGREDIENTE;"no esta en PRODUCTO_INGREDIENTE; queda como su propio ingrediente"
CHOCOLATE SUBLIME SONRISA NESTLE 38 / 37 GR;PRODUCTO_SGP_SIN_INGREDIENTE;"no esta en PRODUCTO_INGREDIENTE; queda como su propio ingrediente"
CHOCOLATE TRIANGULO NESTLE 29 GR;PRODUCTO_SGP_SIN_INGREDIENTE;"no esta en PRODUCTO_INGREDIENTE; queda como su propio ingrediente"
CHOCOLISTO POTE 280 GR;PRODUCTO_SGP_SIN_INGREDIENTE;"no esta en PRODUCTO_INGREDIENTE; queda como su propio ingrediente"
CHULETA DE CERDO TROZADO 180 GR GRANEL CONGELADO;PRODUCTO_SGP_SIN_INGREDIENTE;"no esta en PRODUCTO_INGREDIENTE; queda como su propio ingrediente"
CHULETA DE CERDO TROZADO 250 GR CONGELADO;PRODUCTO_SGP_SIN_INGREDIENTE;"no esta en PRODUCTO_INGREDIENTE; queda como su propio ingrediente"
CHURRO MINI TRADICIONAL 6 CM CONGELADO;PRODUCTO_SGP_SIN_INGREDIENTE;"no esta en PRODUCTO_INGREDIENTE; queda como su propio ingrediente"
CHURRO MINI TRADICIONAL 8 CM CONGELADO;PRODUCTO_SGP_SIN_INGREDIENTE;"no esta en PRODUCTO_INGREDIENTE; queda como su propio ingrediente"
CHURRO TRADICIONAL 17 CM CONGELADO;PRODUCTO_SGP_SIN_INGREDIENTE;"no esta en PRODUCTO_INGREDIENTE; queda como su propio ingrediente"
COL CHINA REFRIGERADO;ENLACE_PRODUCTO;se usa el ingrediente 'COL CHINA'
COL CRIOLLA REFRIGERADO;ENLACE_PRODUCTO;se usa el ingrediente 'COL CRIOLLA'
COLANTAO REFRIGERADO;ENLACE_PRODUCTO;se usa el ingrediente 'COLANTAO'
COLORANTE FRATELLO LIQUIDO AMARILLO HUEVO 250 ML (EMER);PRODUCTO_SGP_SIN_INGREDIENTE;"no esta en PRODUCTO_INGREDIENTE; queda como su propio ingrediente"
COLORANTE FRATELLO LIQUIDO ROJA BANDERA 250 ML (EMER);PRODUCTO_SGP_SIN_INGREDIENTE;"no esta en PRODUCTO_INGREDIENTE; queda como su propio ingrediente"
CREMA DE CHOCLO MACROFOODS 1 KG;PRODUCTO_SGP_SIN_INGREDIENTE;"no esta en PRODUCTO_INGREDIENTE; queda como su propio ingrediente"
CREMA DE POLLO MACROFOODS 1 KG;PRODUCTO_SGP_SIN_INGREDIENTE;"no esta en PRODUCTO_INGREDIENTE; queda como su propio ingrediente"
CROISSANT MEDIA LUNA CON MANJAR CONGELADO 70 GR;PRODUCTO_SGP_SIN_INGREDIENTE;"no esta en PRODUCTO_INGREDIENTE; queda como su propio ingrediente"
CUCHARA ACRILICO DESCARTABLE 50 UND;PRODUCTO_SGP_SIN_INGREDIENTE;"no esta en PRODUCTO_INGREDIENTE; queda como su propio ingrediente"
CULANTRO REFRIGERADO;ENLACE_PRODUCTO;se usa el ingrediente 'CULANTRO'
CUY SIN PATAS Y SIN CABEZA CONGELADO ANTAMINA;PRODUCTO_SGP_SIN_INGREDIENTE;"no esta en PRODUCTO_INGREDIENTE; queda como su propio ingrediente"
DAM MOP GALÓN 3.8 LITROS SPARTAN;PRODUCTO_SGP_SIN_INGREDIENTE;"no esta en PRODUCTO_INGREDIENTE; queda como su propio ingrediente"
DESODORANTE AMBIENTADOR JARDIN DE ROSAS SAPOLIO 360 ML;PRODUCTO_SGP_SIN_INGREDIENTE;"no esta en PRODUCTO_INGREDIENTE; queda como su propio ingrediente"
ECCO SACHET 10 GR;PRODUCTO_SGP_SIN_INGREDIENTE;"no esta en PRODUCTO_INGREDIENTE; queda como su propio ingrediente"
EDULCORANTE STEVIA PERSONAL SODEXO 1 GR X MILLAR;PRODUCTO_CON_DOS_INGREDIENTES;"enlazado a 'EDULCORANTE STEVIA PERSONAL SODEXO' y a 'GR X'; se usa el primero"
ENVASE SALAD BOWL DE BAMBU 1000 ML SIN TAPA X 300 UND;PRODUCTO_SGP_SIN_INGREDIENTE;"no esta en PRODUCTO_INGREDIENTE; queda como su propio ingrediente"
ENVASE SOPERO DE BAMBU 8 OZ SIN TAPA X 500 UND;PRODUCTO_SGP_SIN_INGREDIENTE;"no esta en PRODUCTO_INGREDIENTE; queda como su propio ingrediente"
ESPINACA REFRIGERADO;ENLACE_PRODUCTO;se usa el ingrediente 'ESPINACA'
ESPONJA CERO RAYAS INSTITUCIONAL BLANCO 3M SCOTH BRITE UND;PRODUCTO_SGP_SIN_INGREDIENTE;"no esta en PRODUCTO_INGREDIENTE; queda como su propio ingrediente"
ESPONJA POWER PAD PODEROSA ACERO INOXIDABLE 2000 S/B / 70070724235 /3M;PRODUCTO_SGP_SIN_INGREDIENTE;"no esta en PRODUCTO_INGREDIENTE; queda como su propio ingrediente"
ESPONJA VERDE SCOTCH BRITE 96 S/B / BA010000020 3M;PRODUCTO_SGP_SIN_INGREDIENTE;"no esta en PRODUCTO_INGREDIENTE; queda como su propio ingrediente"
FIDEO CARACOL CHICO MOLITALIA 250GR;PRODUCTO_SGP_SIN_INGREDIENTE;"no esta en PRODUCTO_INGREDIENTE; queda como su propio ingrediente"
FIDEO MACARRON MOLITALIA 250GR;PRODUCTO_SGP_SIN_INGREDIENTE;"no esta en PRODUCTO_INGREDIENTE; queda como su propio ingrediente"
FIDEO SPAGUETTI MOLITALIA 950 GR (CXEMER);PRODUCTO_SGP_SIN_INGREDIENTE;"no esta en PRODUCTO_INGREDIENTE; queda como su propio ingrediente"
FILETE DE ATUN MARINERO 170 GR;UNIDAD_DISTINTA_AL_INGREDIENTE;"el producto esta en UND (factor 1) y el ingrediente 'ATUN EN ACEITE LATA' en KG; queda bajo 'ATUN EN ACEITE LATA (UND)' hasta definir la conversion"
FRIJOL CHINO REFRIGERADO;ENLACE_PRODUCTO;se usa el ingrediente 'FRIJOL CHINO'
FRIJOL CON TOCINO SELECTA 420 GR;UNIDAD_DISTINTA_AL_INGREDIENTE;"el producto esta en KG (factor 0.42) y el ingrediente 'FRIJOLES CON TOCINO LATA' en UND; queda bajo 'FRIJOLES CON TOCINO LATA (KG)' hasta definir la conversion"
FRIJOL PINTO CANADIENSE LON 5 KG;PRODUCTO_SGP_SIN_INGREDIENTE;"no esta en PRODUCTO_INGREDIENTE; queda como su propio ingrediente"
FRIJOL PINTO CANADIENSE LON 500 GR;PRODUCTO_SGP_SIN_INGREDIENTE;"no esta en PRODUCTO_INGREDIENTE; queda como su propio ingrediente"
FUDGE DE CHOCOLATE BAZO VELARDE 550 GR;UNIDAD_DISTINTA_AL_INGREDIENTE;"el producto esta en KG (factor 0.55) y el ingrediente 'FUDGE DE CHOCOLATE LT' en L; queda bajo 'FUDGE DE CHOCOLATE LT (KG)' hasta definir la conversion"
GALLETA DULCE MOROCHA CHOCOLATE 30 GR;PRODUCTO_SGP_SIN_INGREDIENTE;"no esta en PRODUCTO_INGREDIENTE; queda como su propio ingrediente"
GASEOSA COCA COLA SIN AZUCAR 600 ML;PRODUCTO_SGP_SIN_INGREDIENTE;"no esta en PRODUCTO_INGREDIENTE; queda como su propio ingrediente"
GASEOSA INCA KOLA SIN AZUCAR 600 ML;PRODUCTO_SGP_SIN_INGREDIENTE;"no esta en PRODUCTO_INGREDIENTE; queda como su propio ingrediente"
GELATINA FRESA QUIMTIA;ENLACE_PRODUCTO;se usa el ingrediente 'GELATINA FRESA INSTANTANEO'
GELATINA SABOR FRESA BAJO EN CALORIAS MACROFOOD 1KG;PRODUCTO_SGP_SIN_INGREDIENTE;"no esta en PRODUCTO_INGREDIENTE; queda como su propio ingrediente"
GELATINA SABOR NARANJA BAJA EN CALORIAS MACROFOOD 1KG;PRODUCTO_SGP_SIN_INGREDIENTE;"no esta en PRODUCTO_INGREDIENTE; queda como su propio ingrediente"
GELATINA SABOR PIÑA BAJA EN CALORIAS MACROFOOD 1KG;PRODUCTO_SGP_SIN_INGREDIENTE;"no esta en PRODUCTO_INGREDIENTE; queda como su propio ingrediente"
GRANADILLA REFRIGERADO;ENLACE_PRODUCTO;se usa el ingrediente 'GRANADILLA'
GUANTE DE NITRILO AZUL 4GR ISUD TALLA S X100UND;PRODUCTO_SGP_SIN_INGREDIENTE;"no esta en PRODUCTO_INGREDIENTE; queda como su propio ingrediente"
HARINA DE ARROZ MOLINOS DEL SOL 5 KG;PRODUCTO_SGP_SIN_INGREDIENTE;"no esta en PRODUCTO_INGREDIENTE; queda como su propio ingrediente"
HARINA DE QUINUA MOLINOS DEL SOL 5 KG;PRODUCTO_SGP_SIN_INGREDIENTE;"no esta en PRODUCTO_INGREDIENTE; queda como su propio ingrediente"
HARINA PARA TAMAL MOLINOS DEL SOL 5 KG;PRODUCTO_SGP_SIN_INGREDIENTE;"no esta en PRODUCTO_INGREDIENTE; queda como su propio ingrediente"
HELADO CHOCO MANI CREMA CHOCOLATE YAMBOLY 73 ML;PRODUCTO_SGP_SIN_INGREDIENTE;"no esta en PRODUCTO_INGREDIENTE; queda como su propio ingrediente"
HELADO CREMA VAINILLA CHIPS YAMBOLY 5 L (2.56 KG);UNIDAD_DISTINTA_AL_INGREDIENTE;"el producto esta en L (factor 5) y el ingrediente 'HELADO PALETA' en UND; queda bajo 'HELADO PALETA (L)' hasta definir la conversion"
HELADO DONOFRIO DON SANDWICH-ITO 63 ML;PRODUCTO_SGP_SIN_INGREDIENTE;"no esta en PRODUCTO_INGREDIENTE; queda como su propio ingrediente"
HELADO DONOFRIO SUBLIME CLASICO 80 ML;PRODUCTO_SGP_SIN_INGREDIENTE;"no esta en PRODUCTO_INGREDIENTE; queda como su propio ingrediente"
HIERBA BUENA REFRIGERADO;ENLACE_PRODUCTO;se usa el ingrediente 'HIERBA BUENA'
HIGO SECO PREMIUM 4 ESTACIONES 1 KG - CAJA;PRODUCTO_SGP_SIN_INGREDIENTE;"no esta en PRODUCTO_INGREDIENTE; queda como su propio ingrediente"
HISOPO PARA SANITARIO CON BASE HUDE - BLANCO - 7750160418513;PRODUCTO_SGP_SIN_INGREDIENTE;"no esta en PRODUCTO_INGREDIENTE; queda como su propio ingrediente"
HUACATAY REFRIGERADO;ENLACE_PRODUCTO;se usa el ingrediente 'HUACATAY'
HUEVO ROJO (CAJA 11.5 KG) (EMER);PRODUCTO_SGP_SIN_INGREDIENTE;"no esta en PRODUCTO_INGREDIENTE; queda como su propio ingrediente"
HUEVO ROSADO LA CALERA (EMER);PRODUCTO_SGP_SIN_INGREDIENTE;"no esta en PRODUCTO_INGREDIENTE; queda como su propio ingrediente"
INFUSION TE CANELA Y CLAVO CAJA HORNIMANS (EMER);PRODUCTO_SGP_SIN_INGREDIENTE;"no esta en PRODUCTO_INGREDIENTE; queda como su propio ingrediente"
INFUSION TE CANELA Y CLAVO HERBI 100 SOBRES;PRODUCTO_CON_DOS_INGREDIENTES;"enlazado a 'TE CANELA Y CLAVO SOBRECITO' y a 'TE BOLDO SOBRECITO'; se usa el primero"
JABÓN ANTIBACTERIAL P/MANOS SPARTAN 4 LITROS NEUTRO;PRODUCTO_CON_DOS_INGREDIENTES;"enlazado a 'JABON ANTIBACTERIAL PARA MANOS SPARTAN' y a 'JABÓN ANTIBACTERIAL P/MANOS SPARTAN 4 LITROS NEUTRO'; se usa el primero"
JABÓN ANTIBACTERIAL P/MANOS SPARTAN 6X4 LITROS NEUTRO;PRODUCTO_CON_DOS_INGREDIENTES;"enlazado a 'JABON ANTIBACTERIAL PARA MANOS SPARTAN' y a 'JABÓN ANTIBACTERIAL P/MANOS SPARTAN 6X4 LITROS NEUTRO'; se usa el primero"
JAMON AHUMADO REFRIGERADO 500 GR (EMER);PRODUCTO_SGP_SIN_INGREDIENTE;"no esta en PRODUCTO_INGREDIENTE; queda como su propio ingrediente"
JARABE FRUTTIGEL BRILLO NEUTRO 1 KG;PRODUCTO_SGP_SIN_INGREDIENTE;"no esta en PRODUCTO_INGREDIENTE; queda como su propio ingrediente"
JARABE FRUTTIGEL CHOCOLATE 1 KG;PRODUCTO_SGP_SIN_INGREDIENTE;"no esta en PRODUCTO_INGREDIENTE; queda como su propio ingrediente"
JARABE FRUTTIGEL DURAZNO 1 KG;PRODUCTO_SGP_SIN_INGREDIENTE;"no esta en PRODUCTO_INGREDIENTE; queda como su propio ingrediente"
JARABE FRUTTIGEL FRESA 1 KG;PRODUCTO_SGP_SIN_INGREDIENTE;"no esta en PRODUCTO_INGREDIENTE; queda como su propio ingrediente"
JARABE FRUTTIGEL GUANABANA 1 KG;PRODUCTO_SGP_SIN_INGREDIENTE;"no esta en PRODUCTO_INGREDIENTE; queda como su propio ingrediente"
JOHNSON DIVERSEY CLAX ALFA 20 LT;PRODUCTO_CON_DOS_INGREDIENTES;"enlazado a 'JOHNSON DIVERSEY CLAX ALFA 20 LT' y a 'CLAX ALFA 20'; se usa el primero"
JOHNSON DIVERSEY SOFTCARE DES-E GLN X 5 LT;PRODUCTO_SGP_SIN_INGREDIENTE;"no esta en PRODUCTO_INGREDIENTE; queda como su propio ingrediente"
JOHNSON DIVERSEY SOFTCARE FREE PLUS GLN X 5 LT;PRODUCTO_CON_DOS_INGREDIENTES;"enlazado a 'JOHNSON DIVERSEY SOFTCARE FREE PLUS' y a 'JOHNSON DIVERSEY SOFTCARE FREE PLUS GLN'; se usa el primero"
JUGO DE DURAZNO PULP 315 ML;PRODUCTO_SGP_SIN_INGREDIENTE;"no esta en PRODUCTO_INGREDIENTE; queda como su propio ingrediente"
JUGO DE MANDARINA PASTEURIZADO ECOFRESH 400 ML;PRODUCTO_SGP_SIN_INGREDIENTE;"no esta en PRODUCTO_INGREDIENTE; queda como su propio ingrediente"
JUGO DE NARANJA ZANAHORIA PASTEURIZADO ECOFRESH 400 ML;PRODUCTO_SGP_SIN_INGREDIENTE;"no esta en PRODUCTO_INGREDIENTE; queda como su propio ingrediente"
JUGO DE TUNA PIÑA PASTEURIZADO ECOFRESH 400 ML;PRODUCTO_SGP_SIN_INGREDIENTE;"no esta en PRODUCTO_INGREDIENTE; queda como su propio ingrediente"
KEKE BIMBOLETE VAINILA 02 UND 70 GR;PRODUCTO_SGP_SIN_INGREDIENTE;"no esta en PRODUCTO_INGREDIENTE; queda como su propio ingrediente"
KION REFRIGERADO;ENLACE_PRODUCTO;se usa el ingrediente 'KION'
LECHE CONDENSADA GLORIA 393 GR;UNIDAD_DISTINTA_AL_INGREDIENTE;"el producto esta en KG (factor 0.395) y el ingrediente 'LECHE CONDENSADA LATA' en L; queda bajo 'LECHE CONDENSADA LATA (KG)' hasta definir la conversion"
LECHE CONDENSADA NESTLE 100 GR;UNIDAD_DISTINTA_AL_INGREDIENTE;"el producto esta en KG (factor 0.1) y el ingrediente 'LECHE CONDENSADA LATA' en L; queda bajo 'LECHE CONDENSADA LATA (KG)' hasta definir la conversion"
LECHE CONDENSADA NESTLE 393 GR;UNIDAD_DISTINTA_AL_INGREDIENTE;"el producto esta en KG (factor 0.393) y el ingrediente 'LECHE CONDENSADA LATA' en L; queda bajo 'LECHE CONDENSADA LATA (KG)' hasta definir la conversion"
LECHE EN BRICK LIGHT GLORIA 1 LT;UNIDAD_DISTINTA_AL_INGREDIENTE;"el producto esta en L (factor 1) y el ingrediente 'LECHE FRESCA UHT LIGHT' en UND; queda bajo 'LECHE FRESCA UHT LIGHT (L)' hasta definir la conversion"
LECHE EN BRICK LIGHT GLORIA 946 ML;UNIDAD_DISTINTA_AL_INGREDIENTE;"el producto esta en L (factor 0.946) y el ingrediente 'LECHE FRESCA UHT LIGHT' en UND; queda bajo 'LECHE FRESCA UHT LIGHT (L)' hasta definir la conversion"
LECHE EN BRICK SIN LACTOSA GLORIA 1 LT;UNIDAD_DISTINTA_AL_INGREDIENTE;"el producto esta en L (factor 1) y el ingrediente 'LECHE FRESCA UHT LIGHT' en UND; queda bajo 'LECHE FRESCA UHT LIGHT (L)' hasta definir la conversion"
LECHON ENTERO CONGELADO (PESO DE 9 A 10 KG.);PRODUCTO_SGP_SIN_INGREDIENTE;"no esta en PRODUCTO_INGREDIENTE; queda como su propio ingrediente"
LECHUGA ORGANICA REFRIGERADO;ENLACE_PRODUCTO;se usa el ingrediente 'LECHUGA ORGANICA'
LEVADURA INSTANTANEA FLEISCHMANN 500 GR (EMER);PRODUCTO_SGP_SIN_INGREDIENTE;"no esta en PRODUCTO_INGREDIENTE; queda como su propio ingrediente"
LIMON VERDE REFRIGERADO;ENLACE_PRODUCTO;se usa el ingrediente 'LIMON VERDE'
LIMPIAVIDRIO DARYZA 3.8 LT;UNIDAD_DISTINTA_AL_INGREDIENTE;"el producto esta en UND (factor 1) y el ingrediente 'LIMPIA VIDRIO DARIZA' en L; queda bajo 'LIMPIA VIDRIO DARIZA (UND)' hasta definir la conversion"
LIQUID ALKALI BIDON 19 LITROS SPARTAN;PRODUCTO_SGP_SIN_INGREDIENTE;"no esta en PRODUCTO_INGREDIENTE; queda como su propio ingrediente"
MALLA VEGETAL ESPINACA 110 GR CONGELADA;PRODUCTO_SGP_SIN_INGREDIENTE;"no esta en PRODUCTO_INGREDIENTE; queda como su propio ingrediente"
MANDARINA CON PEPA REFRIGERADO;ENLACE_PRODUCTO;se usa el ingrediente 'MANDARINA CON PEPA'
MANI CON PASAS GRANUTS 40/50 GRM;PRODUCTO_SGP_SIN_INGREDIENTE;"no esta en PRODUCTO_INGREDIENTE; queda como su propio ingrediente"
MANI CON PASAS VALLE ALTO BOLSA 90 GR;PRODUCTO_SGP_SIN_INGREDIENTE;"no esta en PRODUCTO_INGREDIENTE; queda como su propio ingrediente"
MANTECA VEGETAL DE PALMA LA FAMOSA 10 KG (EMER);PRODUCTO_SGP_SIN_INGREDIENTE;"no esta en PRODUCTO_INGREDIENTE; queda como su propio ingrediente"
MANZANA DE AGUA REFRIGERADO;ENLACE_PRODUCTO;se usa el ingrediente 'MANZANA DE AGUA'
MANZANA ROJA REFRIGERADO;ENLACE_PRODUCTO;se usa el ingrediente 'MANZANA ROJA'
MARGARINA HOJALDRE LAMINADO MASTER EXPORT 2 KG;PRODUCTO_SGP_SIN_INGREDIENTE;"no esta en PRODUCTO_INGREDIENTE; queda como su propio ingrediente"
MARGARINA HOJALDRE ROMEA PLUS 2 KG;PRODUCTO_SGP_SIN_INGREDIENTE;"no esta en PRODUCTO_INGREDIENTE; queda como su propio ingrediente"
MARGARINA SWISS LAIVE POTE 450 GR (E);UNIDAD_DISTINTA_AL_INGREDIENTE;"el producto esta en UND (factor 1) y el ingrediente 'MARGARINA CON SAL REFRIGERADO GRANEL KG' en KG; queda bajo 'MARGARINA CON SAL REFRIGERADO GRANEL KG (UND)' hasta definir la conversion"
MASCARILLA KN95 BLANCA MAKETTO CAJA X10 PCS;PRODUCTO_SGP_SIN_INGREDIENTE;"no esta en PRODUCTO_INGREDIENTE; queda como su propio ingrediente"
MAYONESA BASE EMIC 3.8 KG;UNIDAD_DISTINTA_AL_INGREDIENTE;"el producto esta en KG (factor 3.8) y el ingrediente 'MAYONESA SCALA EMIC 3.8 KG' en L; queda bajo 'MAYONESA SCALA EMIC 3.8 KG (KG)' hasta definir la conversion"
MAYONESA SCALA EMIC 3.8 KG;UNIDAD_DISTINTA_AL_INGREDIENTE;"el producto esta en KG (factor 3.8) y el ingrediente 'MAYONESA HELLMANS SUAVE' en L; queda bajo 'MAYONESA HELLMANS SUAVE (KG)' hasta definir la conversion"
MEJORADOR DE MASA IBIS KG;UNIDAD_DISTINTA_AL_INGREDIENTE;"el producto esta en UND (factor 1) y el ingrediente 'MEJORADOR DE MASA' en KG; queda bajo 'MEJORADOR DE MASA (UND)' hasta definir la conversion"
MELON ROSADO REFRIGERADO;ENLACE_PRODUCTO;se usa el ingrediente 'MELON ROSADO'
MEMBRILLO REFRIGERADO;ENLACE_PRODUCTO;se usa el ingrediente 'MEMBRILLO'
MERMELADA;INGREDIENTES_UNIDOS;MERMELADA NARANJA 14 GR se suma a 'MERMELADA FRESA TRES ESPADAS 14 GR'
MERMELADA FRESA 14 GR;ENLACE_PRODUCTO;se usa el ingrediente 'MERMELADA FRESA TRES ESPADAS 14 GR'
MERMELADA FRESA A-1 850 GR;UNIDAD_DISTINTA_AL_INGREDIENTE;"el producto esta en UND (factor 1) y el ingrediente 'MERMELADA FRESA GRANEL' en KG; queda bajo 'MERMELADA FRESA GRANEL (UND)' hasta definir la conversion"
MERMELADA FRESA A-1 DOY PACK;UNIDAD_DISTINTA_AL_INGREDIENTE;"el producto esta en UND (factor 1) y el ingrediente 'MERMELADA FRESA GRANEL' en KG; queda bajo 'MERMELADA FRESA GRANEL (UND)' hasta definir la conversion"
MERMELADA NARANJA 14 GR;ENLACE_PRODUCTO;se usa el ingrediente 'MERMELADA FRESA TRES ESPADAS 14 GR'
MERMELADA SAUCO DULCE COSECHA 5 KG;UNIDAD_DISTINTA_AL_INGREDIENTE;"el producto esta en KG (factor 5) y el ingrediente 'MERMELADA FRESA TRES ESPADAS 14 GR' en UND; queda bajo 'MERMELADA FRESA TRES ESPADAS 14 GR (KG)' hasta definir la conversion"
MEZCLA LACTEA IDEAL AMANECER 390 GR;UNIDAD_DISTINTA_AL_INGREDIENTE;"el producto esta en KG (factor 0.39) y el ingrediente 'MEZCLA LACTEA' en L; queda bajo 'MEZCLA LACTEA (KG)' hasta definir la conversion"
MEZCLA LACTEA LAIVE CREMOSA EN CAJA 480 GR;UNIDAD_DISTINTA_AL_INGREDIENTE;"el producto esta en KG (factor 0.48) y el ingrediente 'LECHE EVAPORADA TETRA' en L; queda bajo 'LECHE EVAPORADA TETRA (KG)' hasta definir la conversion"
MEZCLA LACTEA LAIVE NUTRILAC BOTELLA 390G;UNIDAD_DISTINTA_AL_INGREDIENTE;"el producto esta en KG (factor 0.39) y el ingrediente 'MEZCLA LACTEA' en L; queda bajo 'MEZCLA LACTEA (KG)' hasta definir la conversion"
MEZCLA LACTEA VITAMINIZADA LAIVE 160 GR;UNIDAD_DISTINTA_AL_INGREDIENTE;"el producto esta en KG (factor 0.16) y el ingrediente 'MEZCLA LACTEA' en L; queda bajo 'MEZCLA LACTEA (KG)' hasta definir la conversion"
MILO ACTIV-GO 16 GR;PRODUCTO_SGP_SIN_INGREDIENTE;"no esta en PRODUCTO_INGREDIENTE; queda como su propio ingrediente"
MIXTURA DE MARISCOS PNM;PRODUCTO_SGP_SIN_INGREDIENTE;"no esta en PRODUCTO_INGREDIENTE; queda como su propio ingrediente"
MOLLEJA DE POLLO CONGELADO ZEDINA;PRODUCTO_SGP_SIN_INGREDIENTE;"no esta en PRODUCTO_INGREDIENTE; queda como su propio ingrediente"
MONDONGO CONGELADO ZEDINA;PRODUCTO_SGP_SIN_INGREDIENTE;"no esta en PRODUCTO_INGREDIENTE; queda como su propio ingrediente"
MUFFIN DE PLATANO GYM (CONGELADO);PRODUCTO_SGP_SIN_INGREDIENTE;"no esta en PRODUCTO_INGREDIENTE; queda como su propio ingrediente"
NABO REFRIGERADO;ENLACE_PRODUCTO;se usa el ingrediente 'NABO'
NARANJA DE JUGO REFRIGERADO;ENLACE_PRODUCTO;se usa el ingrediente 'NARANJA DE JUGO'
NARANJA DE MESA REFRIGERADO;ENLACE_PRODUCTO;se usa el ingrediente 'NARANJA DE MESA'
NEKO EXTRA PROTECCION ANTIBACTERIAL 75GR;PRODUCTO_SGP_SIN_INGREDIENTE;"no esta en PRODUCTO_INGREDIENTE; queda como su propio ingrediente"
OLLUCO ENTERO REFRIGERADO;ENLACE_PRODUCTO;se usa el ingrediente 'OLLUCO ENTERO'
PALITOS DE BROCHETA 24 CM;ENLACE_PRODUCTO;se usa el ingrediente 'PALITOS DE BROCHETA 20 CM'
PALLAR CON TOCINO GAMBRINUS 560 GR;UNIDAD_DISTINTA_AL_INGREDIENTE;"el producto esta en UND (factor 1) y el ingrediente 'PALLAR' en KG; queda bajo 'PALLAR (UND)' hasta definir la conversion"
PANETON EN BOLSA DOYPACK WINTERS 850 GR;PRODUCTO_SGP_SIN_INGREDIENTE;"no esta en PRODUCTO_INGREDIENTE; queda como su propio ingrediente"
PANETON MINI CHOCO GLORIA BOLSA 90 GR;PRODUCTO_SGP_SIN_INGREDIENTE;"no esta en PRODUCTO_INGREDIENTE; queda como su propio ingrediente"
PAPA AMARILLA REFRIGERADO;ENLACE_PRODUCTO;se usa el ingrediente 'PAPA AMARILLA'
PAPA BLANCA REFRIGERADO;ENLACE_PRODUCTO;se usa el ingrediente 'PAPA BLANCA'
PAPAS ONDAS LAYS 37 GR;PRODUCTO_SGP_SIN_INGREDIENTE;"no esta en PRODUCTO_INGREDIENTE; queda como su propio ingrediente"
PAPAYA ENTERO REFRIGERADO;ENLACE_PRODUCTO;se usa el ingrediente 'PAPAYA ENTERO'
PAPEL TEST QUAT 1 X 1;PRODUCTO_SGP_SIN_INGREDIENTE;"no esta en PRODUCTO_INGREDIENTE; queda como su propio ingrediente"
PARIHUELA DE MADERA EAN 1.00 X 1.20MT - PREMIUM;PRODUCTO_SGP_SIN_INGREDIENTE;"no esta en PRODUCTO_INGREDIENTE; queda como su propio ingrediente"
PASAS MORENAS VALLE ALTO 100 / 90 GR;PRODUCTO_SGP_SIN_INGREDIENTE;"no esta en PRODUCTO_INGREDIENTE; queda como su propio ingrediente"
PASAS SECAS NEGRAS GARDEN 4 ESTACIONES 1 KG - CAJA;PRODUCTO_SGP_SIN_INGREDIENTE;"no esta en PRODUCTO_INGREDIENTE; queda como su propio ingrediente"
PASAS SECAS RUBIAS 4 ESTACIONES 1 KG - CAJA;PRODUCTO_SGP_SIN_INGREDIENTE;"no esta en PRODUCTO_INGREDIENTE; queda como su propio ingrediente"
PAVO ENTERO CON MENUDENCIA CONGELADO 10 KG (N);PRODUCTO_SGP_SIN_INGREDIENTE;"no esta en PRODUCTO_INGREDIENTE; queda como su propio ingrediente"
PAÑO MICROFIBRA AMARILLO CM 40 X 38 - DARYZA;PRODUCTO_SGP_SIN_INGREDIENTE;"no esta en PRODUCTO_INGREDIENTE; queda como su propio ingrediente"
PECANA PELADA SANTIS 80 GR;UNIDAD_DISTINTA_AL_INGREDIENTE;"el producto esta en UND (factor 1) y el ingrediente 'PECANAS PELADAS' en KG; queda bajo 'PECANAS PELADAS (UND)' hasta definir la conversion"
PECANA PELADA SANTIS 90 GR;UNIDAD_DISTINTA_AL_INGREDIENTE;"el producto esta en UND (factor 1) y el ingrediente 'PECANAS PELADAS' en KG; queda bajo 'PECANAS PELADAS (UND)' hasta definir la conversion"
PECANA PELADA VALLEALTO X 90 GR;UNIDAD_DISTINTA_AL_INGREDIENTE;"el producto esta en UND (factor 1) y el ingrediente 'PECANAS PELADAS' en KG; queda bajo 'PECANAS PELADAS (UND)' hasta definir la conversion"
PEPINILLO REFRIGERADO;ENLACE_PRODUCTO;se usa el ingrediente 'PEPINILLO'
PERA PACKHAMS REFRIGERADO;ENLACE_PRODUCTO;se usa el ingrediente 'PERA PACKHAMS'
PEREJIL LIZO REFRIGERADO;ENLACE_PRODUCTO;se usa el ingrediente 'PEREJIL'
PIMIENTO ROJO REFRIGERADO;ENLACE_PRODUCTO;se usa el ingrediente 'PIMIENTO ROJO'
PIROTINES PARA POSTRE #8 X MILLAR;PRODUCTO_CON_DOS_INGREDIENTES;"enlazado a 'PIROTIN BLANCO # 1 X 1000 UND' y a 'PIROTINES PARA POSTRE #8 X MILLAR'; se usa el primero"
PIZZA ENVOLTINI NAPOLI 135 GR CONGELADA;PRODUCTO_SGP_SIN_INGREDIENTE;"no esta en PRODUCTO_INGREDIENTE; queda como su propio ingrediente"
PIÑA EN RODAJAS COMPASS 560 GR;PRODUCTO_CON_DOS_INGREDIENTES;"enlazado a 'PIÑA EN RODAJAS LATA' y a 'RODAJAS COMPASS 560'; se usa el primero"
PIÑA SELVA REFRIGERADO;ENLACE_PRODUCTO;se usa el ingrediente 'PIÑA SELVA'
PLATANO BELLACO REFRIGERADO;ENLACE_PRODUCTO;se usa el ingrediente 'PLATANO BELLACO'
PLATO TENDIDO DE BAGAZO #18 X MILLAR (EMER);PRODUCTO_SGP_SIN_INGREDIENTE;"no esta en PRODUCTO_INGREDIENTE; queda como su propio ingrediente"
PLATO TENDIDO PARA SEGUNDO DESCARTABLE # 20 MILLAR;PRODUCTO_CON_DOS_INGREDIENTES;"enlazado a 'PLATO TENDIDO PARA SEGUNDO DESCARTABLE # 20' y a 'PLATO TENDIDO DE BAGAZO #15'; se usa el primero"
POLLO SIN MENUDENCIA CONGELADO RANGO 2.06 A 2.600 KG;PRODUCTO_SGP_SIN_INGREDIENTE;"no esta en PRODUCTO_INGREDIENTE; queda como su propio ingrediente"
PORO REFRIGERADO;ENLACE_PRODUCTO;se usa el ingrediente 'PORO'
PRE ELABORADO CONSERVA FRIJOL PANAMITO 1 KG OLIVEZA BOLSA;PRODUCTO_SGP_SIN_INGREDIENTE;"no esta en PRODUCTO_INGREDIENTE; queda como su propio ingrediente"
PRE ELABORADO RAM FRIJOL CANARIO SIN ADEREZO;ENLACE_PRODUCTO;se usa el ingrediente 'PRE ELABORADO FRIJOL CANARIO SIN ADEREZO'
PREMEZCLA INVENTIS GOLD CAKE 5 KG;PRODUCTO_SGP_SIN_INGREDIENTE;"no esta en PRODUCTO_INGREDIENTE; queda como su propio ingrediente"
PREMEZCLA INVENTIS TORTA DE CHOCOLATE INTENSO 10 KG;PRODUCTO_CON_DOS_INGREDIENTES;"enlazado a 'PREMEZCLA INVENTIS TORTA DE CHOCOLATE INTENSO' y a 'PREMEZCLA INVENTIS BIZCOCHUELO TRES LECHES'; se usa el primero"
PUDIN DE CHOCOLATE MACROFOOD 1KG;PRODUCTO_SGP_SIN_INGREDIENTE;"no esta en PRODUCTO_INGREDIENTE; queda como su propio ingrediente"
PUDIN DE COCO MACROFOOD 1KG;PRODUCTO_SGP_SIN_INGREDIENTE;"no esta en PRODUCTO_INGREDIENTE; queda como su propio ingrediente"
PUDIN DE VAINILLA MACROFOOD 1KG;PRODUCTO_SGP_SIN_INGREDIENTE;"no esta en PRODUCTO_INGREDIENTE; queda como su propio ingrediente"
PUFF DE QUINUA 7 DRAGONES LEMON PEPPER 40 GR;PRODUCTO_SGP_SIN_INGREDIENTE;"no esta en PRODUCTO_INGREDIENTE; queda como su propio ingrediente"
PUFF DE QUINUA 7 DRAGONES POLLO BRASA LEÑA 40 GR;PRODUCTO_SGP_SIN_INGREDIENTE;"no esta en PRODUCTO_INGREDIENTE; queda como su propio ingrediente"
PUFF DE QUINUA 7 DRAGONES QUESO GRILLADO 40 GR;PRODUCTO_SGP_SIN_INGREDIENTE;"no esta en PRODUCTO_INGREDIENTE; queda como su propio ingrediente"
PUFF DE QUINUA 7 DRAGONES QUESO NAPOLITANO 40 GR;PRODUCTO_SGP_SIN_INGREDIENTE;"no esta en PRODUCTO_INGREDIENTE; queda como su propio ingrediente"
PULPA DE PAPAYA CONGELADA;ENLACE_VARIANTE_DE_NOMBRE;se usa el ingrediente 'PULPA DE PAPAYA CONGELADO'
PULPA DE PIÑA CONGELADA;ENLACE_VARIANTE_DE_NOMBRE_DE_UN_PRODUCTO;se usa el ingrediente 'PIÑA PULPA CONGELADO'
PURE DE CAMOTE EMIC 1 KG;PRODUCTO_SGP_SIN_INGREDIENTE;"no esta en PRODUCTO_INGREDIENTE; queda como su propio ingrediente"
PURE DE MANZANA EMIC 1 KG;PRODUCTO_SGP_SIN_INGREDIENTE;"no esta en PRODUCTO_INGREDIENTE; queda como su propio ingrediente"
QUESO EDAM LAMINADO DELICE 1 KG REFRIGERADO;PRODUCTO_SGP_SIN_INGREDIENTE;"no esta en PRODUCTO_INGREDIENTE; queda como su propio ingrediente"
QUESO EDAM LAMINADO LAIVE 500 GR REFRIGERADO;UNIDAD_DISTINTA_AL_INGREDIENTE;"el producto esta en UND (factor 1) y el ingrediente 'QUESO EDAM' en KG; queda bajo 'QUESO EDAM (UND)' hasta definir la conversion"
QUESO GOUDA LAMINADO CONGELADO 500 GR;PRODUCTO_SGP_SIN_INGREDIENTE;"no esta en PRODUCTO_INGREDIENTE; queda como su propio ingrediente"
QUESO GOUDA LAMINADO DELICE REFRIGERADO 1 KG;PRODUCTO_SGP_SIN_INGREDIENTE;"no esta en PRODUCTO_INGREDIENTE; queda como su propio ingrediente"
QUESO MOZARELLA CONGELADO;ENLACE_PRODUCTO;se usa el ingrediente 'QUESO MOZARELLA'
QUESO MOZARELLA REFRIGERADO;ENLACE_PRODUCTO;se usa el ingrediente 'QUESO MOZARELLA'
QUESO PARIA GLORIA KG;PRODUCTO_SGP_SIN_INGREDIENTE;"no esta en PRODUCTO_INGREDIENTE; queda como su propio ingrediente"
RABANITO REFRIGERADO;ENLACE_PRODUCTO;se usa el ingrediente 'RABANITO'
REPUESTO BASTON DE ALUMINIO CON CABEZAL AMARILLO - 30232;PRODUCTO_SGP_SIN_INGREDIENTE;"no esta en PRODUCTO_INGREDIENTE; queda como su propio ingrediente"
REPUESTO MOOP ATRAPA POLVO DE ALGODON AZUL X 91 CM / DMTL-16536BCDA DARYZA;PRODUCTO_SGP_SIN_INGREDIENTE;"no esta en PRODUCTO_INGREDIENTE; queda como su propio ingrediente"
RES - ASADO (OXAPAMPA);PRODUCTO_SGP_SIN_INGREDIENTE;"no esta en PRODUCTO_INGREDIENTE; queda como su propio ingrediente"
RES - BIFE (OXAPAMPA);PRODUCTO_SGP_SIN_INGREDIENTE;"no esta en PRODUCTO_INGREDIENTE; queda como su propio ingrediente"
RES - GUISO CONGELADO (OXAPAMPA);PRODUCTO_SGP_SIN_INGREDIENTE;"no esta en PRODUCTO_INGREDIENTE; queda como su propio ingrediente"
RES - MALAYA (OXAPAMPA);PRODUCTO_SGP_SIN_INGREDIENTE;"no esta en PRODUCTO_INGREDIENTE; queda como su propio ingrediente"
RES CARNE MOLIDA CONGELADO;ENLACE_PRODUCTO;se usa el ingrediente 'CARNE MOLIDA CONGELADA'
RES CORAZON CONGELADO;ENLACE_PRODUCTO;se usa el ingrediente 'CORAZON CONGELADO'
RES MONDONGO ENTERO CONGELADO;ENLACE_PRODUCTO;se usa el ingrediente 'MONDONGO CONGELADO'
RES PULMON CORTE CHANFAINITA CONGELADA;ENLACE_PRODUCTO;se usa el ingrediente 'CHANFAINITA CONGELADA'
ROCOTO NORMAL REFRIGERADO;ENLACE_PRODUCTO;se usa el ingrediente 'ROCOTO NORMAL'
ROCOTO PARA RELLENO REFRIGERADO;ENLACE_PRODUCTO;se usa el ingrediente 'ROCOTO PARA RELLENO'
SALSA BBQ EMIC 1 KG;PRODUCTO_SGP_SIN_INGREDIENTE;"no esta en PRODUCTO_INGREDIENTE; queda como su propio ingrediente"
SALSA BBQ LUREN 510 GRM;UNIDAD_DISTINTA_AL_INGREDIENTE;"el producto esta en KG (factor 0.51) y el ingrediente 'SALSA BBQ' en L; queda bajo 'SALSA BBQ (KG)' hasta definir la conversion"
SALSA CHIMICHURRI EMIC 1 KG;PRODUCTO_SGP_SIN_INGREDIENTE;"no esta en PRODUCTO_INGREDIENTE; queda como su propio ingrediente"
SALSA ESPAÑOLA MACROFOOD 1 KG;PRODUCTO_SGP_SIN_INGREDIENTE;"no esta en PRODUCTO_INGREDIENTE; queda como su propio ingrediente"
SALSA INGLESA LEA PEARRINS 290 ML;UNIDAD_DISTINTA_AL_INGREDIENTE;"el producto esta en L (factor 0.29) y el ingrediente 'SALSA INGLESA' en KG; queda bajo 'SALSA INGLESA (L)' hasta definir la conversion"
SALSA INGLESA LUREN 295 ML;UNIDAD_DISTINTA_AL_INGREDIENTE;"el producto esta en L (factor 0.295) y el ingrediente 'SALSA INGLESA' en KG; queda bajo 'SALSA INGLESA (L)' hasta definir la conversion"
SALSA INGLESA LUREN 295 ML PET;UNIDAD_DISTINTA_AL_INGREDIENTE;"el producto esta en L (factor 0.295) y el ingrediente 'SALSA INGLESA' en KG; queda bajo 'SALSA INGLESA (L)' hasta definir la conversion"
SALSA MENSI KIKKO 350 ML PET;UNIDAD_DISTINTA_AL_INGREDIENTE;"el producto esta en L (factor 0.39) y el ingrediente 'SALSA MENSI' en KG; queda bajo 'SALSA MENSI (L)' hasta definir la conversion"
SALSA OSTION LEE KUN KEE 510/480 GR;UNIDAD_DISTINTA_AL_INGREDIENTE;"el producto esta en KG (factor 0.51) y el ingrediente 'SALSA OSTION' en L; queda bajo 'SALSA OSTION (KG)' hasta definir la conversion"
SALSA OSTION NAKAMITO 270 ML (EMER);PRODUCTO_SGP_SIN_INGREDIENTE;"no esta en PRODUCTO_INGREDIENTE; queda como su propio ingrediente"
SANDIA REFRIGERADO;ENLACE_PRODUCTO;se usa el ingrediente 'SANDIA'
SNACK PACK PUDDIN DE CHOCOLATE X 4PK;PRODUCTO_SGP_SIN_INGREDIENTE;"no esta en PRODUCTO_INGREDIENTE; queda como su propio ingrediente"
SNACK PACK PUDDIN DEVAINILLA X 4PK;PRODUCTO_SGP_SIN_INGREDIENTE;"no esta en PRODUCTO_INGREDIENTE; queda como su propio ingrediente"
SOPA INSTANTANEA MARUCHAN CARNE 64 GR;PRODUCTO_SGP_SIN_INGREDIENTE;"no esta en PRODUCTO_INGREDIENTE; queda como su propio ingrediente"
SOPA INSTANTANEA MARUCHAN POLLO 64 GR;PRODUCTO_SGP_SIN_INGREDIENTE;"no esta en PRODUCTO_INGREDIENTE; queda como su propio ingrediente"
SPARCLEAN RINSE AID II SPARTAN 5 LITROS;UNIDAD_DISTINTA_AL_INGREDIENTE;"el producto esta en L (factor 5) y el ingrediente 'SPARCLEAN RINSE AID II SPARTAN 5 LT' en UND; queda bajo 'SPARCLEAN RINSE AID II SPARTAN 5 LT (L)' hasta definir la conversion"
TAPA DE CUADRIL (PICANHA) CONGELADO IMPORTADO;PRODUCTO_SGP_SIN_INGREDIENTE;"no esta en PRODUCTO_INGREDIENTE; queda como su propio ingrediente"
TAPA P/ENVASE BOWL DE 16-26-32 OZ BIO KRAFT CALIENTE X 300UND;PRODUCTO_SGP_SIN_INGREDIENTE;"no esta en PRODUCTO_INGREDIENTE; queda como su propio ingrediente"
TAPA PARA ENVASE DESCARTABLE CIRCULAR PP TRANSPARENTE 0.5-1 LT ALFA X 200 UND;PRODUCTO_CON_DOS_INGREDIENTES;"enlazado a 'TAPA P/ENVASE DESCARTABLE CIRCULAR PP TRAN 0.5-1LT' y a 'TAPA PARA ENVASE DESCARTABLE CIRCULAR PP TRANSPARENTE 0.5-1 LT ALFA X 200 UND'; se usa el primero"
TAPA PARA ENVASE SOPERO DE BAMBU 8 OZ X 500 UND;PRODUCTO_SGP_SIN_INGREDIENTE;"no esta en PRODUCTO_INGREDIENTE; queda como su propio ingrediente"
TAPA PARA VASO POLIPAPEL 10 OZ MILLAR;PRODUCTO_SGP_SIN_INGREDIENTE;"no esta en PRODUCTO_INGREDIENTE; queda como su propio ingrediente"
TAPA PET PARA ENVASE SALAD BOWL DE BAMBU 1000 ML X 300 UND;PRODUCTO_SGP_SIN_INGREDIENTE;"no esta en PRODUCTO_INGREDIENTE; queda como su propio ingrediente"
TEQUEÑOS DE QUESO 20 GR CONGELADO (EMER);PRODUCTO_SGP_SIN_INGREDIENTE;"no esta en PRODUCTO_INGREDIENTE; queda como su propio ingrediente"
TIRAS REACTIVAS DE PEROXIDO X 100U - 100/400PPM;PRODUCTO_SGP_SIN_INGREDIENTE;"no esta en PRODUCTO_INGREDIENTE; queda como su propio ingrediente"
TOALLA HIGIENICA ALWAYS X 10UND;PRODUCTO_SGP_SIN_INGREDIENTE;"no esta en PRODUCTO_INGREDIENTE; queda como su propio ingrediente"
TOMATE CRIOLLO REFRIGERADO;ENLACE_PRODUCTO;se usa el ingrediente 'TOMATE CRIOLLO'
TORTILLA CLASICA BIMBO X 12 UNIDS (EMER);PRODUCTO_SGP_SIN_INGREDIENTE;"no esta en PRODUCTO_INGREDIENTE; queda como su propio ingrediente"
TUNA ROJA REFRIGERADO;ENLACE_PRODUCTO;se usa el ingrediente 'TUNA ROJA'
UVA NEGRA REFRIGERADO;ENLACE_PRODUCTO;se usa el ingrediente 'UVA NEGRA'
VAINITA ENTERO REFRIGERADO;ENLACE_PRODUCTO;se usa el ingrediente 'VAINITA REFRIGERADO / CONGELADO'
VAINITA TROZOS CONGELADO;ENLACE_PRODUCTO;se usa el ingrediente 'VAINITA REFRIGERADO / CONGELADO'
VASO POLIPAPEL BLANCO 10 OZ MILLAR;PRODUCTO_SGP_SIN_INGREDIENTE;"no esta en PRODUCTO_INGREDIENTE; queda como su propio ingrediente"
VINAGRE BALSAMICO LUREN 5 LT PET (EMER);PRODUCTO_SGP_SIN_INGREDIENTE;"no esta en PRODUCTO_INGREDIENTE; queda como su propio ingrediente"
WAFER CHOCOLATE COSTA NIK 27 GR (CXEMER);PRODUCTO_SGP_SIN_INGREDIENTE;"no esta en PRODUCTO_INGREDIENTE; queda como su propio ingrediente"
WAFER CHOCOLATE COSTA NIK 72 GR;PRODUCTO_SGP_SIN_INGREDIENTE;"no esta en PRODUCTO_INGREDIENTE; queda como su propio ingrediente"
YOGURT DE DURAZNO GLORIA 1 LT / 946 GR;PRODUCTO_SGP_SIN_INGREDIENTE;"no esta en PRODUCTO_INGREDIENTE; queda como su propio ingrediente"
YOGURT DE DURAZNO GLORIA SLIM 1 LT;UNIDAD_DISTINTA_AL_INGREDIENTE;"el producto esta en L (factor 1) y el ingrediente 'YOGURT DURAZNO LIGHT LT' en KG; queda bajo 'YOGURT DURAZNO LIGHT LT (L)' hasta definir la conversion"
YOGURT DE FRESA GLORIA 1 LT / 946 GR;PRODUCTO_SGP_SIN_INGREDIENTE;"no esta en PRODUCTO_INGREDIENTE; queda como su propio ingrediente"
YOGURT DE FRESA GLORIA SLIM 1 LT;UNIDAD_DISTINTA_AL_INGREDIENTE;"el producto esta en L (factor 1) y el ingrediente 'YOGURT FRESA LIGHT LT' en KG; queda bajo 'YOGURT FRESA LIGHT LT (L)' hasta definir la conversion"
YOGURT DE GUANABANA GLORIA 1 LT / 946 GR;PRODUCTO_SGP_SIN_INGREDIENTE;"no esta en PRODUCTO_INGREDIENTE; queda como su propio ingrediente"
YOGURT DE VAINILLA FRANCESA GLORIA 1 LT / 946 GR;PRODUCTO_SGP_SIN_INGREDIENTE;"no esta en PRODUCTO_INGREDIENTE; queda como su propio ingrediente"
YOGURT DE VAINILLA GLORIA SLIM 1 LT;UNIDAD_DISTINTA_AL_INGREDIENTE;"el producto esta en L (factor 1) y el ingrediente 'YOGURT VAINILLA LIGHT LT' en KG; queda bajo 'YOGURT VAINILLA LIGHT LT (L)' hasta definir la conversion"
YOGURT DE VAINILLA LIGHT GLORIA 500ML;UNIDAD_DISTINTA_AL_INGREDIENTE;"el producto esta en L (factor 0.5) y el ingrediente 'YOGURT X 500 ML' en UND; queda bajo 'YOGURT X 500 ML (L)' hasta definir la conversion"
YOGURT DURAZNO BIO LAIVE 1.8 LT;UNIDAD_DISTINTA_AL_INGREDIENTE;"el producto esta en L (factor 1.8) y el ingrediente 'YOGURT DURAZNO NORMAL LT' en KG; queda bajo 'YOGURT DURAZNO NORMAL LT (L)' hasta definir la conversion"
YOGURT DURAZNO PROBIOTICO LAIVE 930 GR;PRODUCTO_SGP_SIN_INGREDIENTE;"no esta en PRODUCTO_INGREDIENTE; queda como su propio ingrediente"
YOGURT FRESA LAIVE 946 GR;UNIDAD_DISTINTA_AL_INGREDIENTE;"el producto esta en KG (factor 0.946) y el ingrediente 'YOGURT FRESA NORMAL LT' en L; queda bajo 'YOGURT FRESA NORMAL LT (KG)' hasta definir la conversion"
YOGURT FRESA PROBIOTICO LAIVE 930 GR;PRODUCTO_SGP_SIN_INGREDIENTE;"no esta en PRODUCTO_INGREDIENTE; queda como su propio ingrediente"
YOGURT LUCUMA BIO LAIVE 1.8 LT;UNIDAD_DISTINTA_AL_INGREDIENTE;"el producto esta en L (factor 1.8) y el ingrediente 'YOGURT LUCUMA NORMAL LT' en KG; queda bajo 'YOGURT LUCUMA NORMAL LT (L)' hasta definir la conversion"
YOGURT LUCUMA PROBIOTICO LAIVE 930 GR;PRODUCTO_SGP_SIN_INGREDIENTE;"no esta en PRODUCTO_INGREDIENTE; queda como su propio ingrediente"
YOGURT MORA PROBIOTICO LAIVE 930 GR;PRODUCTO_SGP_SIN_INGREDIENTE;"no esta en PRODUCTO_INGREDIENTE; queda como su propio ingrediente"
YOGURT VAINILLA FRANCESA LAIVE 946 GR;UNIDAD_DISTINTA_AL_INGREDIENTE;"el producto esta en KG (factor 0.946) y el ingrediente 'YOGURT VAINILLA FRANCESA NORMAL LT' en L; queda bajo 'YOGURT VAINILLA FRANCESA NORMAL LT (KG)' hasta definir la conversion"
YOGURT VAINILLA PROBIOTICO LAIVE 930 GR;PRODUCTO_SGP_SIN_INGREDIENTE;"no esta en PRODUCTO_INGREDIENTE; queda como su propio ingrediente"
YUCA PICANTE CROCANTITO 150 GR;PRODUCTO_SGP_SIN_INGREDIENTE;"no esta en PRODUCTO_INGREDIENTE; queda como su propio ingrediente"
YUCA PICANTE CROCANTITO 70 GR;PRODUCTO_SGP_SIN_INGREDIENTE;"no esta en PRODUCTO_INGREDIENTE; queda como su propio ingrediente"
YUCA SALADA CROCANTITO 150 GR;PRODUCTO_SGP_SIN_INGREDIENTE;"no esta en PRODUCTO_INGREDIENTE; queda como su propio ingrediente"
YUCA SALADA CROCANTITO 70 GR;PRODUCTO_SGP_SIN_INGREDIENTE;"no esta en PRODUCTO_INGREDIENTE; queda como su propio ingrediente"
ZANAHORIA EN TIRAS CONGELADO;PRODUCTO_SGP_SIN_INGREDIENTE;"no esta en PRODUCTO_INGREDIENTE; queda como su propio ingrediente"
ZANAHORIA REFRIGERADO;ENLACE_PRODUCTO;se usa el ingrediente 'ZANAHORIA'
ZAPALLO ITALIANO REFRIGERADO;ENLACE_PRODUCTO;se usa el ingrediente 'ZAPALLO ITALIANO'
ZAPALLO MACRE REFRIGERADO;ENLACE_PRODUCTO;se usa el ingrediente 'ZAPALLO MACRE'
