dia;servicio;orden;estructura_codigo;estructura;receta_codigo;receta_nombre;reparto_pct;gramaje_g_racion;costo_estimado_racion;costo_completo
1;DESAYUNO;1;BEB;Bebida caliente;F00175;AVENA;100;32.2;0.1159;SI
1;DESAYUNO;2;JUG;Jugo;F00515;JUGO DE FRESA;50;130.0;1.0301;SI
1;DESAYUNO;2;JUG;Jugo;RT0162;JUGO DE FRESA Y ARANDANO;50;150.0;1.1947;SI
1;DESAYUNO;3;PAN;Panes;RT0213;PAN - PAN DE MANTECA;100;45.1;0.1796;SI
1;DESAYUNO;4;FSO;Fondo o sopa;RT0002;AGUADITO DE POLLO;100;184.1;0.9697;SI
1;DESAYUNO;5;CO1;Complemento 1 (jamon, aceituna, queso, palta, chicharron de prensa);RT0054;CHICHARRON DE PRENSA;100;20.0;0.3473;SI
1;DESAYUNO;6;CO2;Complemento 2 (otro complemento distinto al 1);RT0104;EMPANADA DE BODA;100;62.4;0.4502;SI
1;DESAYUNO;7;HUE;Huevo (frito / a la orden);F00125;HUEVOS A LA ORDEN;50;122.0;1.1140;SI
1;DESAYUNO;7;HUE;Huevo (frito / a la orden);F00445;HUEVO FRITO;50;61.0;0.5741;SI
1;DESAYUNO;8;UNT;Mantequilla / mermelada;RT0184;MANTEQUILLA CON SAL;50;0.0;0.3800;SI
1;DESAYUNO;8;UNT;Mantequilla / mermelada;RT0196;MERMELADA;50;0.0;0.2600;SI
1;DESAYUNO;9;FRU;Fruta;RT0144;GRANADILLA;100;110.0;0.8250;SI
1;ALMUERZO;1;ENT;Entrada;F00356;ENSALADA CAPRESE;100;126.6;1.2981;SI
1;ALMUERZO;2;SOP;Sopa;RT0031;CALDO DE GALLINA;100;174.6;1.1481;SI
1;ALMUERZO;3;FON;Plato de fondo;RT0013;ALITAS BROASTER EN SALSA DE OSTION;70;162.3;1.8344;SI
1;ALMUERZO;3;FON;Plato de fondo;RT0302;POLL - AEROPUERTO ECO;30;382.0;3.0371;SI
1;ALMUERZO;4;GUA;Guarnicion;F01879;BERENJENAS SALTEADAS;100;125.2;0.5831;SI
1;ALMUERZO;5;REF;Refresco;F00369;CHICHA MORADA;100;15.0;0.2761;SI
1;ALMUERZO;6;POS;Postre;RT0010;ALFAJOR CON MANJARBLANCO I;100;47.2;0.3218;SI
1;ALMUERZO;7;SAL;Salsas y ajies;RT0003;AJI - CREMA DE AJI AMARILLO;100;16.1;0.1009;SI
1;CENA;1;SOP;Sopa;RT0468;SOPA DE CHUÑO NEGRO;100;231.2;2.6735;SI
1;CENA;2;FON;Plato de fondo;RT0257;PAV - PAVO A LA JARDINERA;100;215.3;3.7337;SI
1;CENA;3;GUA;Guarnicion;F01303;CAMOTE SANCOCHADO CON SALSA CRIOLLA;100;152.1;0.3871;SI
1;CENA;4;BEB;Bebida caliente;F01842;KIWICHA CON MEMBRILLO;100;65.2;0.5459;SI
1;CENA;5;POS;Postre;RT0510;TARTALETA DE FRESA;100;95.4;0.8775;SI
2;DESAYUNO;1;BEB;Bebida caliente;RT0018;API;100;12.8;0.2242;SI
2;DESAYUNO;2;JUG;Jugo;F01564;JUGO DE FRESA CON LECHE;50;145.0;1.1852;SI
2;DESAYUNO;2;JUG;Jugo;RT0163;JUGO DE PAPAYA CON FRESA;50;137.4;1.0287;SI
2;DESAYUNO;3;PAN;Panes;RT0523;TOSTADAS INTEGRALES;100;24.2;0.0961;SI
2;DESAYUNO;4;FSO;Fondo o sopa;RT0031;CALDO DE GALLINA;100;174.6;1.1481;SI
2;DESAYUNO;5;CO1;Complemento 1 (jamon, aceituna, queso, palta, chicharron de prensa);RT0159;JAMON;100;30.0;0.3850;SI
2;DESAYUNO;6;CO2;Complemento 2 (otro complemento distinto al 1);RT0161;JAMONADA;100;30.0;0.3473;SI
2;DESAYUNO;7;HUE;Huevo (frito / a la orden);F00125;HUEVOS A LA ORDEN;50;122.0;1.1140;SI
2;DESAYUNO;7;HUE;Huevo (frito / a la orden);F00445;HUEVO FRITO;50;61.0;0.5741;SI
2;DESAYUNO;8;UNT;Mantequilla / mermelada;RT0184;MANTEQUILLA CON SAL;50;0.0;0.3800;SI
2;DESAYUNO;8;UNT;Mantequilla / mermelada;RT0196;MERMELADA;50;0.0;0.2600;SI
2;DESAYUNO;9;FRU;Fruta;RT0183;MANDARINA;100;135.0;0.6548;SI
2;ALMUERZO;1;ENT;Entrada;F00358;ENSALADA COCIDA;100;122.1;0.9011;SI
2;ALMUERZO;2;SOP;Sopa;RT0058;CHUPE DE PESCADO;100;232.2;3.5935;SI
2;ALMUERZO;3;FON;Plato de fondo;RT0194;MENESTRON CON RES I;70;262.1;2.6526;SI
2;ALMUERZO;3;FON;Plato de fondo;RT0392;RES - ALBONDIGAS A LA NAPOLITANA;30;262.1;2.0291;SI
2;ALMUERZO;4;GUA;Guarnicion;F00287;CAMOTE AL HORNO;100;124.0;0.2783;SI
2;ALMUERZO;5;REF;Refresco;F00214;JUGO DE MACA;100;43.2;0.3284;SI
2;ALMUERZO;6;POS;Postre;RT0028;BUDIN;100;91.2;0.7250;SI
2;ALMUERZO;7;SAL;Salsas y ajies;RT0009;ALCUZA;100;2.0;0.1545;SI
2;CENA;1;SOP;Sopa;RT0469;SOPA DE ESPINACA CON POLLO;100;225.2;0.9826;SI
2;CENA;2;FON;Plato de fondo;RT0406;RES - GUISO DE FIDEOS CON RES;100;340.1;5.4136;SI
2;CENA;3;GUA;Guarnicion;F01123;MAIZ CANCHA;100;31.0;0.3807;SI
2;CENA;4;BEB;Bebida caliente;F01815;KIWICHA CON PIÑA;100;95.2;0.5824;SI
2;CENA;5;POS;Postre;RT0519;TORTA HELADA I;100;68.8;0.8757;SI
3;DESAYUNO;1;BEB;Bebida caliente;RT0024;AVENA CON CHOCOLATE;100;41.2;0.2657;SI
3;DESAYUNO;2;JUG;Jugo;F01060;JUGO DE FRESA CON PIÑA;50;148.0;1.1008;SI
3;DESAYUNO;2;JUG;Jugo;RT0164;JUGO DE PAPAYA Y ARANDANO;50;150.0;1.1871;SI
3;DESAYUNO;3;PAN;Panes;RT0214;PAN AL AJO;100;14.6;0.1153;SI
3;DESAYUNO;4;FSO;Fondo o sopa;RT0058;CHUPE DE PESCADO;100;232.2;3.5935;SI
3;DESAYUNO;5;CO1;Complemento 1 (jamon, aceituna, queso, palta, chicharron de prensa);RT0182;MAIZ CANCHA CON QUESO;100;52.0;0.9304;SI
3;DESAYUNO;6;CO2;Complemento 2 (otro complemento distinto al 1);RT0201;MORTADELA;100;30.0;0.4044;SI
3;DESAYUNO;7;HUE;Huevo (frito / a la orden);F00125;HUEVOS A LA ORDEN;50;122.0;1.1140;SI
3;DESAYUNO;7;HUE;Huevo (frito / a la orden);F00445;HUEVO FRITO;50;61.0;0.5741;SI
3;DESAYUNO;8;UNT;Mantequilla / mermelada;RT0184;MANTEQUILLA CON SAL;50;0.0;0.3800;SI
3;DESAYUNO;8;UNT;Mantequilla / mermelada;RT0196;MERMELADA;50;0.0;0.2600;SI
3;DESAYUNO;9;FRU;Fruta;RT0186;MANZANA ROJA;100;160.0;1.2464;SI
3;ALMUERZO;1;ENT;Entrada;F01952;ENSALADA DE COLIFLOR;100;135.1;0.7697;SI
3;ALMUERZO;2;SOP;Sopa;RT0075;CONSOME DE POLLO;100;175.6;0.7716;SI
3;ALMUERZO;3;FON;Plato de fondo;RT0268;PES - CEVICHE DE PESCADO;70;259.1;4.0205;SI
3;ALMUERZO;3;FON;Plato de fondo;RT0269;PES - CHICHARRON DE PESCADO I;30;228.2;3.0864;SI
3;ALMUERZO;4;GUA;Guarnicion;F00306;FIDEOS AL GRATIN;100;176.4;1.1584;SI
3;ALMUERZO;5;REF;Refresco;F00370;LIMONADA;100;29.2;0.1542;SI
3;ALMUERZO;6;POS;Postre;RT0029;BUÑUELOS;100;97.1;0.3839;SI
3;ALMUERZO;7;SAL;Salsas y ajies;RT0180;LIMON;100;15.0;0.0675;SI
3;CENA;1;SOP;Sopa;RT0470;SOPA DE LA CASA CON POLLO;100;220.1;0.9117;SI
3;CENA;2;FON;Plato de fondo;RT0133;GALL - GALLINA A LA JARDINERA;100;310.4;2.2107;SI
3;CENA;3;GUA;Guarnicion;F00333;LEGUMBRES SALTEADAS AL OLIVO;100;108.2;0.7241;SI
3;CENA;4;BEB;Bebida caliente;F00189;LECHE CALIENTE;100;20.2;0.5264;SI
3;CENA;5;POS;Postre;RT0525;TURCAS;100;66.3;0.4988;SI
4;DESAYUNO;1;BEB;Bebida caliente;RT0155;INFUSION HIERBA LUISA CON KION;100;20.5;0.0963;SI
4;DESAYUNO;2;JUG;Jugo;F00498;JUGO DE MANGO;50;129.0;0.7704;SI
4;DESAYUNO;2;JUG;Jugo;RT0165;JUGO DE PIÑA CON MEMBRILLO;50;205.0;0.8002;SI
4;DESAYUNO;3;PAN;Panes;RT0215;PAN AL OREGANO;100;19.6;0.0780;SI
4;DESAYUNO;4;FSO;Fondo o sopa;RT0075;CONSOME DE POLLO;100;175.6;0.7716;SI
4;DESAYUNO;5;CO1;Complemento 1 (jamon, aceituna, queso, palta, chicharron de prensa);RT0211;PALTA;100;101.0;1.0087;SI
4;DESAYUNO;6;CO2;Complemento 2 (otro complemento distinto al 1);RT0379;QUESO EDAM;100;30.0;1.0866;SI
4;DESAYUNO;7;HUE;Huevo (frito / a la orden);F00125;HUEVOS A LA ORDEN;50;122.0;1.1140;SI
4;DESAYUNO;7;HUE;Huevo (frito / a la orden);F00445;HUEVO FRITO;50;61.0;0.5741;SI
4;DESAYUNO;8;UNT;Mantequilla / mermelada;RT0184;MANTEQUILLA CON SAL;50;0.0;0.3800;SI
4;DESAYUNO;8;UNT;Mantequilla / mermelada;RT0196;MERMELADA;50;0.0;0.2600;SI
4;DESAYUNO;9;FRU;Fruta;RT0205;NARANJA DE MESA;100;185.0;0.9916;SI
4;ALMUERZO;1;ENT;Entrada;RT0052;CEVICHE EN CREMA DE ROCOTO;100;262.2;3.9856;SI
4;ALMUERZO;2;SOP;Sopa;RT0081;CREMA DE ARVEJAS;100;51.2;0.5515;SI
4;ALMUERZO;3;FON;Plato de fondo;RT0372;POLL- POLLO A LA PIZZAIOLA;70;325.4;2.3506;SI
4;ALMUERZO;3;FON;Plato de fondo;RT0429;SALCHIPOLLO;30;289.0;2.5562;SI
4;ALMUERZO;4;GUA;Guarnicion;F00310;HABAS;100;23.0;0.4643;SI
4;ALMUERZO;5;REF;Refresco;RT0384;REFRESCO EMOLIENTE/HIERBA LUISA;100;16.0;0.2002;SI
4;ALMUERZO;6;POS;Postre;RT0061;CHURROS CON MANJAR BLANCO;100;73.8;0.6329;SI
4;ALMUERZO;7;SAL;Salsas y ajies;RT0267;PEREJIL;100;20.0;0.1120;SI
4;CENA;1;SOP;Sopa;RT0471;SOPA DE LA CASA CON RES;100;200.1;2.0211;SI
4;CENA;2;FON;Plato de fondo;RT0334;POLL - POLLO A LA CAZADORA;100;346.4;2.4191;SI
4;CENA;3;GUA;Guarnicion;F01048;HABAS , CAMOTE Y CHOCLO;100;78.0;0.4111;SI
4;CENA;4;BEB;Bebida caliente;F01095;LECHE CON COCOA;100;22.0;0.5568;SI
4;CENA;5;POS;Postre;RT0070;COMPOTA DE GUINDONES;100;48.4;1.0685;SI
5;DESAYUNO;1;BEB;Bebida caliente;RT0176;KIWICHA AVENA CON MEMBRILLO;100;47.2;0.3089;SI
5;DESAYUNO;2;JUG;Jugo;F01443;JUGO DE MANZANA;50;100.2;0.4026;SI
5;DESAYUNO;2;JUG;Jugo;RT0166;JUGO DE PLATANO, FRESA Y ARANDANO;50;175.0;1.1524;SI
5;DESAYUNO;3;PAN;Panes;RT0216;PAN ARABE;100;16.8;0.0474;SI
5;DESAYUNO;4;FSO;Fondo o sopa;RT0081;CREMA DE ARVEJAS;100;51.2;0.5515;SI
5;DESAYUNO;5;CO1;Complemento 1 (jamon, aceituna, queso, palta, chicharron de prensa);RT0516;TOCINO;100;30.0;0.6693;SI
5;DESAYUNO;6;CO2;Complemento 2 (otro complemento distinto al 1);F00001;ACEITUNA NEGRA;100;20.0;0.5400;SI
5;DESAYUNO;7;HUE;Huevo (frito / a la orden);F00125;HUEVOS A LA ORDEN;50;122.0;1.1140;SI
5;DESAYUNO;7;HUE;Huevo (frito / a la orden);F00445;HUEVO FRITO;50;61.0;0.5741;SI
5;DESAYUNO;8;UNT;Mantequilla / mermelada;RT0184;MANTEQUILLA CON SAL;50;0.0;0.3800;SI
5;DESAYUNO;8;UNT;Mantequilla / mermelada;RT0196;MERMELADA;50;0.0;0.2600;SI
5;DESAYUNO;9;FRU;Fruta;RT0266;PERA;100;140.0;1.1900;SI
5;ALMUERZO;1;ENT;Entrada;RT0055;CHOCLITO EN SALSA HUANCAINA;100;132.7;1.5186;SI
5;ALMUERZO;2;SOP;Sopa;RT0446;SOPA A LA MINUTA CON RES;100;135.2;1.2335;SI
5;ALMUERZO;3;FON;Plato de fondo;RT0037;CER - ADOBO DE CERDO AREQUIPEÑO;70;208.8;2.1916;SI
5;ALMUERZO;3;FON;Plato de fondo;RT0038;CER - ARROZ CHAUFA DE CERDO;30;352.1;3.3208;SI
5;ALMUERZO;4;GUA;Guarnicion;RT0020;ARROZ CON ARVEJA, CHOCLO Y ZANAHORIA;100;139.0;0.5769;SI
5;ALMUERZO;5;REF;Refresco;F00373;REFRESCO DE CARAMBOLA;100;6.2;0.2402;SI
5;ALMUERZO;6;POS;Postre;RT0067;COCADA;100;58.7;0.8695;SI
5;ALMUERZO;7;SAL;Salsas y ajies;RT0433;SALSA CRIOLLA;100;53.5;0.2300;SI
5;CENA;1;SOP;Sopa;RT0472;SOPA DE MORON CON POLLO;100;208.1;0.8806;SI
5;CENA;2;FON;Plato de fondo;RT0278;PES - PESCADO ENCEBOLLADO;100;277.6;3.1436;SI
5;CENA;3;GUA;Guarnicion;F01156;MOTE Y SALSA CRIOLLA;100;91.1;0.9512;SI
5;CENA;4;BEB;Bebida caliente;F01055;LECHE CON SOYA;100;35.2;0.3096;SI
5;CENA;5;POS;Postre;RT0102;DULCE DE TRIGO;100;76.3;0.9579;SI
6;DESAYUNO;1;BEB;Bebida caliente;RT0179;LECHE CALIENTE I;100;15.0;0.7520;SI
6;DESAYUNO;2;JUG;Jugo;F02146;JUGO DE MARACUYA;50;230.0;0.9295;SI
6;DESAYUNO;2;JUG;Jugo;RT0167;JUGO DE PLATANO, PAPAYA Y ARANDANO;50;175.0;1.1476;SI
6;DESAYUNO;3;PAN;Panes;RT0217;PAN BAGUETINO;100;25.9;0.0795;SI
6;DESAYUNO;4;FSO;Fondo o sopa;RT0446;SOPA A LA MINUTA CON RES;100;135.2;1.2335;SI
6;DESAYUNO;5;CO1;Complemento 1 (jamon, aceituna, queso, palta, chicharron de prensa);RT0106;EMPANADA MIXTA;100;115.7;1.4995;SI
6;DESAYUNO;6;CO2;Complemento 2 (otro complemento distinto al 1);RT0160;JAMON DEL PAIS;100;30.0;0.3850;SI
6;DESAYUNO;7;HUE;Huevo (frito / a la orden);F00125;HUEVOS A LA ORDEN;50;122.0;1.1140;SI
6;DESAYUNO;7;HUE;Huevo (frito / a la orden);F00445;HUEVO FRITO;50;61.0;0.5741;SI
6;DESAYUNO;8;UNT;Mantequilla / mermelada;RT0184;MANTEQUILLA CON SAL;50;0.0;0.3800;SI
6;DESAYUNO;8;UNT;Mantequilla / mermelada;RT0196;MERMELADA;50;0.0;0.2600;SI
6;DESAYUNO;9;FRU;Fruta;RT0301;PLATANO DE SEDA;100;135.0;0.6750;SI
6;ALMUERZO;1;ENT;Entrada;RT0056;CHOCLO CON QUESO;100;125.0;1.7107;SI
6;ALMUERZO;2;SOP;Sopa;RT0032;CALDO DE POLLO;100;169.6;0.8184;SI
6;ALMUERZO;3;FON;Plato de fondo;RT0251;PAV - ENROLLADO DE PAVO;70;221.1;3.5470;SI
6;ALMUERZO;3;FON;Plato de fondo;RT0252;PAV - ESTOFADO DE PAVO;30;208.2;3.6342;SI
6;ALMUERZO;4;GUA;Guarnicion;RT0033;CAMOTE GLASEADO CON NARANJA;100;138.2;0.3316;SI
6;ALMUERZO;5;REF;Refresco;F00509;JUGO DE MELON;100;270.0;1.1793;SI
6;ALMUERZO;6;POS;Postre;RT0069;COMPOTA DE FRUTA;100;121.1;0.4686;SI
6;ALMUERZO;7;SAL;Salsas y ajies;RT0004;AJI - CREMA DE ROCOTO;100;23.1;0.1634;SI
6;CENA;1;SOP;Sopa;RT0473;SOPA DE MORON CON RES;100;201.1;2.0230;SI
6;CENA;2;FON;Plato de fondo;RT0249;PAT - ARROZ CON PATO;100;437.2;9.4682;SI
6;CENA;3;GUA;Guarnicion;F00849;MOTE;100;21.0;0.2738;SI
6;CENA;4;BEB;Bebida caliente;F01829;MACA CON LECHE;100;45.2;0.4310;SI
6;CENA;5;POS;Postre;RT0128;FLAN DE CHOCOLATE;100;25.0;0.3899;SI
7;DESAYUNO;1;BEB;Bebida caliente;RT0181;MACA;100;35.2;0.2667;SI
7;DESAYUNO;2;JUG;Jugo;F01321;JUGO DE MELON CON PIÑA;50;205.0;1.0998;SI
7;DESAYUNO;2;JUG;Jugo;RT0168;JUGO MIXTO;50;215.0;1.0344;SI
7;DESAYUNO;3;PAN;Panes;RT0218;PAN CACHITO;100;21.9;0.0979;SI
7;DESAYUNO;4;FSO;Fondo o sopa;RT0032;CALDO DE POLLO;100;169.6;0.8184;SI
7;DESAYUNO;5;CO1;Complemento 1 (jamon, aceituna, queso, palta, chicharron de prensa);RT0380;QUESO FRESCO;100;30.0;0.6846;SI
7;DESAYUNO;6;CO2;Complemento 2 (otro complemento distinto al 1);F01184;ACEITUNA VERDE;100;20.0;0.4400;SI
7;DESAYUNO;7;HUE;Huevo (frito / a la orden);F00125;HUEVOS A LA ORDEN;50;122.0;1.1140;SI
7;DESAYUNO;7;HUE;Huevo (frito / a la orden);F00445;HUEVO FRITO;50;61.0;0.5741;SI
7;DESAYUNO;8;UNT;Mantequilla / mermelada;RT0184;MANTEQUILLA CON SAL;50;0.0;0.3800;SI
7;DESAYUNO;8;UNT;Mantequilla / mermelada;RT0196;MERMELADA;50;0.0;0.2600;SI
7;DESAYUNO;9;FRU;Fruta;RT0442;SANDIA;100;300.0;0.9090;SI
7;ALMUERZO;1;ENT;Entrada;RT0109;ENSALADA CAPRICHO FEST;100;391.1;3.1585;SI
7;ALMUERZO;2;SOP;Sopa;RT0059;CHUPE DE POLLO CON VERDURAS;100;205.2;1.1613;SI
7;ALMUERZO;3;FON;Plato de fondo;RT0393;RES - ARROZ A LA JARDINERA CON RES;70;365.1;5.4748;SI
7;ALMUERZO;3;FON;Plato de fondo;RT0394;RES - ARROZ CON CARNE DE RES;30;348.1;5.2196;SI
7;ALMUERZO;4;GUA;Guarnicion;RT0057;CHOCLO SANCOCHADO GUAR;100;83.1;0.6351;SI
7;ALMUERZO;5;REF;Refresco;F00378;REFRESCO DE COCONA;100;65.2;0.3206;SI
7;ALMUERZO;6;POS;Postre;RT0094;CREMA VOLTEADA;100;67.1;0.9845;SI
7;ALMUERZO;7;SAL;Salsas y ajies;RT0434;SALSA DE AJI POLLERO;100;21.1;0.1325;SI
7;CENA;1;SOP;Sopa;RT0474;SOPA DE MOTE CON POLLO;100;171.1;1.1283;SI
7;CENA;2;FON;Plato de fondo;RT0407;RES - GUISO DE RES A LA CRIOLLA;100;231.2;4.6829;SI
7;CENA;3;GUA;Guarnicion;F00345;PAPA AL HORNO;100;122.1;0.3279;SI
7;CENA;4;BEB;Bebida caliente;F01057;MACAAVENA CON COCOA;100;47.2;0.3031;SI
7;CENA;5;POS;Postre;RT0140;GELATINA CON FLAN;100;14.3;0.4325;SI
8;DESAYUNO;1;BEB;Bebida caliente;RT0375;PONCHE DE MACA;100;40.2;0.6168;SI
8;DESAYUNO;2;JUG;Jugo;F01316;JUGO DE NARANJA CON MARACUYA;50;275.0;0.9074;SI
8;DESAYUNO;2;JUG;Jugo;RT0169;JUGO SURTIDO I;50;245.0;1.3306;SI
8;DESAYUNO;3;PAN;Panes;RT0219;PAN CARACOL;100;21.9;0.0979;SI
8;DESAYUNO;4;FSO;Fondo o sopa;RT0059;CHUPE DE POLLO CON VERDURAS;100;205.2;1.1613;SI
8;DESAYUNO;5;CO1;Complemento 1 (jamon, aceituna, queso, palta, chicharron de prensa);F00134;CHORIZO;100;100.0;1.6575;SI
8;DESAYUNO;6;CO2;Complemento 2 (otro complemento distinto al 1);F00122;HOT DOG;100;50.0;0.5313;SI
8;DESAYUNO;7;HUE;Huevo (frito / a la orden);F00125;HUEVOS A LA ORDEN;50;122.0;1.1140;SI
8;DESAYUNO;7;HUE;Huevo (frito / a la orden);F00445;HUEVO FRITO;50;61.0;0.5741;SI
8;DESAYUNO;8;UNT;Mantequilla / mermelada;RT0184;MANTEQUILLA CON SAL;50;0.0;0.3800;SI
8;DESAYUNO;8;UNT;Mantequilla / mermelada;RT0196;MERMELADA;50;0.0;0.2600;SI
8;DESAYUNO;9;FRU;Fruta;RT0524;TUNA ROJA;100;90.0;0.4500;SI
8;ALMUERZO;1;ENT;Entrada;RT0126;ENTRA - CHICHARRON DE POLLO CON SALSA TARTARA;100;130.7;1.1569;SI
8;ALMUERZO;2;SOP;Sopa;RT0076;CONSOME DE POLLO AL KION;100;170.6;0.7597;SI
8;ALMUERZO;3;FON;Plato de fondo;RT0129;GALL - AJI DE GALLINA;70;315.6;2.5615;SI
8;ALMUERZO;3;FON;Plato de fondo;RT0130;GALL - ESCABECHE DE GALLINA;30;317.4;2.1829;SI
8;ALMUERZO;4;GUA;Guarnicion;RT0145;GUAR - CAMOTE Y CHOCLO SANCOCHADO;100;167.0;0.9077;SI
8;ALMUERZO;5;REF;Refresco;RT0385;REFRESCO EMOLIENTE/MANZANA;100;15.0;0.2002;SI
8;ALMUERZO;6;POS;Postre;RT0096;CROCANTE DE PLATANO;100;158.7;0.8480;SI
8;ALMUERZO;7;SAL;Salsas y ajies;RT0005;AJI - CREMA DE ROCOTO CON HUACATAY;100;25.1;0.1734;SI
8;CENA;1;SOP;Sopa;RT0475;SOPA DE MOTE CON RES;100;164.1;2.2776;SI
8;CENA;2;FON;Plato de fondo;RT0258;PAV - PAVO AL HORNO;100;174.3;3.3142;SI
8;CENA;3;GUA;Guarnicion;F02251;PATACONES;100;122.1;0.5456;SI
8;CENA;4;BEB;Bebida caliente;F01293;MACAAVENA CON LECHE;100;45.2;0.3953;SI
8;CENA;5;POS;Postre;RT0171;KEKE DE CHOCOLATE;100;103.9;0.8250;SI
9;DESAYUNO;1;BEB;Bebida caliente;RT0378;PUNQUI (7 SEMILLAS);100;30.2;0.2488;SI
9;DESAYUNO;2;JUG;Jugo;F00184;JUGO DE PAPAYA;50;125.0;1.0014;SI
9;DESAYUNO;2;JUG;Jugo;F00185;JUGO DE PAPAYA CON LECHE;50;125.0;1.0929;SI
9;DESAYUNO;3;PAN;Panes;RT0220;PAN CHAPLA;100;25.9;0.0806;SI
9;DESAYUNO;4;FSO;Fondo o sopa;RT0076;CONSOME DE POLLO AL KION;100;170.6;0.7597;SI
9;DESAYUNO;5;CO1;Complemento 1 (jamon, aceituna, queso, palta, chicharron de prensa);RT0054;CHICHARRON DE PRENSA;100;20.0;0.3473;SI
9;DESAYUNO;6;CO2;Complemento 2 (otro complemento distinto al 1);RT0104;EMPANADA DE BODA;100;62.4;0.4502;SI
9;DESAYUNO;7;HUE;Huevo (frito / a la orden);F00125;HUEVOS A LA ORDEN;50;122.0;1.1140;SI
9;DESAYUNO;7;HUE;Huevo (frito / a la orden);F00445;HUEVO FRITO;50;61.0;0.5741;SI
9;DESAYUNO;8;UNT;Mantequilla / mermelada;RT0184;MANTEQUILLA CON SAL;50;0.0;0.3800;SI
9;DESAYUNO;8;UNT;Mantequilla / mermelada;RT0196;MERMELADA;50;0.0;0.2600;SI
9;DESAYUNO;9;FRU;Fruta;RT0526;UVA NEGRA;100;150.0;1.1610;SI
9;ALMUERZO;1;ENT;Entrada;RT0207;OCOPA A LA AREQUIPEÑA;100;183.6;1.1298;SI
9;ALMUERZO;2;SOP;Sopa;RT0082;CREMA DE CHAMPIGÑONES;100;43.0;0.6851;SI
9;ALMUERZO;3;FON;Plato de fondo;RT0017;ANTICUCHO DE POLLO;70;97.3;0.9609;SI
9;ALMUERZO;3;FON;Plato de fondo;RT0304;POLL - ARROZ A LA JARDINERA CON POLLO;30;487.3;2.9461;SI
9;ALMUERZO;4;GUA;Guarnicion;RT0237;PAPA CON CHOCLO SANCOCHADO;100;104.5;0.6252;SI
9;ALMUERZO;5;REF;Refresco;F00179;JUGO DE NARANJA;100;10.0;0.6193;SI
9;ALMUERZO;6;POS;Postre;RT0099;DULCE DE HIGO;100;43.3;0.6216;SI
9;ALMUERZO;7;SAL;Salsas y ajies;RT0435;SALSA DE AJI SACHET;100;0.0;0.0890;SI
9;CENA;1;SOP;Sopa;RT0476;SOPA DE OLLUCO CON POLLO;100;234.0;1.2101;SI
9;CENA;2;FON;Plato de fondo;RT0043;CER - CERDO CHULETA A LA PARRILLA;100;211.3;3.1362;SI
9;CENA;3;GUA;Guarnicion;F02511;TORTILLA DE BROCOLI;100;90.2;0.8726;SI
9;CENA;4;BEB;Bebida caliente;F00193;MACAAVENA CON MANZANA;100;65.2;0.3415;SI
9;CENA;5;POS;Postre;RT0189;MAZAMORRA DE DURAZNO;100;70.3;0.4025;SI
10;DESAYUNO;1;BEB;Bebida caliente;F00860;AVENA CON COCOA;100;34.2;0.1610;SI
10;DESAYUNO;2;JUG;Jugo;F01812;JUGO DE PAPAYA CON MANZANA;50;117.0;0.7042;SI
10;DESAYUNO;2;JUG;Jugo;F00513;JUGO DE PAPAYA CON MELON;50;170.0;0.9578;SI
10;DESAYUNO;3;PAN;Panes;RT0221;PAN CIABATTA;100;18.0;0.0685;SI
10;DESAYUNO;4;FSO;Fondo o sopa;RT0082;CREMA DE CHAMPIGÑONES;100;43.0;0.6851;SI
10;DESAYUNO;5;CO1;Complemento 1 (jamon, aceituna, queso, palta, chicharron de prensa);RT0159;JAMON;100;30.0;0.3850;SI
10;DESAYUNO;6;CO2;Complemento 2 (otro complemento distinto al 1);RT0161;JAMONADA;100;30.0;0.3473;SI
10;DESAYUNO;7;HUE;Huevo (frito / a la orden);F00125;HUEVOS A LA ORDEN;50;122.0;1.1140;SI
10;DESAYUNO;7;HUE;Huevo (frito / a la orden);F00445;HUEVO FRITO;50;61.0;0.5741;SI
10;DESAYUNO;8;UNT;Mantequilla / mermelada;RT0184;MANTEQUILLA CON SAL;50;0.0;0.3800;SI
10;DESAYUNO;8;UNT;Mantequilla / mermelada;RT0196;MERMELADA;50;0.0;0.2600;SI
10;DESAYUNO;9;FRU;Fruta;RT0144;GRANADILLA;100;110.0;0.8250;SI
10;ALMUERZO;1;ENT;Entrada;RT0234;PAPA A LA CREMA DE OCOPA;100;193.6;1.2902;SI
10;ALMUERZO;2;SOP;Sopa;RT0447;SOPA CALDO BLANCO CON POLLO;100;229.2;1.3187;SI
10;ALMUERZO;3;FON;Plato de fondo;RT0270;PES - MILANESA DE PESCADO I;70;236.2;3.1562;SI
10;ALMUERZO;3;FON;Plato de fondo;RT0271;PES - PESCADO A LA CHORRILLANA;30;207.4;1.9100;SI
10;ALMUERZO;4;GUA;Guarnicion;RT0242;PAPAS FRITAS II;100;152.0;0.9388;SI
10;ALMUERZO;5;REF;Refresco;F00727;REFRESCO DE MANZANA;100;8.0;0.2300;SI
10;ALMUERZO;6;POS;Postre;RT0103;DURAZNO EN ALMIBAR;100;100.0;0.8134;SI
10;ALMUERZO;7;SAL;Salsas y ajies;RT0006;AJI - ROCOTO PICADO;100;13.1;0.1086;SI
10;CENA;1;SOP;Sopa;RT0477;SOPA DE POLLO CON ARROZ;100;210.1;0.8334;SI
10;CENA;2;FON;Plato de fondo;RT0335;POLL - POLLO A LA CHICLAYANA;100;313.2;1.9694;SI
10;CENA;3;GUA;Guarnicion;F01929;PAPA AL OREGANO;100;124.1;0.3533;SI
10;CENA;4;BEB;Bebida caliente;F01081;MACAAVENA CON MEMBRILLO;100;65.2;0.3881;SI
10;CENA;5;POS;Postre;RT0203;MOUSSE DE FRESA;100;67.9;0.6201;SI
11;DESAYUNO;1;BEB;Bebida caliente;RT0156;INFUSION MANZANILLA CON EUCALIPTO;100;18.5;0.2484;SI
11;DESAYUNO;2;JUG;Jugo;F01565;JUGO DE PAPAYA CON NARANJA;50;227.0;0.9529;SI
11;DESAYUNO;2;JUG;Jugo;F01058;JUGO DE PAPAYA CON PIÑA;50;145.0;1.0582;SI
11;DESAYUNO;3;PAN;Panes;RT0222;PAN COLISA;100;27.1;0.1133;SI
11;DESAYUNO;4;FSO;Fondo o sopa;RT0447;SOPA CALDO BLANCO CON POLLO;100;229.2;1.3187;SI
11;DESAYUNO;5;CO1;Complemento 1 (jamon, aceituna, queso, palta, chicharron de prensa);RT0182;MAIZ CANCHA CON QUESO;100;52.0;0.9304;SI
11;DESAYUNO;6;CO2;Complemento 2 (otro complemento distinto al 1);RT0201;MORTADELA;100;30.0;0.4044;SI
11;DESAYUNO;7;HUE;Huevo (frito / a la orden);F00125;HUEVOS A LA ORDEN;50;122.0;1.1140;SI
11;DESAYUNO;7;HUE;Huevo (frito / a la orden);F00445;HUEVO FRITO;50;61.0;0.5741;SI
11;DESAYUNO;8;UNT;Mantequilla / mermelada;RT0184;MANTEQUILLA CON SAL;50;0.0;0.3800;SI
11;DESAYUNO;8;UNT;Mantequilla / mermelada;RT0196;MERMELADA;50;0.0;0.2600;SI
11;DESAYUNO;9;FRU;Fruta;RT0183;MANDARINA;100;135.0;0.6548;SI
11;ALMUERZO;1;ENT;Entrada;RT0445;SOLTERITO;100;169.6;1.8364;SI
11;ALMUERZO;2;SOP;Sopa;RT0060;CHUPE DE VERDURAS;100;202.2;1.7397;SI
11;ALMUERZO;3;FON;Plato de fondo;RT0064;CMIX - ARROZ CHAUFA MIXTO;70;312.0;2.4685;SI
11;ALMUERZO;3;FON;Plato de fondo;RT0078;CORA - ANTICUCHO DE CORAZON;30;167.3;2.3048;SI
11;ALMUERZO;4;GUA;Guarnicion;RT0423;REVUELTO DE VERDURAS;100;273.1;2.5054;SI
11;ALMUERZO;5;REF;Refresco;RT0386;REFRESCO INFUSION FRIA ANIS;100;15.5;0.0592;SI
11;ALMUERZO;6;POS;Postre;RT0107;ENCANELADO;100;79.8;0.7658;SI
11;ALMUERZO;7;SAL;Salsas y ajies;RT0436;SALSA DE HUANCAINA;100;17.6;0.4812;SI
11;CENA;1;SOP;Sopa;RT0478;SOPA DE POLLO CON ARROZ II;100;184.1;0.9945;SI
11;CENA;2;FON;Plato de fondo;RT0408;RES - HAMBURGUESA MONTADA;100;268.1;2.8574;SI
11;CENA;3;GUA;Guarnicion;F01783;PLATANO AL HORNO;100;120.0;0.5040;SI
11;CENA;4;BEB;Bebida caliente;F01290;MACAAVENA CON PIÑA;100;95.2;0.4246;SI
11;CENA;5;POS;Postre;RT0247;PASTEL DE MANZANA;100;115.0;0.7946;SI
12;DESAYUNO;1;BEB;Bebida caliente;RT0177;KIWICHA AVENA CON PIÑA;100;77.2;0.3326;SI
12;DESAYUNO;2;JUG;Jugo;F00497;JUGO DE PAPAYA CON PLATANO;50;150.0;0.9078;SI
12;DESAYUNO;2;JUG;Jugo;F01062;JUGO DE PAPAYA, PIÑA Y PLATANO;50;190.0;1.2946;SI
12;DESAYUNO;3;PAN;Panes;RT0223;PAN CROISSANT;100;70.3;0.3997;SI
12;DESAYUNO;4;FSO;Fondo o sopa;RT0060;CHUPE DE VERDURAS;100;202.2;1.7397;SI
12;DESAYUNO;5;CO1;Complemento 1 (jamon, aceituna, queso, palta, chicharron de prensa);RT0211;PALTA;100;101.0;1.0087;SI
12;DESAYUNO;6;CO2;Complemento 2 (otro complemento distinto al 1);RT0379;QUESO EDAM;100;30.0;1.0866;SI
12;DESAYUNO;7;HUE;Huevo (frito / a la orden);F00125;HUEVOS A LA ORDEN;50;122.0;1.1140;SI
12;DESAYUNO;7;HUE;Huevo (frito / a la orden);F00445;HUEVO FRITO;50;61.0;0.5741;SI
12;DESAYUNO;8;UNT;Mantequilla / mermelada;RT0184;MANTEQUILLA CON SAL;50;0.0;0.3800;SI
12;DESAYUNO;8;UNT;Mantequilla / mermelada;RT0196;MERMELADA;50;0.0;0.2600;SI
12;DESAYUNO;9;FRU;Fruta;RT0186;MANZANA ROJA;100;160.0;1.2464;SI
12;ALMUERZO;1;ENT;Entrada;RT0515;TIRADITO DE PESCADO;100;168.1;3.5548;SI
12;ALMUERZO;2;SOP;Sopa;RT0077;CONSOME DE RES;100;151.1;1.8474;SI
12;ALMUERZO;3;FON;Plato de fondo;RT0395;RES - BISTECK AL JUGO;70;225.1;5.3211;SI
12;ALMUERZO;3;FON;Plato de fondo;RT0396;RES - BISTECK APANADO;30;202.2;5.4375;SI
12;ALMUERZO;4;GUA;Guarnicion;F01346;BETERRAGA;100;37.1;0.1084;SI
12;ALMUERZO;5;REF;Refresco;F00382;REFRESCO DE NARANJA;100;30.0;0.3183;SI
12;ALMUERZO;6;POS;Postre;RT0127;FLAN BICOLOR;100;26.0;0.7503;SI
12;ALMUERZO;7;SAL;Salsas y ajies;RT0007;AJI - ROCOTO PICADO CON CEBOLLA ROJA;100;17.1;0.1219;SI
12;CENA;1;SOP;Sopa;RT0479;SOPA DE POLLO CON FIDEOS;100;200.6;0.8180;SI
12;CENA;2;FON;Plato de fondo;RT0279;PES - PESCADO FRITO I;100;115.7;1.5381;SI
12;CENA;3;GUA;Guarnicion;F00314;VERDURAS A LA CREMA;100;132.9;1.0259;SI
12;CENA;4;BEB;Bebida caliente;F02453;MINGADO;100;80.2;0.4125;SI
12;CENA;5;POS;Postre;RT0296;PIONONO CON MERMELADA;100;70.4;0.6419;SI
13;DESAYUNO;1;BEB;Bebida caliente;F00867;AVENA CON KIWICHA;100;40.2;0.2050;SI
13;DESAYUNO;2;JUG;Jugo;F00186;JUGO DE PIÑA;50;150.0;1.1008;SI
13;DESAYUNO;2;JUG;Jugo;F01817;JUGO DE PIÑA CON BETERRAGA;50;95.0;0.5969;SI
13;DESAYUNO;3;PAN;Panes;RT0224;PAN DE ACETUNAS;100;41.5;0.3020;SI
13;DESAYUNO;4;FSO;Fondo o sopa;RT0077;CONSOME DE RES;100;151.1;1.8474;SI
13;DESAYUNO;5;CO1;Complemento 1 (jamon, aceituna, queso, palta, chicharron de prensa);RT0516;TOCINO;100;30.0;0.6693;SI
13;DESAYUNO;6;CO2;Complemento 2 (otro complemento distinto al 1);F00001;ACEITUNA NEGRA;100;20.0;0.5400;SI
13;DESAYUNO;7;HUE;Huevo (frito / a la orden);F00125;HUEVOS A LA ORDEN;50;122.0;1.1140;SI
13;DESAYUNO;7;HUE;Huevo (frito / a la orden);F00445;HUEVO FRITO;50;61.0;0.5741;SI
13;DESAYUNO;8;UNT;Mantequilla / mermelada;RT0184;MANTEQUILLA CON SAL;50;0.0;0.3800;SI
13;DESAYUNO;8;UNT;Mantequilla / mermelada;RT0196;MERMELADA;50;0.0;0.2600;SI
13;DESAYUNO;9;FRU;Fruta;RT0205;NARANJA DE MESA;100;185.0;0.9916;SI
13;ALMUERZO;1;ENT;Entrada;RT0528;ZAPALLITO ITALIANO AL GRATIN;100;165.9;1.4412;SI
13;ALMUERZO;2;SOP;Sopa;RT0084;CREMA DE ESPINACA Y PAPA;100;101.0;0.5923;SI
13;ALMUERZO;3;FON;Plato de fondo;RT0253;PAV - FRICASE DE PAVO;70;203.1;3.7015;SI
13;ALMUERZO;3;FON;Plato de fondo;RT0254;PAV - PAVITA A LA CACEROLA;30;214.1;3.6061;SI
13;ALMUERZO;4;GUA;Guarnicion;F01874;BROCOLI EN SALSA BECHAMEL;100;66.2;0.8017;SI
13;ALMUERZO;5;REF;Refresco;F00379;REFRESCO DE MARACUYA;100;6.2;0.3249;SI
13;ALMUERZO;6;POS;Postre;RT0139;GELATINA ARCO IRIS;100;8.3;0.1731;SI
13;ALMUERZO;7;SAL;Salsas y ajies;RT0438;SALSA GUACAMOLE;100;74.1;0.6000;SI
13;CENA;1;SOP;Sopa;RT0480;SOPA DE POLLO CON VERDURAS;100;257.6;1.4941;SI
13;CENA;2;FON;Plato de fondo;RT0336;POLL - POLLO A LA COCA COLA;100;293.2;1.7595;SI
13;CENA;3;GUA;Guarnicion;F00993;PAPA AMARILLA SANCOCHADA;100;122.0;0.7817;SI
13;CENA;4;BEB;Bebida caliente;F01828;PONCHE DE HABAS;100;45.2;0.4645;SI
13;CENA;5;POS;Postre;RT0520;TORTA SELVA NEGRA;100;84.1;1.0447;SI
14;DESAYUNO;1;BEB;Bebida caliente;RT0157;INFUSION TE CON EUCALIPTO;100;17.5;0.1573;SI
14;DESAYUNO;2;JUG;Jugo;F01059;JUGO DE PIÑA CON MANZANA;50;155.2;0.8187;SI
14;DESAYUNO;2;JUG;Jugo;F01061;JUGO DE PIÑA CON MARACUYA;50;185.0;1.0016;SI
14;DESAYUNO;3;PAN;Panes;RT0225;PAN DE CAMOTE;100;36.4;0.1114;SI
14;DESAYUNO;4;FSO;Fondo o sopa;RT0084;CREMA DE ESPINACA Y PAPA;100;101.0;0.5923;SI
14;DESAYUNO;5;CO1;Complemento 1 (jamon, aceituna, queso, palta, chicharron de prensa);RT0106;EMPANADA MIXTA;100;115.7;1.4995;SI
14;DESAYUNO;6;CO2;Complemento 2 (otro complemento distinto al 1);RT0160;JAMON DEL PAIS;100;30.0;0.3850;SI
14;DESAYUNO;7;HUE;Huevo (frito / a la orden);F00125;HUEVOS A LA ORDEN;50;122.0;1.1140;SI
14;DESAYUNO;7;HUE;Huevo (frito / a la orden);F00445;HUEVO FRITO;50;61.0;0.5741;SI
14;DESAYUNO;8;UNT;Mantequilla / mermelada;RT0184;MANTEQUILLA CON SAL;50;0.0;0.3800;SI
14;DESAYUNO;8;UNT;Mantequilla / mermelada;RT0196;MERMELADA;50;0.0;0.2600;SI
14;DESAYUNO;9;FRU;Fruta;RT0266;PERA;100;140.0;1.1900;SI
14;ALMUERZO;1;ENT;Entrada;F02255;ENSALADA CRIOLLA;100;134.1;0.5505;SI
14;ALMUERZO;2;SOP;Sopa;RT0448;SOPA CALDO BLANCO CON RES I;100;196.1;2.4064;SI
14;ALMUERZO;3;FON;Plato de fondo;RT0039;CER - CARAPULCRA CON SOPA SECA;70;324.3;3.4675;SI
14;ALMUERZO;3;FON;Plato de fondo;RT0040;CER - CARAPULCRA DE CERDO I;30;237.1;3.0306;SI
14;ALMUERZO;4;GUA;Guarnicion;F01696;CAMOTE ASADO;100;125.0;0.2810;SI
14;ALMUERZO;5;REF;Refresco;RT0387;REFRESCO INFUSION FRIA HIERBA LUISA;100;15.5;0.0591;SI
14;ALMUERZO;6;POS;Postre;RT0150;HIRO DE ZAPALLO;100;287.1;1.6511;SI
14;ALMUERZO;7;SAL;Salsas y ajies;RT0008;AJI - ROCOTO Y AJI LIMO PICADO CON CEBOLLA ROJA;100;19.2;0.1374;SI
14;CENA;1;SOP;Sopa;RT0481;SOPA DE POLLO CON VERDURAS II;100;208.1;1.1120;SI
14;CENA;2;FON;Plato de fondo;RT0044;CER - CERDO EN MERMELADA DE ROCOTO;100;233.2;2.5510;SI
14;CENA;3;GUA;Guarnicion;F00863;PLATANO FRITO;100;120.0;0.5722;SI
14;CENA;4;BEB;Bebida caliente;F00512;QUINUA;100;38.2;0.2651;SI
14;CENA;5;POS;Postre;RT0071;COMPOTA DE MARACUYA;100;30.3;0.2284;SI
15;DESAYUNO;1;BEB;Bebida caliente;F00861;AVENA CON LECHE;100;32.2;0.2531;SI
15;DESAYUNO;2;JUG;Jugo;F01322;JUGO DE PIÑA CON NARANJA;50;235.0;0.9931;SI
15;DESAYUNO;2;JUG;Jugo;F00187;JUGO DE PLATANO DE SEDA CON LECHE;50;170.0;0.8958;SI
15;DESAYUNO;3;PAN;Panes;RT0226;PAN DE MAIZ;100;26.1;0.0875;SI
15;DESAYUNO;4;FSO;Fondo o sopa;RT0448;SOPA CALDO BLANCO CON RES I;100;196.1;2.4064;SI
15;DESAYUNO;5;CO1;Complemento 1 (jamon, aceituna, queso, palta, chicharron de prensa);RT0380;QUESO FRESCO;100;30.0;0.6846;SI
15;DESAYUNO;6;CO2;Complemento 2 (otro complemento distinto al 1);F01184;ACEITUNA VERDE;100;20.0;0.4400;SI
15;DESAYUNO;7;HUE;Huevo (frito / a la orden);F00125;HUEVOS A LA ORDEN;50;122.0;1.1140;SI
15;DESAYUNO;7;HUE;Huevo (frito / a la orden);F00445;HUEVO FRITO;50;61.0;0.5741;SI
15;DESAYUNO;8;UNT;Mantequilla / mermelada;RT0184;MANTEQUILLA CON SAL;50;0.0;0.3800;SI
15;DESAYUNO;8;UNT;Mantequilla / mermelada;RT0196;MERMELADA;50;0.0;0.2600;SI
15;DESAYUNO;9;FRU;Fruta;RT0301;PLATANO DE SEDA;100;135.0;0.6750;SI
15;ALMUERZO;1;ENT;Entrada;F00845;ENSALADA DE MOTE, PAPA, CEBOLLA Y ZANAHORIA;100;96.6;0.5816;SI
15;ALMUERZO;2;SOP;Sopa;RT0085;CREMA DE ESPINACAS;100;159.4;1.1083;SI
15;ALMUERZO;3;FON;Plato de fondo;RT0373;POLL- POLLO AL LIMON;70;330.1;2.2006;SI
15;ALMUERZO;3;FON;Plato de fondo;RT0305;POLL - ARROZ CHAUFA CON POLLO;30;352.0;2.6327;SI
15;ALMUERZO;4;GUA;Guarnicion;F00809;PASTA AL OLIVO;100;125.2;0.6763;SI
15;ALMUERZO;5;REF;Refresco;F00371;REFRESCO DE PIÑA;100;105.1;0.3451;SI
15;ALMUERZO;6;POS;Postre;RT0170;KEKE DE ARANDANOS;100;95.8;0.6645;SI
15;ALMUERZO;7;SAL;Salsas y ajies;RT0439;SALSA ROCOTO;100;20.1;0.1369;SI
15;CENA;1;SOP;Sopa;RT0482;SOPA DE POLLO CON ZAPALLO MACRE;100;188.1;0.8411;SI
15;CENA;2;FON;Plato de fondo;RT0259;PAV - PAVO AL HORNO A LAS FINAS HIERBAS;100;176.4;3.4678;SI
15;CENA;3;GUA;Guarnicion;F00347;VERDURAS AL VAPOR;100;117.6;0.8015;SI
15;CENA;4;BEB;Bebida caliente;F02606;QUINUA CON COCO;100;41.2;0.3232;SI
15;CENA;5;POS;Postre;RT0141;GELATINA DE FRESA;100;3.5;0.0727;SI
16;DESAYUNO;1;BEB;Bebida caliente;RT0158;INFUSION TE, KION Y LIMON;100;20.5;0.0945;SI
16;DESAYUNO;2;JUG;Jugo;F01566;JUGO DE PLATANO ISLA CON LECHE;50;170.0;0.7771;SI
16;DESAYUNO;2;JUG;Jugo;F00188;JUGO SURTIDO;50;250.0;1.3137;SI
16;DESAYUNO;3;PAN;Panes;RT0227;PAN DE PASAS;100;30.5;0.1063;SI
16;DESAYUNO;4;FSO;Fondo o sopa;RT0085;CREMA DE ESPINACAS;100;159.4;1.1083;SI
16;DESAYUNO;5;CO1;Complemento 1 (jamon, aceituna, queso, palta, chicharron de prensa);F00134;CHORIZO;100;100.0;1.6575;SI
16;DESAYUNO;6;CO2;Complemento 2 (otro complemento distinto al 1);F00122;HOT DOG;100;50.0;0.5313;SI
16;DESAYUNO;7;HUE;Huevo (frito / a la orden);F00125;HUEVOS A LA ORDEN;50;122.0;1.1140;SI
16;DESAYUNO;7;HUE;Huevo (frito / a la orden);F00445;HUEVO FRITO;50;61.0;0.5741;SI
16;DESAYUNO;8;UNT;Mantequilla / mermelada;RT0184;MANTEQUILLA CON SAL;50;0.0;0.3800;SI
16;DESAYUNO;8;UNT;Mantequilla / mermelada;RT0196;MERMELADA;50;0.0;0.2600;SI
16;DESAYUNO;9;FRU;Fruta;RT0442;SANDIA;100;300.0;0.9090;SI
16;ALMUERZO;1;ENT;Entrada;F01713;ENSALADA DE FRIJOLES;100;134.1;0.9123;SI
16;ALMUERZO;2;SOP;Sopa;RT0449;SOPA CAMPESINA DE POLLO;100;193.1;0.8689;SI
16;ALMUERZO;3;FON;Plato de fondo;RT0397;RES - BISTECK EN SS ANTICUCHERA;70;171.5;5.1579;SI
16;ALMUERZO;3;FON;Plato de fondo;RT0398;RES - CAIGUA RELLENA;30;332.1;3.5392;SI
16;ALMUERZO;4;GUA;Guarnicion;RT0022;ARROZ CON PEREJIL Y ZANAHORIA;100;112.0;0.4414;SI
16;ALMUERZO;5;REF;Refresco;RT0388;REFRESCO INFUSION FRIA MANZANILLA;100;15.5;0.0584;SI
16;ALMUERZO;6;POS;Postre;RT0178;LECHE ASADA;100;34.0;0.7235;SI
16;ALMUERZO;7;SAL;Salsas y ajies;RT0003;AJI - CREMA DE AJI AMARILLO;100;16.1;0.1009;SI
16;CENA;1;SOP;Sopa;RT0483;SOPA DE PORO CON POLLO;100;192.2;0.9855;SI
16;CENA;2;FON;Plato de fondo;RT0409;RES - LASAGNA DE CARNE;100;337.7;4.2221;SI
16;CENA;3;GUA;Guarnicion;F00341;PAPA DORADA;100;122.0;0.3699;SI
16;CENA;4;BEB;Bebida caliente;F00868;QUINUA CON COCOA;100;42.2;0.3106;SI
16;CENA;5;POS;Postre;RT0172;KEKE DE NARANJA;100;77.3;0.6529;SI
17;DESAYUNO;1;BEB;Bebida caliente;F00628;AVENA CON MACA;100;45.2;0.2581;SI
17;DESAYUNO;2;JUG;Jugo;F01618;JUGO SURTIDO CON HUEVO;50;215.0;1.5680;SI
17;DESAYUNO;2;JUG;Jugo;F01813;JUGO SURTIDO PAPAYA, PLATANO, MANZANA;50;172.0;0.9678;SI
17;DESAYUNO;3;PAN;Panes;RT0228;PAN DE YEMA;100;21.2;0.0792;SI
17;DESAYUNO;4;FSO;Fondo o sopa;RT0449;SOPA CAMPESINA DE POLLO;100;193.1;0.8689;SI
17;DESAYUNO;5;CO1;Complemento 1 (jamon, aceituna, queso, palta, chicharron de prensa);RT0054;CHICHARRON DE PRENSA;100;20.0;0.3473;SI
17;DESAYUNO;6;CO2;Complemento 2 (otro complemento distinto al 1);RT0104;EMPANADA DE BODA;100;62.4;0.4502;SI
17;DESAYUNO;7;HUE;Huevo (frito / a la orden);F00125;HUEVOS A LA ORDEN;50;122.0;1.1140;SI
17;DESAYUNO;7;HUE;Huevo (frito / a la orden);F00445;HUEVO FRITO;50;61.0;0.5741;SI
17;DESAYUNO;8;UNT;Mantequilla / mermelada;RT0184;MANTEQUILLA CON SAL;50;0.0;0.3800;SI
17;DESAYUNO;8;UNT;Mantequilla / mermelada;RT0196;MERMELADA;50;0.0;0.2600;SI
17;DESAYUNO;9;FRU;Fruta;RT0524;TUNA ROJA;100;90.0;0.4500;SI
17;ALMUERZO;1;ENT;Entrada;RT0053;CEVICHE MIXTO;100;259.1;3.7658;SI
17;ALMUERZO;2;SOP;Sopa;RT0086;CREMA DE PALTA;100;64.0;0.6112;SI
17;ALMUERZO;3;FON;Plato de fondo;RT0272;PES - PESCADO A LA PLANCHA;70;196.9;2.8158;SI
17;ALMUERZO;3;FON;Plato de fondo;RT0273;PES - PESCADO AL AJO;30;216.2;6.8283;SI
17;ALMUERZO;4;GUA;Guarnicion;F01338;BROCOLI;100;31.0;0.3472;SI
17;ALMUERZO;5;REF;Refresco;RT0389;REFRESCO INFUSION FRIA TE;100;15.5;0.0573;SI
17;ALMUERZO;6;POS;Postre;RT0188;MAZAMORRA DE COCHINO;100;51.2;0.7026;SI
17;ALMUERZO;7;SAL;Salsas y ajies;RT0009;ALCUZA;100;2.0;0.1545;SI
17;CENA;1;SOP;Sopa;RT0484;SOPA DE PORO CON RES;100;167.2;2.0807;SI
17;CENA;2;FON;Plato de fondo;RT0134;GALL - GALLINA A LA SUREÑA;100;291.2;1.8639;SI
17;CENA;3;GUA;Guarnicion;F01738;PLATANO SANCOCHADO;100;120.0;0.5040;SI
17;CENA;4;BEB;Bebida caliente;F00864;QUINUA CON LECHE;100;35.2;0.3892;SI
17;CENA;5;POS;Postre;RT0190;MAZAMORRA DE MANZANA;100;72.4;0.3007;SI
18;DESAYUNO;1;BEB;Bebida caliente;F00210;AVENA CON MANZANA;100;52.2;0.1993;SI
18;DESAYUNO;2;JUG;Jugo;F00515;JUGO DE FRESA;50;130.0;1.0301;SI
18;DESAYUNO;2;JUG;Jugo;RT0162;JUGO DE FRESA Y ARANDANO;50;150.0;1.1947;SI
18;DESAYUNO;3;PAN;Panes;RT0229;PAN DOS PUNTAS INTEGRAL;100;63.1;0.2961;SI
18;DESAYUNO;4;FSO;Fondo o sopa;RT0086;CREMA DE PALTA;100;64.0;0.6112;SI
18;DESAYUNO;5;CO1;Complemento 1 (jamon, aceituna, queso, palta, chicharron de prensa);RT0159;JAMON;100;30.0;0.3850;SI
18;DESAYUNO;6;CO2;Complemento 2 (otro complemento distinto al 1);RT0161;JAMONADA;100;30.0;0.3473;SI
18;DESAYUNO;7;HUE;Huevo (frito / a la orden);F00125;HUEVOS A LA ORDEN;50;122.0;1.1140;SI
18;DESAYUNO;7;HUE;Huevo (frito / a la orden);F00445;HUEVO FRITO;50;61.0;0.5741;SI
18;DESAYUNO;8;UNT;Mantequilla / mermelada;RT0184;MANTEQUILLA CON SAL;50;0.0;0.3800;SI
18;DESAYUNO;8;UNT;Mantequilla / mermelada;RT0196;MERMELADA;50;0.0;0.2600;SI
18;DESAYUNO;9;FRU;Fruta;RT0526;UVA NEGRA;100;150.0;1.1610;SI
18;ALMUERZO;1;ENT;Entrada;RT0114;ENSALADA DE PALTA;100;147.2;1.1695;SI
18;ALMUERZO;2;SOP;Sopa;RT0450;SOPA CANUTO CON POLLO;100;229.1;0.9110;SI
18;ALMUERZO;3;FON;Plato de fondo;RT0374;POLL- SECO DE POLLO;70;340.1;2.0739;SI
18;ALMUERZO;3;FON;Plato de fondo;RT0306;POLL - ARROZ CON POLLO;30;470.1;2.7360;SI
18;ALMUERZO;4;GUA;Guarnicion;F00702;ENSALADA FRESCA GUAR;100;112.1;0.5550;SI
18;ALMUERZO;5;REF;Refresco;RT0390;REFRESCO LIMONADA CON HIERBA LUISA;100;23.1;0.1392;SI
18;ALMUERZO;6;POS;Postre;RT0195;MERENGADO DE FRUTA;100;91.7;1.1243;SI
18;ALMUERZO;7;SAL;Salsas y ajies;RT0180;LIMON;100;15.0;0.0675;SI
18;CENA;1;SOP;Sopa;RT0485;SOPA DE QUINUA CON POLLO;100;216.1;1.0910;SI
18;CENA;2;FON;Plato de fondo;RT0337;POLL - POLLO A LA FLORENTINA;100;332.1;2.1306;SI
18;CENA;3;GUA;Guarnicion;F00937;VERDURAS COCIDAS;100;129.1;0.6357;SI
18;CENA;4;BEB;Bebida caliente;F00626;QUINUA CON MACA;100;43.2;0.3158;SI
18;CENA;5;POS;Postre;RT0204;MOUSSE DE LIMON;100;26.3;0.6380;SI
19;DESAYUNO;1;BEB;Bebida caliente;F01121;AVENA CON MARACUYA;100;67.2;0.2567;SI
19;DESAYUNO;2;JUG;Jugo;F01564;JUGO DE FRESA CON LECHE;50;145.0;1.1852;SI
19;DESAYUNO;2;JUG;Jugo;RT0163;JUGO DE PAPAYA CON FRESA;50;137.4;1.0287;SI
19;DESAYUNO;3;PAN;Panes;RT0230;PAN FRANCES;100;19.5;0.0750;SI
19;DESAYUNO;4;FSO;Fondo o sopa;RT0450;SOPA CANUTO CON POLLO;100;229.1;0.9110;SI
19;DESAYUNO;5;CO1;Complemento 1 (jamon, aceituna, queso, palta, chicharron de prensa);RT0182;MAIZ CANCHA CON QUESO;100;52.0;0.9304;SI
19;DESAYUNO;6;CO2;Complemento 2 (otro complemento distinto al 1);RT0201;MORTADELA;100;30.0;0.4044;SI
19;DESAYUNO;7;HUE;Huevo (frito / a la orden);F00125;HUEVOS A LA ORDEN;50;122.0;1.1140;SI
19;DESAYUNO;7;HUE;Huevo (frito / a la orden);F00445;HUEVO FRITO;50;61.0;0.5741;SI
19;DESAYUNO;8;UNT;Mantequilla / mermelada;RT0184;MANTEQUILLA CON SAL;50;0.0;0.3800;SI
19;DESAYUNO;8;UNT;Mantequilla / mermelada;RT0196;MERMELADA;50;0.0;0.2600;SI
19;DESAYUNO;9;FRU;Fruta;RT0144;GRANADILLA;100;110.0;0.8250;SI
19;ALMUERZO;1;ENT;Entrada;RT0235;PAPA A LA CREMA DE ROCOTO;100;206.6;1.2917;SI
19;ALMUERZO;2;SOP;Sopa;RT0088;CREMA DE PORO;100;105.2;0.9016;SI
19;ALMUERZO;3;FON;Plato de fondo;RT0041;CER - CERDO AL HORNO;70;175.3;2.2899;SI
19;ALMUERZO;3;FON;Plato de fondo;RT0042;CER - CERDO ASADO;30;170.1;2.2303;SI
19;ALMUERZO;4;GUA;Guarnicion;F00506;CAMOTE FRITO;100;120.0;0.3765;SI
19;ALMUERZO;5;REF;Refresco;F00369;CHICHA MORADA;100;15.0;0.2761;SI
19;ALMUERZO;6;POS;Postre;RT0197;MIL HOJAS CON MANJAR BLANCO;100;86.0;0.5967;SI
19;ALMUERZO;7;SAL;Salsas y ajies;RT0267;PEREJIL;100;20.0;0.1120;SI
19;CENA;1;SOP;Sopa;RT0486;SOPA DE RES CON ZAPALLO MACRE;100;200.6;1.9927;SI
19;CENA;2;FON;Plato de fondo;RT0280;PES - SALTADO DE ATUN;100;176.2;2.6508;SI
19;CENA;3;GUA;Guarnicion;F01032;PAPA DORADA AL PEREJIL;100;126.1;0.3934;SI
19;CENA;4;BEB;Bebida caliente;F00194;QUINUA CON MANZANA;100;57.2;0.3441;SI
19;CENA;5;POS;Postre;RT0297;PIONONO DE CHOCOLATE;100;72.8;0.8575;SI
20;DESAYUNO;1;BEB;Bebida caliente;F00624;AVENA CON MEMBRILLO;100;52.2;0.2459;SI
20;DESAYUNO;2;JUG;Jugo;F01060;JUGO DE FRESA CON PIÑA;50;148.0;1.1008;SI
20;DESAYUNO;2;JUG;Jugo;RT0164;JUGO DE PAPAYA Y ARANDANO;50;150.0;1.1871;SI
20;DESAYUNO;3;PAN;Panes;RT0231;PAN INTEGRAL;100;20.3;0.1288;SI
20;DESAYUNO;4;FSO;Fondo o sopa;RT0088;CREMA DE PORO;100;105.2;0.9016;SI
20;DESAYUNO;5;CO1;Complemento 1 (jamon, aceituna, queso, palta, chicharron de prensa);RT0211;PALTA;100;101.0;1.0087;SI
20;DESAYUNO;6;CO2;Complemento 2 (otro complemento distinto al 1);RT0379;QUESO EDAM;100;30.0;1.0866;SI
20;DESAYUNO;7;HUE;Huevo (frito / a la orden);F00125;HUEVOS A LA ORDEN;50;122.0;1.1140;SI
20;DESAYUNO;7;HUE;Huevo (frito / a la orden);F00445;HUEVO FRITO;50;61.0;0.5741;SI
20;DESAYUNO;8;UNT;Mantequilla / mermelada;RT0184;MANTEQUILLA CON SAL;50;0.0;0.3800;SI
20;DESAYUNO;8;UNT;Mantequilla / mermelada;RT0196;MERMELADA;50;0.0;0.2600;SI
20;DESAYUNO;9;FRU;Fruta;RT0183;MANDARINA;100;135.0;0.6548;SI
20;ALMUERZO;1;ENT;Entrada;F01342;ENSALADA DE COL Y ZANAHORIA;100;163.0;0.4895;SI
20;ALMUERZO;2;SOP;Sopa;RT0451;SOPA CANUTO CON RES;100;224.1;2.0681;SI
20;ALMUERZO;3;FON;Plato de fondo;RT0255;PAV - PAVITA A LA PLANCHA;70;166.1;3.2310;SI
20;ALMUERZO;3;FON;Plato de fondo;RT0256;PAV - PAVITA AL TOMILLO;30;203.1;3.4690;SI
20;ALMUERZO;4;GUA;Guarnicion;F01504;PASTA AL PEREJIL;100;128.2;0.7062;SI
20;ALMUERZO;5;REF;Refresco;F00214;JUGO DE MACA;100;43.2;0.3284;SI
20;ALMUERZO;6;POS;Postre;RT0202;MOUSSE DE CHOCOLATE;100;47.1;0.7656;SI
20;ALMUERZO;7;SAL;Salsas y ajies;RT0433;SALSA CRIOLLA;100;53.5;0.2300;SI
20;CENA;1;SOP;Sopa;RT0487;SOPA DE SEMOLA CON POLLO I;100;202.6;0.8271;SI
20;CENA;2;FON;Plato de fondo;RT0377;PUL - CHANFAINITA;100;225.1;1.1432;SI
20;CENA;3;GUA;Guarnicion;F01667;PURE DE MANZANA;100;140.4;0.6385;SI
20;CENA;4;BEB;Bebida caliente;F00517;QUINUA CON MEMBRILLO;100;57.2;0.3907;SI
20;CENA;5;POS;Postre;RT0072;COMPOTA DE MEMBRILLO;100;111.1;0.6421;SI
21;DESAYUNO;1;BEB;Bebida caliente;F00511;AVENA CON NARANJA;100;67.2;0.2126;SI
21;DESAYUNO;2;JUG;Jugo;F00498;JUGO DE MANGO;50;129.0;0.7704;SI
21;DESAYUNO;2;JUG;Jugo;RT0165;JUGO DE PIÑA CON MEMBRILLO;50;205.0;0.8002;SI
21;DESAYUNO;3;PAN;Panes;RT0232;PAN ROSETA;100;25.9;0.0806;SI
21;DESAYUNO;4;FSO;Fondo o sopa;RT0451;SOPA CANUTO CON RES;100;224.1;2.0681;SI
21;DESAYUNO;5;CO1;Complemento 1 (jamon, aceituna, queso, palta, chicharron de prensa);RT0516;TOCINO;100;30.0;0.6693;SI
21;DESAYUNO;6;CO2;Complemento 2 (otro complemento distinto al 1);F00001;ACEITUNA NEGRA;100;20.0;0.5400;SI
21;DESAYUNO;7;HUE;Huevo (frito / a la orden);F00125;HUEVOS A LA ORDEN;50;122.0;1.1140;SI
21;DESAYUNO;7;HUE;Huevo (frito / a la orden);F00445;HUEVO FRITO;50;61.0;0.5741;SI
21;DESAYUNO;8;UNT;Mantequilla / mermelada;RT0184;MANTEQUILLA CON SAL;50;0.0;0.3800;SI
21;DESAYUNO;8;UNT;Mantequilla / mermelada;RT0196;MERMELADA;50;0.0;0.2600;SI
21;DESAYUNO;9;FRU;Fruta;RT0186;MANZANA ROJA;100;160.0;1.2464;SI
21;ALMUERZO;1;ENT;Entrada;F00789;ENSALADA DE TRIGO;100;104.9;0.7676;SI
21;ALMUERZO;2;SOP;Sopa;RT0090;CREMA DE VERDURAS;100;178.2;0.9449;SI
21;ALMUERZO;3;FON;Plato de fondo;RT0399;RES - CARNE A LA JARDINERA;70;220.3;4.7431;SI
21;ALMUERZO;3;FON;Plato de fondo;RT0400;RES - CARNE ENTOMATADA;30;193.4;4.4771;SI
21;ALMUERZO;4;GUA;Guarnicion;RT0023;ARROZ ZAMBITO;100;57.3;0.5512;SI
21;ALMUERZO;5;REF;Refresco;F00370;LIMONADA;100;29.2;0.1542;SI
21;ALMUERZO;6;POS;Postre;RT0206;NIDITOS DE AMOR;100;34.7;0.2205;SI
21;ALMUERZO;7;SAL;Salsas y ajies;RT0004;AJI - CREMA DE ROCOTO;100;23.1;0.1634;SI
21;CENA;1;SOP;Sopa;RT0488;SOPA DE SEMOLA CON RES;100;192.1;1.9557;SI
21;CENA;2;FON;Plato de fondo;RT0410;RES - LOCRO DE PECHO;100;318.2;4.7311;SI
21;CENA;3;GUA;Guarnicion;F00317;VERDURAS SALTEADAS;100;140.2;1.0079;SI
21;CENA;4;BEB;Bebida caliente;F00627;QUINUA CON NARANJA;100;73.2;0.3617;SI
21;CENA;5;POS;Postre;RT0142;GELATINA DE NARANJA;100;3.5;0.1470;SI
22;DESAYUNO;1;BEB;Bebida caliente;F01619;AVENA CON PASAS;100;42.2;0.2070;SI
22;DESAYUNO;2;JUG;Jugo;F01443;JUGO DE MANZANA;50;100.2;0.4026;SI
22;DESAYUNO;2;JUG;Jugo;RT0166;JUGO DE PLATANO, FRESA Y ARANDANO;50;175.0;1.1524;SI
22;DESAYUNO;3;PAN;Panes;RT0233;PAN TRES PUNTAS;100;25.9;0.0806;SI
22;DESAYUNO;4;FSO;Fondo o sopa;RT0090;CREMA DE VERDURAS;100;178.2;0.9449;SI
22;DESAYUNO;5;CO1;Complemento 1 (jamon, aceituna, queso, palta, chicharron de prensa);RT0106;EMPANADA MIXTA;100;115.7;1.4995;SI
22;DESAYUNO;6;CO2;Complemento 2 (otro complemento distinto al 1);RT0160;JAMON DEL PAIS;100;30.0;0.3850;SI
22;DESAYUNO;7;HUE;Huevo (frito / a la orden);F00125;HUEVOS A LA ORDEN;50;122.0;1.1140;SI
22;DESAYUNO;7;HUE;Huevo (frito / a la orden);F00445;HUEVO FRITO;50;61.0;0.5741;SI
22;DESAYUNO;8;UNT;Mantequilla / mermelada;RT0184;MANTEQUILLA CON SAL;50;0.0;0.3800;SI
22;DESAYUNO;8;UNT;Mantequilla / mermelada;RT0196;MERMELADA;50;0.0;0.2600;SI
22;DESAYUNO;9;FRU;Fruta;RT0205;NARANJA DE MESA;100;185.0;0.9916;SI
22;ALMUERZO;1;ENT;Entrada;F01526;ENSALADA DE LENTEJAS;100;154.1;0.8484;SI
22;ALMUERZO;2;SOP;Sopa;RT0452;SOPA CAROLINA CON POLLO;100;159.2;0.8560;SI
22;ALMUERZO;3;FON;Plato de fondo;RT0131;GALL - GALLINA A LA CACEROLA;70;300.2;2.0156;SI
22;ALMUERZO;3;FON;Plato de fondo;RT0132;GALL - GALLINA A LA CAMPESINA;30;343.4;2.2026;SI
22;ALMUERZO;4;GUA;Guarnicion;F01339;CAIGUA;100;31.0;0.1508;SI
22;ALMUERZO;5;REF;Refresco;RT0384;REFRESCO EMOLIENTE/HIERBA LUISA;100;16.0;0.2002;SI
22;ALMUERZO;6;POS;Postre;RT0246;PASTEL DE CHOCLO DULCE;100;182.2;1.9064;SI
22;ALMUERZO;7;SAL;Salsas y ajies;RT0434;SALSA DE AJI POLLERO;100;21.1;0.1325;SI
22;CENA;1;SOP;Sopa;RT0489;SOPA DE TRIGO CON POLLO;100;208.2;0.8890;SI
22;CENA;2;FON;Plato de fondo;RT0261;PAV - PAVO AL OREGANO;100;171.4;3.3930;SI
22;CENA;3;GUA;Guarnicion;F01204;PAPA DORADA Y SALSA CRIOLLA;100;93.1;0.3308;SI
22;CENA;4;BEB;Bebida caliente;F00195;QUINUA CON PIÑA;100;67.2;0.3606;SI
22;CENA;5;POS;Postre;RT0173;KEKE DE PLATANO;100;97.1;0.8563;SI
23;DESAYUNO;1;BEB;Bebida caliente;F00177;AVENA CON PIÑA;100;62.2;0.2158;SI
23;DESAYUNO;2;JUG;Jugo;F02146;JUGO DE MARACUYA;50;230.0;0.9295;SI
23;DESAYUNO;2;JUG;Jugo;RT0167;JUGO DE PLATANO, PAPAYA Y ARANDANO;50;175.0;1.1476;SI
23;DESAYUNO;3;PAN;Panes;RT0213;PAN - PAN DE MANTECA;100;45.1;0.1796;SI
23;DESAYUNO;4;FSO;Fondo o sopa;RT0452;SOPA CAROLINA CON POLLO;100;159.2;0.8560;SI
23;DESAYUNO;5;CO1;Complemento 1 (jamon, aceituna, queso, palta, chicharron de prensa);RT0380;QUESO FRESCO;100;30.0;0.6846;SI
23;DESAYUNO;6;CO2;Complemento 2 (otro complemento distinto al 1);F01184;ACEITUNA VERDE;100;20.0;0.4400;SI
23;DESAYUNO;7;HUE;Huevo (frito / a la orden);F00125;HUEVOS A LA ORDEN;50;122.0;1.1140;SI
23;DESAYUNO;7;HUE;Huevo (frito / a la orden);F00445;HUEVO FRITO;50;61.0;0.5741;SI
23;DESAYUNO;8;UNT;Mantequilla / mermelada;RT0184;MANTEQUILLA CON SAL;50;0.0;0.3800;SI
23;DESAYUNO;8;UNT;Mantequilla / mermelada;RT0196;MERMELADA;50;0.0;0.2600;SI
23;DESAYUNO;9;FRU;Fruta;RT0266;PERA;100;140.0;1.1900;SI
23;ALMUERZO;1;ENT;Entrada;RT0116;ENSALADA FRESCA CON POLLO TL;100;359.2;2.5299;SI
23;ALMUERZO;2;SOP;Sopa;RT0091;CREMA DE ZANAHORIA;100;71.2;0.3404;SI
23;ALMUERZO;3;FON;Plato de fondo;RT0307;POLL - CAIGUA RELLENA CON POLLO;70;325.1;2.7800;SI
23;ALMUERZO;3;FON;Plato de fondo;RT0308;POLL - CAU CAU DE POLLO;30;338.2;2.2934;SI
23;ALMUERZO;4;GUA;Guarnicion;F00295;ESPINACAS SALTEADAS;100;125.2;0.6925;SI
23;ALMUERZO;5;REF;Refresco;F00373;REFRESCO DE CARAMBOLA;100;6.2;0.2402;SI
23;ALMUERZO;6;POS;Postre;RT0265;PAÑUELO CON MANJARBLANCO;100;61.2;0.5463;SI
23;ALMUERZO;7;SAL;Salsas y ajies;RT0005;AJI - CREMA DE ROCOTO CON HUACATAY;100;25.1;0.1734;SI
23;CENA;1;SOP;Sopa;RT0490;SOPA DE TRIGO CON RES I;100;198.1;2.0263;SI
23;CENA;2;FON;Plato de fondo;RT0046;CER - CERDO EN SALSA CHIMICHURRI;100;180.4;2.2952;SI
23;CENA;3;GUA;Guarnicion;F02241;TACACHO;100;143.1;0.9150;SI
23;CENA;4;BEB;Bebida caliente;F01658;QUINUA CON PLATANO;100;60.2;0.3656;SI
23;CENA;5;POS;Postre;RT0191;MAZAMORRA DE MEMBRILLO;100;60.3;0.3099;SI
24;DESAYUNO;1;BEB;Bebida caliente;F01291;AVENA CON PLATANO;100;57.2;0.2295;SI
24;DESAYUNO;2;JUG;Jugo;F01321;JUGO DE MELON CON PIÑA;50;205.0;1.0998;SI
24;DESAYUNO;2;JUG;Jugo;RT0168;JUGO MIXTO;50;215.0;1.0344;SI
24;DESAYUNO;3;PAN;Panes;RT0523;TOSTADAS INTEGRALES;100;24.2;0.0961;SI
24;DESAYUNO;4;FSO;Fondo o sopa;RT0091;CREMA DE ZANAHORIA;100;71.2;0.3404;SI
24;DESAYUNO;5;CO1;Complemento 1 (jamon, aceituna, queso, palta, chicharron de prensa);F00134;CHORIZO;100;100.0;1.6575;SI
24;DESAYUNO;6;CO2;Complemento 2 (otro complemento distinto al 1);F00122;HOT DOG;100;50.0;0.5313;SI
24;DESAYUNO;7;HUE;Huevo (frito / a la orden);F00125;HUEVOS A LA ORDEN;50;122.0;1.1140;SI
24;DESAYUNO;7;HUE;Huevo (frito / a la orden);F00445;HUEVO FRITO;50;61.0;0.5741;SI
24;DESAYUNO;8;UNT;Mantequilla / mermelada;RT0184;MANTEQUILLA CON SAL;50;0.0;0.3800;SI
24;DESAYUNO;8;UNT;Mantequilla / mermelada;RT0196;MERMELADA;50;0.0;0.2600;SI
24;DESAYUNO;9;FRU;Fruta;RT0301;PLATANO DE SEDA;100;135.0;0.6750;SI
24;ALMUERZO;1;ENT;Entrada;RT0236;PAPA A LA HUANCAINA;100;196.6;1.2003;SI
24;ALMUERZO;2;SOP;Sopa;RT0453;SOPA CASERA CON POLLO;100;215.6;0.9223;SI
24;ALMUERZO;3;FON;Plato de fondo;RT0274;PES - PESCADO AL LIMON;70;219.1;2.9599;SI
24;ALMUERZO;3;FON;Plato de fondo;RT0275;PES - PESCADO AL VAPOR;30;203.0;6.6933;SI
24;ALMUERZO;4;GUA;Guarnicion;F00318;CAMOTE FRITO Y SALSA CRIOLLA;100;151.1;0.4839;SI
24;ALMUERZO;5;REF;Refresco;F00509;JUGO DE MELON;100;270.0;1.1793;SI
24;ALMUERZO;6;POS;Postre;RT0291;PICARONES;100;126.2;0.6096;SI
24;ALMUERZO;7;SAL;Salsas y ajies;RT0435;SALSA DE AJI SACHET;100;0.0;0.0890;SI
24;CENA;1;SOP;Sopa;RT0492;SOPA FU CHI FU CON POLLO;100;148.5;0.8573;SI
24;CENA;2;FON;Plato de fondo;RT0338;POLL - POLLO A LA JARDINERA;100;343.4;2.2317;SI
24;CENA;3;GUA;Guarnicion;F00320;ZANAHORIAS CON COL SALTEADA;100;115.1;0.4183;SI
24;CENA;4;BEB;Bebida caliente;F00510;SEMOLA;100;42.2;0.1577;SI
24;CENA;5;POS;Postre;RT0073;COMPOTA DE PIÑA;100;92.8;0.3364;SI
25;DESAYUNO;1;BEB;Bebida caliente;F01296;AVENA CON QUINUA;100;36.2;0.1979;SI
25;DESAYUNO;2;JUG;Jugo;F01316;JUGO DE NARANJA CON MARACUYA;50;275.0;0.9074;SI
25;DESAYUNO;2;JUG;Jugo;RT0169;JUGO SURTIDO I;50;245.0;1.3306;SI
25;DESAYUNO;3;PAN;Panes;RT0214;PAN AL AJO;100;14.6;0.1153;SI
25;DESAYUNO;4;FSO;Fondo o sopa;RT0453;SOPA CASERA CON POLLO;100;215.6;0.9223;SI
25;DESAYUNO;5;CO1;Complemento 1 (jamon, aceituna, queso, palta, chicharron de prensa);RT0054;CHICHARRON DE PRENSA;100;20.0;0.3473;SI
25;DESAYUNO;6;CO2;Complemento 2 (otro complemento distinto al 1);RT0104;EMPANADA DE BODA;100;62.4;0.4502;SI
25;DESAYUNO;7;HUE;Huevo (frito / a la orden);F00125;HUEVOS A LA ORDEN;50;122.0;1.1140;SI
25;DESAYUNO;7;HUE;Huevo (frito / a la orden);F00445;HUEVO FRITO;50;61.0;0.5741;SI
25;DESAYUNO;8;UNT;Mantequilla / mermelada;RT0184;MANTEQUILLA CON SAL;50;0.0;0.3800;SI
25;DESAYUNO;8;UNT;Mantequilla / mermelada;RT0196;MERMELADA;50;0.0;0.2600;SI
25;DESAYUNO;9;FRU;Fruta;RT0442;SANDIA;100;300.0;0.9090;SI
25;ALMUERZO;1;ENT;Entrada;F01527;ENSALADA DE PALLARES;100;148.2;0.8847;SI
25;ALMUERZO;2;SOP;Sopa;RT0092;CREMA DE ZAPALLO;100;148.4;0.7018;SI
25;ALMUERZO;3;FON;Plato de fondo;RT0079;CORD - HUATIA DE CORDERO;70;191.4;5.8094;SI
25;ALMUERZO;3;FON;Plato de fondo;RT0098;CUY - CUY CHACTADO;30;285.3;12.2000;SI
25;ALMUERZO;4;GUA;Guarnicion;F01923;RIGATTONI EN SALSA BECHAMEL;100;148.4;0.9218;SI
25;ALMUERZO;5;REF;Refresco;F00378;REFRESCO DE COCONA;100;65.2;0.3206;SI
25;ALMUERZO;6;POS;Postre;RT0295;PIONONO CON MANJARBLANCO;100;37.2;0.4933;SI
25;ALMUERZO;7;SAL;Salsas y ajies;RT0006;AJI - ROCOTO PICADO;100;13.1;0.1086;SI
25;CENA;1;SOP;Sopa;RT0493;SOPA INCHICAPI DE GALLINA;100;136.0;0.9136;SI
25;CENA;2;FON;Plato de fondo;RT0411;RES - LOMITO AL JUGO I;100;187.1;5.3099;SI
25;CENA;3;GUA;Guarnicion;F00342;PAPA DUQUESA;100;160.2;0.7854;SI
25;CENA;4;BEB;Bebida caliente;F01094;SEMOLA CON COCOA;100;44.2;0.2015;SI
25;CENA;5;POS;Postre;RT0143;GELATINA DE PIÑA;100;3.5;0.0727;SI
26;DESAYUNO;1;BEB;Bebida caliente;F00783;AVENA CON SOYA;100;55.2;0.3012;SI
26;DESAYUNO;2;JUG;Jugo;F00184;JUGO DE PAPAYA;50;125.0;1.0014;SI
26;DESAYUNO;2;JUG;Jugo;F00185;JUGO DE PAPAYA CON LECHE;50;125.0;1.0929;SI
26;DESAYUNO;3;PAN;Panes;RT0215;PAN AL OREGANO;100;19.6;0.0780;SI
26;DESAYUNO;4;FSO;Fondo o sopa;RT0092;CREMA DE ZAPALLO;100;148.4;0.7018;SI
26;DESAYUNO;5;CO1;Complemento 1 (jamon, aceituna, queso, palta, chicharron de prensa);RT0159;JAMON;100;30.0;0.3850;SI
26;DESAYUNO;6;CO2;Complemento 2 (otro complemento distinto al 1);RT0161;JAMONADA;100;30.0;0.3473;SI
26;DESAYUNO;7;HUE;Huevo (frito / a la orden);F00125;HUEVOS A LA ORDEN;50;122.0;1.1140;SI
26;DESAYUNO;7;HUE;Huevo (frito / a la orden);F00445;HUEVO FRITO;50;61.0;0.5741;SI
26;DESAYUNO;8;UNT;Mantequilla / mermelada;RT0184;MANTEQUILLA CON SAL;50;0.0;0.3800;SI
26;DESAYUNO;8;UNT;Mantequilla / mermelada;RT0196;MERMELADA;50;0.0;0.2600;SI
26;DESAYUNO;9;FRU;Fruta;RT0524;TUNA ROJA;100;90.0;0.4500;SI
26;ALMUERZO;1;ENT;Entrada;F01764;ENSALADA TRICOLOR;100;128.3;0.6807;SI
26;ALMUERZO;2;SOP;Sopa;RT0454;SOPA CAZUELA DE GALLINA;100;224.1;1.0975;SI
26;ALMUERZO;3;FON;Plato de fondo;RT0401;RES - CARNE MECHADA A LA OLLA;70;217.4;4.5059;SI
26;ALMUERZO;3;FON;Plato de fondo;RT0402;RES - CHEESEBURGUER;30;258.2;3.3651;SI
26;ALMUERZO;4;GUA;Guarnicion;F01347;CEBOLLA;100;40.0;0.1332;SI
26;ALMUERZO;5;REF;Refresco;RT0385;REFRESCO EMOLIENTE/MANZANA;100;15.0;0.2002;SI
26;ALMUERZO;6;POS;Postre;RT0300;PIÑA EN ALMIBAR;100;170.2;0.5724;SI
26;ALMUERZO;7;SAL;Salsas y ajies;RT0436;SALSA DE HUANCAINA;100;17.6;0.4812;SI
26;CENA;1;SOP;Sopa;RT0494;SOPA JULIANA DE POLLO;100;202.1;0.7931;SI
26;CENA;2;FON;Plato de fondo;RT0282;PES - SUDADO DE PESCADO I;100;263.0;7.0305;SI
26;CENA;3;GUA;Guarnicion;F02095;PAPA GRATINADA CON QUESO PARMESANO;100;130.2;0.6029;SI
26;CENA;4;BEB;Bebida caliente;F00216;SEMOLA CON LECHE;100;42.2;0.2937;SI
26;CENA;5;POS;Postre;RT0174;KEKE DE VAINILLA;100;77.3;0.6926;SI
27;DESAYUNO;1;BEB;Bebida caliente;F00865;AVENA CON VAINILLA;100;37.2;0.1503;SI
27;DESAYUNO;2;JUG;Jugo;F01812;JUGO DE PAPAYA CON MANZANA;50;117.0;0.7042;SI
27;DESAYUNO;2;JUG;Jugo;F00513;JUGO DE PAPAYA CON MELON;50;170.0;0.9578;SI
27;DESAYUNO;3;PAN;Panes;RT0216;PAN ARABE;100;16.8;0.0474;SI
27;DESAYUNO;4;FSO;Fondo o sopa;RT0454;SOPA CAZUELA DE GALLINA;100;224.1;1.0975;SI
27;DESAYUNO;5;CO1;Complemento 1 (jamon, aceituna, queso, palta, chicharron de prensa);RT0182;MAIZ CANCHA CON QUESO;100;52.0;0.9304;SI
27;DESAYUNO;6;CO2;Complemento 2 (otro complemento distinto al 1);RT0201;MORTADELA;100;30.0;0.4044;SI
27;DESAYUNO;7;HUE;Huevo (frito / a la orden);F00125;HUEVOS A LA ORDEN;50;122.0;1.1140;SI
27;DESAYUNO;7;HUE;Huevo (frito / a la orden);F00445;HUEVO FRITO;50;61.0;0.5741;SI
27;DESAYUNO;8;UNT;Mantequilla / mermelada;RT0184;MANTEQUILLA CON SAL;50;0.0;0.3800;SI
27;DESAYUNO;8;UNT;Mantequilla / mermelada;RT0196;MERMELADA;50;0.0;0.2600;SI
27;DESAYUNO;9;FRU;Fruta;RT0526;UVA NEGRA;100;150.0;1.1610;SI
27;ALMUERZO;1;ENT;Entrada;RT0117;ENSALADA GRIEGA FESTIVAL;100;390.2;3.4404;SI
27;ALMUERZO;2;SOP;Sopa;RT0455;SOPA CAZUELA DE POLLO;100;230.1;1.0075;SI
27;ALMUERZO;3;FON;Plato de fondo;RT0257;PAV - PAVO A LA JARDINERA;70;215.3;3.7337;SI
27;ALMUERZO;3;FON;Plato de fondo;RT0258;PAV - PAVO AL HORNO;30;174.3;3.3142;SI
27;ALMUERZO;4;GUA;Guarnicion;F00770;HABAS Y CAMOTE SANCOCHADO;100;124.1;0.6761;SI
27;ALMUERZO;5;REF;Refresco;F00179;JUGO DE NARANJA;100;10.0;0.6193;SI
27;ALMUERZO;6;POS;Postre;RT0376;PUDIN DE CHOCOLATE;100;10.0;0.5696;SI
27;ALMUERZO;7;SAL;Salsas y ajies;RT0007;AJI - ROCOTO PICADO CON CEBOLLA ROJA;100;17.1;0.1219;SI
27;CENA;1;SOP;Sopa;RT0495;SOPA MENESTRON CON POLLO;100;224.1;1.3306;SI
27;CENA;2;FON;Plato de fondo;RT0339;POLL - POLLO A LA MOSTAZA;100;311.1;1.9292;SI
27;CENA;3;GUA;Guarnicion;F00344;PAPA SANCOCHADA;100;122.0;0.3017;SI
27;CENA;4;BEB;Bebida caliente;F00522;SEMOLA CON LECHE Y PASAS;100;45.2;0.3414;SI
27;CENA;5;POS;Postre;RT0192;MAZAMORRA DE NARANJA;100;90.3;0.2970;SI
28;DESAYUNO;1;BEB;Bebida caliente;F00178;CAFE;100;28.0;0.2128;SI
28;DESAYUNO;2;JUG;Jugo;F01565;JUGO DE PAPAYA CON NARANJA;50;227.0;0.9529;SI
28;DESAYUNO;2;JUG;Jugo;F01058;JUGO DE PAPAYA CON PIÑA;50;145.0;1.0582;SI
28;DESAYUNO;3;PAN;Panes;RT0217;PAN BAGUETINO;100;25.9;0.0795;SI
28;DESAYUNO;4;FSO;Fondo o sopa;RT0455;SOPA CAZUELA DE POLLO;100;230.1;1.0075;SI
28;DESAYUNO;5;CO1;Complemento 1 (jamon, aceituna, queso, palta, chicharron de prensa);RT0211;PALTA;100;101.0;1.0087;SI
28;DESAYUNO;6;CO2;Complemento 2 (otro complemento distinto al 1);RT0379;QUESO EDAM;100;30.0;1.0866;SI
28;DESAYUNO;7;HUE;Huevo (frito / a la orden);F00125;HUEVOS A LA ORDEN;50;122.0;1.1140;SI
28;DESAYUNO;7;HUE;Huevo (frito / a la orden);F00445;HUEVO FRITO;50;61.0;0.5741;SI
28;DESAYUNO;8;UNT;Mantequilla / mermelada;RT0184;MANTEQUILLA CON SAL;50;0.0;0.3800;SI
28;DESAYUNO;8;UNT;Mantequilla / mermelada;RT0196;MERMELADA;50;0.0;0.2600;SI
28;DESAYUNO;9;FRU;Fruta;RT0144;GRANADILLA;100;110.0;0.8250;SI
28;ALMUERZO;1;ENT;Entrada;RT0240;PAPA RELLENA CON RES;100;161.8;1.8139;SI
28;ALMUERZO;2;SOP;Sopa;RT0457;SOPA CHAIRO CON POLLO;100;221.1;1.4959;SI
28;ALMUERZO;3;FON;Plato de fondo;RT0043;CER - CERDO CHULETA A LA PARRILLA;70;211.3;3.1362;SI
28;ALMUERZO;3;FON;Plato de fondo;RT0044;CER - CERDO EN MERMELADA DE ROCOTO;30;233.2;2.5510;SI
28;ALMUERZO;4;GUA;Guarnicion;F00289;CAMOTE GLACEADO CON NARANJA;100;128.2;0.4933;SI
28;ALMUERZO;5;REF;Refresco;F00727;REFRESCO DE MANZANA;100;8.0;0.2300;SI
28;ALMUERZO;6;POS;Postre;RT0383;QUINUA ACARAMELADA;100;33.2;0.2515;SI
28;ALMUERZO;7;SAL;Salsas y ajies;RT0438;SALSA GUACAMOLE;100;74.1;0.6000;SI
28;CENA;1;SOP;Sopa;RT0496;SOPA PASTORA CON POLLO;100;193.1;0.8762;SI
28;CENA;2;FON;Plato de fondo;RT0047;CER - CHICHARRON DE CERDO;100;171.3;2.2572;SI
28;CENA;3;GUA;Guarnicion;F01669;PAPA Y SALSA CRIOLLA;100;132.1;0.3878;SI
28;CENA;4;BEB;Bebida caliente;F00518;SEMOLA CON MANZANA;100;57.2;0.2263;SI
28;CENA;5;POS;Postre;RT0175;KEKE MARMOL;100;61.8;0.5083;SI
