variante_codigo;descripcion_comercial;ingrediente;unidad_base;contenido_segun_nombre;contenido_cargado;es_producto_activo
SGP01572;CERA AL AGUA SAPOLIO 3.785 LT;CERA AL AGUA SAPOLIO;L;3.785;4.000;si
SGP00828;CEREZA MARRASQUINO ROJO SANTIS 283 GR;CEREZAS MARRASQUINO;KG;0.283;0.340;si
SGP00935;CREMA DE LECHE GLORIA 946 CC;CREMA DE LECHE;L;0.946;0.900;si
SGP01571;DETERGENTE SAPOLIO DE 13.5 KG;DETERGENTE SAPOLIO 15 KG;KG;13.500;15.000;si
SGP00003;LECHE CONDENSADA GLORIA 393 GR;LECHE CONDENSADA LATA (KG);KG;0.393;0.395;si
SGP01716;LECHON ENTERO CONGELADO (PESO DE 7 A 9 KG.);LECHON ENTERO CONGELADO;KG;9.000;1.000;si
SGP01734;PAVO ENTERO CON MENUDENCIA CONGELADO 10 KG (N);PAVO ENTERO CON MENUDENCIA CONGELADO 10 KG (N);KG;10.000;1.000;si
SGP00802;PIÑA EN RODAJAS FANNY 567 GR;PIÑA EN RODAJAS LATA;KG;0.567;0.560;si
SGP01781;POLLO MARINADO PARA BRASA RANGO 1.2KG CONGELADO;POLLO MARINADO PARA BRASA 1.2 KG CONGELADO;KG;1.200;1.000;si
SGP01777;POLLO SIN MENUDENCIA CONGELADO RANGO 1.68 KG;POLLO SIN MENUDENCIA CONGELADO;KG;1.680;1.000;si
SGP01762;POLLO SIN MENUDENCIA CONGELADO 1.1 - 1.4 KG - PERDIX;POLLO SIN MENUDENCIA CONGELADO 1.2 KG;KG;1.400;1.000;si
SGP00166;SALSA MENSI KIKKO 350 ML PET;SALSA MENSI (L);L;0.350;0.390;si
SGP00157;SALSA OSTION LEE KUN KEE 510/480 GR;SALSA OSTION (KG);KG;0.480;0.510;si
SGP00089;ACHOCOLATADO NESQUICK NESTLE 380 GR (EMER);ACHOCOLATADO NESQUICK NESTLE 380 GR (EMER);KG;0.380;0.400;no
SGP01352;ALCOHOL GEL X 1100 ML TAPA PUMP-NEX;ALCOHOL GEL SPARTAN COSMETICO NEUTRO - PARA MANOS;L;1.100;1.000;no
SGP00005;ATUN TROZOS FLORIDA 140 GR;ATUN EN ACEITE LATA;KG;0.140;0.170;no
SGP00929;COBERTURA CHOCOLATE BLANCO 600 GR;CHOCOLATE BLANCO COBERTURA NEGUSA;KG;0.600;0.250;no
SGP00513;CHOCOLATE PARA TAZA CUZCO REAL 90/80 GR;CHOCOLATE PARA TAZA;KG;0.080;0.090;no
SGP00801;COCKTAIL DE FRUTAS ACONCAGUA 820/822 GR;COCKTAIL DE FRUTA LATA;KG;0.822;0.820;no
SGP01610;DESINFECTANTE PINO SAPOLIO 3.785 ML;DESINFECTANTE PINO SAPOLIO LT;L;0.004;3.785;no
SGP00040;FIDEO CANUTO CHICO DON VITTORIO 250/235 GR;FIDEO CANUTO;KG;0.235;0.250;no
SGP00037;FIDEO CODO RAYADO DON VITTORIO 250/225 GR;FIDEO CODO RAYADO;KG;0.225;0.250;no
SGP00034;FIDEO SPAGUETTI NICOLINI 500/450 GR;FIDEO SPAGUETTI;KG;0.450;0.500;no
SGP00028;FIDEO TORNILLO DON VITTORIO 250/225 GR;FIDEO TORNILLO;KG;0.225;0.250;no
SGP01020;GELATINA DE FRESA UNIVERSAL 150 GR/130 GR;GELATINA FRESA INSTANTANEO;KG;0.130;0.150;no
SGP00948;GELATINA DE NARANJA UNIVERSAL 150 GR/130 GR;GELATINA NARANJA INSTANTANEO;KG;0.130;0.150;no
SGP01035;GELATINA DE PIÑA UNIVERSAL 150 GR/130 GR;GELATINA PIÑA INSTANTANEO;KG;0.130;0.150;no
SGP01235;LECHON ENTERO CONGELADO (PESO DE 8 A 10 KG.);LECHON ENTERO CONGELADO;KG;10.000;1.000;no
SGP01710;LECHON ENTERO CONGELADO (PESO DE 9 A 10 KG.);LECHON ENTERO CONGELADO (PESO DE 9 A 10 KG.);KG;10.000;1.000;no
SGP01445;LEJIA SAPOLIO 3.785 ML;LEJIA SAPOLIO LT;L;0.004;3.785;no
SGP02129;MARGARINA SELLO DE ORO POTE 190 GR (EMER);MARGARINA CON SAL REFRIGERADO GRANEL KG;KG;0.190;2.000;no
SGP00216;MAZAMORRA MORADA UNIVERSAL 200/150 GR;MAZAMORRA MORADA INSTANTANEO;KG;0.150;0.200;no
SGP00385;PAPA SECA LA SERRANITA 3 KG;PAPA SECA;KG;3.000;5.000;no
SGP00397;PAPA SECA KOMILON 500 GR;PAPA SECA;KG;0.500;0.400;no
SGP00840;PAPRIKA TOÑA 500 GR;PAPRIKA;KG;0.500;1.500;no
SGP01117;PASAS MORENAS VALLE ALTO 100 / 90 GR;PASAS MORENAS VALLE ALTO 100 / 90 GR;KG;0.090;0.100;no
SGP01757;PIERNA DE POLLO CON ENCUENTRO CONGELADO (BLOQUE 18 KG) IMPORT;POLLO PIERNA CON ENCUENTRO CONGELADO;KG;18.000;1.000;no
SGP01230;POLLO SIN MENUDENCIA CONGELADO RANGO 1.75 A 1.85 KG;POLLO SIN MENUDENCIA CONGELADO;KG;1.850;1.000;no
SGP01233;POLLO SIN MENUDENCIA CONGELADO RANGO 2 KG;POLLO SIN MENUDENCIA CONGELADO;KG;2.000;1.000;no
SGP01238;POLLO SIN MENUDENCIA CONGELADO RANGO 1.6 A 1.8 KG;POLLO SIN MENUDENCIA CONGELADO;KG;1.800;1.000;no
SGP01750;POLLO SIN MENUDENCIA TROZADO EN 8 CONGELADO RANGO 1.6 KG;POLLO SIN MENUDENCIA CONGELADO;KG;1.600;1.000;no
SGP01761;POLLO SIN MENUDENCIA CONGELADO RANGO 1.7 A 1.9KG - LAS CAMELIAS;POLLO SIN MENUDENCIA CONGELADO;KG;1.900;1.000;no
SGP01768;POLLO SIN MENUDENCIA CONGELADO RANGO 1.8 KG;POLLO SIN MENUDENCIA CONGELADO;KG;1.800;1.000;no
SGP01769;POLLO SIN MENUDENCIA TROZADO EN 9 CONGELADO RANGO 1.5 KG;POLLO SIN MENUDENCIA CONGELADO;KG;1.500;1.000;no
SGP01770;POLLO SIN MENUDENCIA TROZADO EN 9 CONGELADO RANGO 1.8 KG;POLLO SIN MENUDENCIA CONGELADO;KG;1.800;1.000;no
SGP01771;POLLO SIN MENUDENCIA CONGELADO RANGO 1.8 KG - 2 KG;POLLO SIN MENUDENCIA CONGELADO;KG;2.000;1.000;no
SGP01772;POLLO SIN MENUDENCIA CONGELADO RANGO 1.7 A 1.9 KG;POLLO SIN MENUDENCIA CONGELADO;KG;1.900;1.000;no
SGP01775;POLLO SIN MENUDENCIA CONGELADO RANGO 1.52 KG;POLLO SIN MENUDENCIA CONGELADO;KG;1.520;1.500;no
SGP01780;POLLO SIN MENUDENCIA TROZADO EN 8 CONGELADO RANGO 1.5 KG;POLLO SIN MENUDENCIA CONGELADO;KG;1.500;1.000;no
SGP01783;POLLO SIN MENUDENCIA CONGELADO RANGO 1.8 KG - REDONDOS;POLLO SIN MENUDENCIA CONGELADO;KG;1.800;1.000;no
SGP01221;POLLO SIN MENUDENCIA CONGELADO RANGO 1.428 - 1.611 KG (SAN FERNANDO);POLLO SIN MENUDENCIA CONGELADO 1.2 KG;KG;1.611;1.000;no
SGP01751;POLLO SIN MENUDENCIA CONGELADO RANGO 1.2 A 1.4 KG;POLLO SIN MENUDENCIA CONGELADO 1.2 KG;KG;1.400;1.000;no
SGP01752;POLLO SIN MENUDENCIA CONGELADO RANGO 1.1 -1.4 KGS;POLLO SIN MENUDENCIA CONGELADO 1.2 KG;KG;1.400;1.000;no
SGP01760;POLLO SIN MENUDENCIA CONGELADO 1.1 - 1.4 KG - TRES ARROYOS;POLLO SIN MENUDENCIA CONGELADO 1.2 KG;KG;1.400;1.000;no
SGP01773;POLLO SIN MENUDENCIA CONGELADO RANGO 1.4KG;POLLO SIN MENUDENCIA CONGELADO 1.2 KG;KG;1.400;1.000;no
SGP01776;POLLO SIN MENUDENCIA CONGELADO RANGO 1.25 KG;POLLO SIN MENUDENCIA CONGELADO 1.2 KG;KG;1.250;1.000;no
SGP01779;POLLO SIN MENUDENCIA CONGELADO RANGO 1.38KG;POLLO SIN MENUDENCIA CONGELADO 1.2 KG;KG;1.380;1.000;no
SGP01765;POLLO SIN MENUDENCIA CONGELADO RANGO 2.06 A 2.600 KG;POLLO SIN MENUDENCIA CONGELADO RANGO 2.06 A 2.600 KG;KG;2.600;1.000;no
SGP00167;SALSA TAMARINDO KIKKO 350 ML;SALSA DE TAMARINDO;L;0.350;0.390;no
SGP01568;SILICONA PARA AUTO SAPOLIO 360 CC;SILICONA LIQUIDA LT;L;0.360;0.440;no
