ingrediente_receta;unidad;ingrediente_catalogo
ACEITUNA NEGRA;KG;ACEITUNA NEGRA EN RODAJA
ACEITUNA VERDE;KG;ACEITUNA VERDE EN RODAJA
AJI PANCA;KG;AJI PANCA SECO
ARROZ EXTRA NIR;KG;ARROZ EXTRA
BASE AMARILLA;KG;PRE ELABORADO BASE AMARILLA
BASE CRIOLLA;KG;PRE ELABORADO BASE CRIOLLA
BASE DE TOMATE;KG;PRE ELABORADO BASE DE TOMATE
BASE NEUTRA;KG;PRE ELABORADO BASE NEUTRA
BASE NORTEÑA;KG;PRE ELABORADO BASE NORTEÑA
BASE ORIENTAL;KG;PRE ELABORADO BASE ORIENTAL
BASE VERDE;KG;PRE ELABORADO BASE VERDE
BERENJENA REFRIGERADA;KG;BERENJENA
CAFE PARA PASAR MOLIDO;KG;CAFE MOLIDO PARA PASAR KG
CALABAZA REFRIGERADO;KG;CALABAZA
CERDO PIERNA SIN PIEL Y SIN HUESO REFRIGERADO;KG;PIERNA DE CERDO SIN HUESO
CHAMPIGÑONES REFRIGERADO;KG;CHAMPIGÑONES LATA
CHOCLO AMARILLO;KG;CHOCLO AMARILLO DESGRANADO CONGELADO
CHORIZO;KG;CHORIZO PARRILLERO CONGELADO
COCA COLA 3 LT;L;COCA COLA LT
COCONA REFRIGERADO;KG;COCONA
COLIFLOR 20-40 CONGELADO;KG;COLIFLOR 20-60 CONGELADO
FIDEO FETUCCINI;KG;FIDEO FETUCCINI AL HUEVO
FRIJOL PANAMITO;KG;PRE ELABORADO RAM FRIJOL PANAMITO SIN ADEREZO 1 KG
GALLETA DE SODA KG;KG;GALLETA SALADA DE SODA SAYON
GALLINA ENTERA CON MENUDENCIA CONGELADO IMPORTADO;KG;GALLINA ENTERA SIN MENUDENCIA CONGELADO
GELATINA PIÑA QUIMTIA;KG;GELATINA PIÑA INSTANTANEO
HUEVO ROSADO REFRIGERADO;KG;HUEVO ROSADO REFRIGERADO CAJA
JUGO DE NARANJA;L;JUGO DE NARANJA PASTEURIZADO
LECHUGA AMERICANA REFRIGERADO;KG;LECHUGA AMERICANA
MANTEQUILLA CON SAL REFRIGERADA 8 GR;UND;MANTEQUILLA LAIVE PERSONAL 8 GR
MARACUYA ENTERA REFRIGERADO;KG;MARACUYA ENTERA
MOSTAZA;KG;MOSTAZA 4 KG
NUEZ MOSCADA;KG;NUEZ MOSCADA MOLIDA
PAN FRANCES 35 GR;UND;PAN PRECOCIDO FRANCES CONGELADO 40 GR
PANCETA CON HUESO Y SIN PIEL 3 TIRAS CONGELADO;KG;PANCETA CON HUESO Y SIN PIEL TIRAS CONGELADO
PASTA DE ROCOTO EMIC;KG;PASTA DE ROCOTO RAM
PAVO ENTERO;KG;PAVO ENTERO CON MENUDENCIA CONGELADO
PECHUGA DE POLLO S/HUESO S/PIEL CONGELADO;KG;PECHUGA DE POLLO S/HUESO Y PIEL CONGELADO
PLATANO DE LA ISLA REFRIGERADO;KG;PLATANO DE LA ISLA
POLLO ALAS CONGELADO;KG;ALAS CONGELADO
POLLO SIN MENUDENCIA CONGELADO 1.68 KG;KG;POLLO SIN MENUDENCIA CONGELADO
PULPA DE PAPAYA CONGELADO;KG;PAPAYA PULPA CONGELADO
QUESO EDAM CONGELADO;KG;QUESO EDAM
QUESO EDAM REFRIGERADO;KG;QUESO EDAM
SALSA DE OSTION;L;SALSA OSTION
TOCINO;KG;TOCINO AHUMADO CONGELADO
TOCINO AHUMADO REFRIGERADO;KG;TOCINO AHUMADO CONGELADO
WANTAN REFRIGERADO;KG;PASTA WANTAN CONGELADO
YUCA AMARILLA REFRIGERADO;KG;YUCA AMARILLA
