ingrediente_receta;unidad;lineas_de_receta;candidato_ingrediente;candidato_producto;coincidencia
AJO MOLIDO ENVASADO;KG;106;CAFE MOLIDO GRANEL;CAFE TIPO EXTRA SUPERIOR VALENZUELA 1 KG;0.50
MAYONESA;KG;88;MAYONESA HELLMANS SUAVE (KG);MAYONESA SCALA EMIC 3.8 KG;1.00
AJI PANCA MOLIDO ENVASADO;KG;22;AJI PANCA SECO;AJI PANCA SECO 4 ESTACIONES 1 KG;0.67
MOLINOS PAN FRANCES 35 GR;UND;21;PAN PRECOCIDO FRANCES CONGELADO 40 GR;PAN PRECOCIDO FRANCES CONGELADO (40 GR);0.67
AZUCAR BLANCA GRANEL;KG;15;AZUCAR RUBIA;AZUCAR BLANCA;1.00
MEZCLA LACTEA;L;13;ACEITE DE AJONJOLI;ACEITE AJONJOLI OLIVOS DEL SUR 220 ML PET;0.00
POLLO PECHUGA FILETE SIN PIEL CONGELADO;KG;12;PECHUGA DE POLLO S/HUESO Y PIEL CONGELADO;PECHUGA DE POLLO C/HUESO Y PIEL CONGELADO;0.60
KETCHUP;KG;11;ACEITUNA NEGRA EN RODAJA;ACEITUNA NEGRA SIN PEPA;0.00
PALTA FUERTE REFRIGERADO;KG;10;PALTA;PALTA;0.50
COLANTAO;KG;9;ACEITUNA NEGRA EN RODAJA;ACEITUNA NEGRA SIN PEPA;0.00
PAN DE MOLDE BLANCO SUPER PULLMAN C/CORT VERT;UND;8;ARROZ BLANCO RAM;ARROZ BLANCO COCIDO 3 KG RAM;0.14
AJI AMARILLO MOLIDO ENVASADO;KG;7;AJI AMARILLO;AJI AMARILLO X KG;0.67
ANIS FILTRANTE;UND;6;ANIS SOBRECITO;INFUSION ANIS DEL VALLE 100 SOBRES;0.50
PASTIPAN PAN DE YEMA;UND;6;PAN PRECOCIDO CIABATTA CONGELADO 40 GR;PAN PRECOCIDO CIABATTA CONGELADO (40 GR);0.33
MANZANA DELICIA REFRIGERADO;KG;6;MANZANA ROJA;MANZANA DELICIA;1.00
ANIS FILTRANTE (KG);KG;5;ANIS SECO;ANIS SECO 4 ESTACIONES 1 KG;0.50
PAN FRANCES MEDIANO;UND;5;PAN PRECOCIDO FRANCES CONGELADO 40 GR;PAN PRECOCIDO FRANCES CONGELADO (40 GR);0.67
LECHE CONDENSADA LATA;L;5;CREMA DE LECHE;CREMA DE LECHE GLORIA 946 CC;0.33
ROMERO FRESCO;KG;3;ROMERO;ROMERO TIPO PIZZA 4 ESTACIONES 250 GR;0.50
GARBANZO;KG;3;PRE ELABORADO RAM GARBANZO SIN ADEREZO;PRE ELABORADO CONSERVA GARBANZO 1 KG OLIVEZA;1.00
PASTIPAN PAN DE HAMBURGUESA;UND;3;PAN PRECOCIDO CIABATTA CONGELADO 40 GR;PAN PRECOCIDO CIABATTA CONGELADO (40 GR);0.33
CHANCACA;KG;3;ACEITUNA NEGRA EN RODAJA;ACEITUNA NEGRA SIN PEPA;0.00
MOLINOS PAN ARABE 60 GR;UND;3;PAN PRECOCIDO CIABATTA CONGELADO 40 GR;PAN PRECOCIDO CIABATTA CONGELADO (40 GR);0.33
FIDEO CODITO;KG;3;FIDEO CANUTO;FIDEO CANUTO CHICO NICOLINI 250 GR;0.50
SALSA INGLESA;KG;3;SALSA BBQ (KG);SALSA BBQ LUREN 510 GRM;0.50
PEANA PELADA VALLE ALTO X 90 GR;UND;3;ANIS SOBRECITO;INFUSION ANIS DEL VALLE 100 SOBRES;0.25
CEBADA TOSTADA;KG;2;ACEITUNA NEGRA EN RODAJA;ACEITUNA NEGRA SIN PEPA;0.00
SALCHICHA HUACHANA REFRIGERADO;KG;2;SALCHICHA DE HUACHO CONGELADO;SALCHICHA HUACHO CONGELADO KG;0.50
RES NALGA DE ADENTRO S/TAPA CONGELADO NACIONAL;KG;2;RES - ASADO CONGELADO;RES - ASADO;0.20
CEDRON REFRIGERADO;KG;2;INFUSION CEDRON 50 GRM;INFUSION CEDRON 4 ESTACIONES 50 GRM;1.00
PAC CHOY REFRIGERADO;KG;2;ACEITUNA NEGRA EN RODAJA;ACEITUNA NEGRA SIN PEPA;0.00
QUESO CREMA;KG;2;QUESO EDAM;QUESO EDAM EN TAJADAS X 500 GR REFRIGERADO;0.50
MANGO EDWARD REFRIGERADO;KG;2;MANGO PULPA CONGELADO;PULPA DE MANGO CONGELADO;0.50
N/U POLLO PECHUGA CON HUESO Y PIEL REFRIGERADO;KG;2;PECHUGA DE PAVO SIN HUESO Y CON PIEL CONGELADO;PECHUGA DE PAVO SIN HUESO CON PIEL CONGELADO;0.67
MAYONESA SACHET 10 GR;UND;2;EDULCORANTE SACHET;EDULCORANTE PERSONAL SODEXO 1 GR X MILLAR;0.50
SALSA MENSI;KG;2;SALSA BBQ (KG);SALSA BBQ LUREN 510 GRM;0.50
LECHE FRESCA UHT NORMAL;L;1;LECHE FRESCA UHT LIGHT (L);LECHE EN BRICK LIGHT GLORIA 1 LT;0.75
CHOCOLATE DE TAZA KG.;KG;1;CHOCOLATE PARA TAZA;CHOCOLATE PARA TAZA SOL DEL CUSCO 90 GR;0.67
CURRY;KG;1;ACEITUNA NEGRA EN RODAJA;ACEITUNA NEGRA SIN PEPA;0.00
CEREAL ANGEL FIBRA;KG;1;FIDEO CABELLO DE ANGEL;FIDEO CABELLO DE ANGEL MOLITALIA 250 GR;0.33
CEREAL ANGEL SHAPE;KG;1;FIDEO CABELLO DE ANGEL;FIDEO CABELLO DE ANGEL MOLITALIA 250 GR;0.33
CONCENTRADO DE DURAZNO;L;1;CONCENTRADO DE CARAMBOLA;PRE ELABORADO NATURALE CONCENTRADO CARAMBOLA 2 LT;0.50
CONCENTRADO DE GUANABANA;L;1;CONCENTRADO DE CARAMBOLA;PRE ELABORADO NATURALE CONCENTRADO CARAMBOLA 2 LT;0.50
POLLO HAMBURGUESA CONGELADO;KG;1;CALDO DE POLLO;CALDO SAZONADOR DE POLLO QUIMTIA 1 KG;0.50
RES ASADO CUADRADO CONGELADO NACIONAL;KG;1;RES - ASADO CONGELADO;RES - ASADO;0.50
ZANAHORIA RODAJAS CONGELADO;KG;1;ZANAHORIA;ZANAHORIA;0.50
TAMALES CERDO REFRIGERADO 140 GR;KG;1;CERDO BONDIOLA CONGELADO;BONDIOLA DE CERDO CONGELADO;0.50
COLA DE CABALLO REFRIGERADO;KG;1;ACEITUNA NEGRA EN RODAJA;ACEITUNA NEGRA SIN PEPA;0.00
LINAZA;KG;1;ACEITUNA NEGRA EN RODAJA;ACEITUNA NEGRA SIN PEPA;0.00
PATE DE POLLO REFRIGERADO;KG;1;CALDO DE POLLO;CALDO SAZONADOR DE POLLO QUIMTIA 1 KG;0.50
SEMOLA (L);L;1;HELADO PALETA (L);HELADO CREMA VAINILLA CHIPS YAMBOLY 5 L (2.56 KG);0.50
PICKLES;KG;1;ACEITUNA NEGRA EN RODAJA;ACEITUNA NEGRA SIN PEPA;0.00
FRIJOL CABALLERO;KG;1;FRIJOL CANARIO;FRIJOL CANARIO CANTA CLARO 5 KG;0.50
ALCACHOFA CORAZON REFRIGERADO;KG;1;CORAZON CONGELADO;CORAZON DE RES CONGELADO;0.50
MANTEQUILLA DE MANI;KG;1;MANI TOSTADO PELADO;MANI TOSTADO PELADO TOÑA 1 KG;0.50
LOMO AHUMADO CONGELADO 500 GR;KG;1;JAMON AHUMADO REFRIGERADO;JAMON AHUMADO REFRIGERADO 500 GR;0.50
PASTIPAN PAN CIABATTA INTEGRAL 10 X 5;UND;1;PAN PRECOCIDO CIABATTA CONGELADO 40 GR;PAN PRECOCIDO CIABATTA CONGELADO (40 GR);0.50
PAN CROISSANT MEDIANO KG.;UND;1;PAN PRECOCIDO CIABATTA CONGELADO 40 GR;PAN PRECOCIDO CIABATTA CONGELADO (40 GR);0.25
ALGARROBINA;L;1;ACEITE DE AJONJOLI;ACEITE AJONJOLI OLIVOS DEL SUR 220 ML PET;0.00
CARAMBOLA REFRIGERADO;KG;1;ACEITUNA NEGRA EN RODAJA;ACEITUNA NEGRA SIN PEPA;0.00
PAN ARABE KG.ANDE (60 GR);UND;1;PAN PRECOCIDO CIABATTA CONGELADO 40 GR;PAN PRECOCIDO CIABATTA CONGELADO (40 GR);0.33
CONCENTRADO DE MEMBRILLO X 1 LT;KG;1;MEMBRILLO;MEMBRILLO;0.50
LECHE FRESCA UHT LIGHT;UND;1;BON O BON LECHE 16 GR;CHOCOLATE RELLENO BON O BON;0.25
ROCOTO MOLIDO ENVASADO;KG;1;CAFE MOLIDO GRANEL;CAFE TIPO EXTRA SUPERIOR VALENZUELA 1 KG;0.50
FRIJOL NEGRO;KG;1;CHUÑO NEGRO REFRIGERADO;CHUÑO ENTERO NEGRO 4 ESTACIONES 1 KG;0.50
HUACATAY REFRIGERADO (L);L;1;HELADO PALETA (L);HELADO CREMA VAINILLA CHIPS YAMBOLY 5 L (2.56 KG);0.50
JAMON DE POLLO REFRIGERADO;KG;1;CALDO DE POLLO;CALDO SAZONADOR DE POLLO QUIMTIA 1 KG;0.50
CHOCOLATE BARRA CON MANI 32 GR;UND;1;MANI CON PASAS CARTER 100 GR;MANI CON PASAS CARTER 100 GR;0.50
VINAGRE TINTO (KG);KG;1;ACEITUNA NEGRA EN RODAJA;ACEITUNA NEGRA SIN PEPA;0.00
POLLO ENTERO SIN MENUDENCIA CONGELADO KG;KG;1;POLLO SIN MENUDENCIA CONGELADO;POLLO SIN MENUDENCIA CONGELADO RANGO 1.75 A 1.85 KG;0.75
ALBAHACA MOLIDA ENVASADA;KG;1;ALBAHACA;ALBAHACA;0.33
TORONJIL SECO;KG;1;ANIS SECO;ANIS SECO 4 ESTACIONES 1 KG;0.50
FRIJOL BAYO;KG;1;FRIJOL CANARIO;FRIJOL CANARIO CANTA CLARO 5 KG;0.50
YACON REFRIGERADO;KG;1;ACEITUNA NEGRA EN RODAJA;ACEITUNA NEGRA SIN PEPA;0.00
BLEND DE GUANABANA QUIMTIA;L;1;ACEITE DE AJONJOLI;ACEITE AJONJOLI OLIVOS DEL SUR 220 ML PET;0.00
BLEND DE DURAZNO QUIMTIA;L;1;ACEITE DE AJONJOLI;ACEITE AJONJOLI OLIVOS DEL SUR 220 ML PET;0.00
BLEND DE FRUTOS ROJOS QUIMTIA;L;1;ACEITE DE AJONJOLI;ACEITE AJONJOLI OLIVOS DEL SUR 220 ML PET;0.00
BLEND DE FRESA QUIMTIA;L;1;ACEITE DE AJONJOLI;ACEITE AJONJOLI OLIVOS DEL SUR 220 ML PET;0.00
BLEND DE NARANJA QUIMTIA;L;1;ESCENCIA DE NARANJA;ESCENCIA DE NARANJA SOLUBLE FRATELLO 250 ML PET;0.33
LECHE CLASICA EVAPORADA LATA;L;1;LECHE EVAPORADA;LECHE EVAPORADA (CONCENTRADA) LAIVE BOLSITARRO 800 ML;0.50
PULPA DE PAPAYA CONGELADA ALIPOFRESCO;KG;1;PAPAYA PULPA CONGELADO;PULPA DE PAPAYA CONGELADO;0.67
PULPA DE PIÑA CONGELADA ALIPOFRESCO;KG;1;PIÑA PULPA CONGELADO;PULPA DE PIÑA CONGELADO;0.67
POLLO PECHUGA FILETE ECONOMICO REFRIGERADO;KG;1;PECHUGA DE POLLO S/HUESO Y PIEL CONGELADO;PECHUGA DE POLLO C/HUESO Y PIEL CONGELADO;0.50
PAN MOLDE INTEKG.AL KG. (25 GR REBANADA);UND;1;PAN PRECOCIDO CIABATTA CONGELADO 40 GR;PAN PRECOCIDO CIABATTA CONGELADO (40 GR);0.20
FUDGE DE CHOCOLATE LT;L;1;ACEITE DE AJONJOLI;ACEITE AJONJOLI OLIVOS DEL SUR 220 ML PET;0.00
