variante_codigo;descripcion_comercial;ingrediente;unidad_base;costo_por_unidad_base;mediana_del_ingrediente
SGP01444;CLORIN 7.5 - ( 5 LITROS) SPARTAN;CLORIN FP SPARTAN - DESINFECTANTE CLORADO Y BLANQU;L;4.6666;24.6180
SGP03091;CAJA CHICA - PLASTI FILM;FILM PLASTICO 18 X 1400;UND;15.8980;247.9214
SGP02354;GUANTE DE NITRILO LIBRE DE POLVO CELESTE FAMILY DOCTOR CAJA X 100 UND TALLA L;GUANTE DE NITRILO LIBRE DE POLVO AZUL TALLA L;UND;0.1117;0.5875
SGP02359;GUANTE DE NITRILO LIBRE DE POLVO CELESTE FAMILY DOCTOR CAJA X 75 UND TALLA L;GUANTE DE NITRILO LIBRE DE POLVO AZUL TALLA L;UND;0.1416;0.5875
SGP02362;GUANTE DE NITRILO CELESTE 3.5GR MAKETTO TALLA L X100UND;GUANTE DE NITRILO LIBRE DE POLVO AZUL TALLA L;UND;0.1129;0.5875
SGP02650;GUANTE DE NITRILO LIBRE DE POLVO AZUL R&G CAJA X 100 PARES T L;GUANTE DE NITRILO LIBRE DE POLVO AZUL TALLA L;UND;0.1203;0.5875
SGP02658;GUANTE DE NITRILO AZUL 4GR ISUD TALLA L X100UND;GUANTE DE NITRILO LIBRE DE POLVO AZUL TALLA L;UND;0.1129;0.5875
SGP02367;GUANTE DE NITRILO LIBRE DE POLVO 100 UND TALLA M;GUANTE DE NITRILO LIBRE DE POLVO AZUL TALLA M;UND;0.6747;0.1485
SGP02376;GUANTE DE NITRILO LIBRE DE POLVO VERDE R&G CAJA X 100 UND TALLA M;GUANTE DE NITRILO LIBRE DE POLVO AZUL TALLA M;UND;0.8706;0.1485
SGP02377;GUANTE DE NITRILO GOLD GUARD AZUL 4500 CJ 100 UN T M;GUANTE DE NITRILO LIBRE DE POLVO AZUL TALLA M;UND;0.6726;0.1485
SGP02380;GUANTE DE NITRILO NINJA EXPLORER CJ 100 UN T M;GUANTE DE NITRILO LIBRE DE POLVO AZUL TALLA M;UND;0.7970;0.1485
SGP02381;GUANTES DE NITRILO HONEYWELL CJ 100 UN T M;GUANTE DE NITRILO LIBRE DE POLVO AZUL TALLA M;UND;0.7259;0.1485
SGP02356;GUANTE DE NITRILO LIBRE DE POLVO CELESTE FAMILY DOCTOR CAJA X 100 UND TALLA S;GUANTE DE NITRILO LIBRE DE POLVO AZUL TALLA S;UND;0.1100;0.6990
SGP02357;GUANTE DE NITRILO LIBRE DE POLVO CELESTE FAMILY DOCTOR CAJA X 75 UND TALLA S;GUANTE DE NITRILO LIBRE DE POLVO AZUL TALLA S;UND;0.1416;0.6990
SGP02372;GUANTE DE NITRILO LIBRE DE POLVO CELESTE R&G CAJ X 100 UND TALLA S;GUANTE DE NITRILO LIBRE DE POLVO AZUL TALLA S;UND;74.0800;0.6750
SGP02648;GUANTE DE NITRILO LIBRE DE POLVO AZUL R&G CAJA X 100 PARES T S;GUANTE DE NITRILO LIBRE DE POLVO AZUL TALLA S;UND;0.1203;0.6990
SGP02391;MASCARILLA 3 PLIEGUES VIC CAJA X50UND;MASCARILLA 3 PLIEGUES CAJA X 50 UND;UND;2.1261;0.3050
SGP00840;PAPRIKA TOÑA 500 GR;PAPRIKA;KG;7.0600;68.6883
SGP03748;CAJA CHICA - QUESO PARMESANO LAIVE X KG;QUESO PARMESANO REFRIGERADO;KG;4.6600;66.8286
SGP02327;VASO DESCARTABLE PLASTICO 7 OZ MILLAR;VASO DESCARTABLE POLIPAPEL;UND;0.0379;0.1718
