producto_codigo_sgp;descripcion;unidad_bulto;unidad_despacho;producto_codigo_app
1010124225;ACEITE DE OLIVA VIRGEN KUSASA 4 LT;GLN;LT;PRD00013
10101036994;ACEITE VEGETAL CIELO 5 LT;BID;LT;PRD00010
5060130729;ACEITUNA NEGRA RODAJA;KG;KG;PRD02189
30201037901;AGUA SAN LUIS SIN GAS 750 ML;BOT;UND;PRD01486
102010041;AJI AMARILLO X KG;KG;KG;PRD00442
102010001;AJI LIMO;KG;KG;PRD00417
101100014;AJONJOLI BELEN 1 KG;BOL;KG;PRD00416
102010003;ALBAHACA;KG;KG;PRD00418
20509039041;ALCA DETER X 4L [B2-4L];LT;LT;PRD01440
0MELA39931;ALCOHOL GEL SPARTAN 4 LITROS COSMETICO NEUTRO;GLN;LT;PRD02546
1020530552;ANIS SECO 4 ESTACIONES 1 KG;BOL;KG;PRD00863
102010004;APIO;KG;KG;PRD00419
1010227866;ARROZ CORRIENTE PARA SOPA;KG;KG;PRD00063
10102041614;ARROZ COSTEÑO EXTRA HOJA REDONDA AÑEJO 50 KG;SCO;KG;PRD00056
103010001;ARVEJA GRANO PELADA CONGELADO;KG;KG;PRD01194
101020092;ARVEJA VERDE PARTIDA CANTA CLARO BOLSA 500 GR;BOL;KG;PRD00021
101010194;ATUN TROZOS GLORIA 170 GR;LAT;KG;PRD00002
101030059;AVENA SANTA CATALINA SACO 5 KG;BOL;KG;PRD00080
1010424673;AZUCAR BLANCA;KG;KG;PRD00115
101060448;AZUCAR IMPALPABLE HONORA (LEVAPAN) 5 KG;BOL;KG;PRD00213
1010425038;AZUCAR RUBIA;KG;KG;PRD00116
1020134657;BARRA DE QUINUA GRANOLIN 25 GR;UND;UND;PRD00546
30206039768;BEBIDA REHIDRATANTE FRUTAS POWERADE PET 600 ML;BOT;UND;PRD01587
102010051;BETERRAGA FRESCA;KG;KG;PRD00447
6020137210;BOLSA BLANCA T-SHIRT CHICA PARAISO 16 X 19 X 2 (PQT 1000 UND);PQT;UND;PRD02277
0MELA41348;BOLSA DE PAPEL KRAFT 50GR #4 (12.5X24.2X7.5) 500 UND;PQT;UND;PRD02564
6020128180;BOLSA PARA BASURA PLASTICA BLANCA 250 LT 100 UND;PQT;UND;PRD02252
6020122004;BOLSA PLASTICA RESELLABLE 50 UNID.;PQT;UND;PRD02243
3010158;BOLSA TRANSPARENTE ROLLOMATIC 5 X 10;RLL;UND;PRD01471
103030156;BONITO FILETE CON PIEL CONGELADO - KGM;KG;KG;PRD01246
103010003;BROCOLI PRE COCIDO 30/60 CONGELADO;KG;KG;PRD01196
101040103;CAFE MOLIDO STANDAR RISSO GRANEL KG;KG;KG;PRD00091
33598;CAJA CHICA - AGUA PARA RECETA - CH;LT;LT;PRD04039
102010101;CALABAZA;KG;KG;PRD00456
1020227865;CALDO DE CARNE KNORR SACHET 650 GR;BOL;KG;PRD00623
101070178;CALDO DE GALLINA KNORR SACHET 1.5 KG;BOL;KG;PRD00264
102010005;CAMOTE AMARILLO;KG;KG;PRD00420
10210042357;CANCHA SALADA PIKADITOS 100 GR;BOL;UND;PRD01139
1020530557;CANELA ENTERA 4 ESTACIONES 1 KG;BOL;KG;PRD00865
1020530559;CANELA MOLIDA 4 ESTACIONES 1 KG;BOL;KG;PRD00867
102010007;CEBOLLA CHINA;KG;KG;PRD00422
102010006;CEBOLLA ROJA;KG;KG;PRD00421
1020132853;CEREAL BAR CHIP COSTA 18/21 GR;BAR;UND;PRD00537
102040203;CHAMPIGÑONES SANTIS 425 GR;LAT;KG;PRD00804
4010830437;CHANFAINITA CONGELADO;KG;KG;PRD01807
10210043934;CHIFLES SALADO KARINTO 28 GR;UND;UND;PRD01144
102010114;CHINCHO;KG;KG;PRD00457
102010008;CHOCLO BLANCO;KG;KG;PRD00423
103010005;CHOCLO DESGRANADO CONGELADO;KG;KG;PRD01197
10203040854;CHOCOLATE NEGRO SUBLIME 26 GR;UND;UND;PRD00709
101040543;CHOCOLATE PARA TAZA SOL DEL CUSCO 90 GR;UND;KG;PRD00108
40201036979;CHORIZO PARRILLERO CONGELADO KG (C);KG;KG;PRD01838
103020006;CHULETA DE CERDO TROZADO 150 GR CONGELADO;KG;KG;PRD01209
101060595;CHUÑO ENTERO SAN JUAN MASIAS (EX BELEN) 5 KG;BOL;KG;PRD00233
101060591;CHUÑO NEGRO MOLIDO SAN JUAN MASIAS (EX BELEN) 5 KG;BOL;KG;PRD00230
101060587;CHUÑO POLVO TOÑA 1 KG;BOL;KG;PRD00229
1020530564;CLAVO DE OLOR ENTERO 4 ESTACIONES 1 KG;BOL;KG;PRD00870
20512037262;CLORIN 7.5 - ( 5 LITROS) SPARTAN;UND;LT;PRD01444
102080210;COBERTURA BITTER PURATOS 10 KG;CAJ;KG;PRD00952
10205039493;COCKTAIL DE NUECES VALLEALTO X  90 GR;BOL;UND;PRD00844
1020530570;COCO RALLADO 4 ESTACIONES 1 KG;BOL;KG;PRD00872
101060557;COCOA LA ABUELITA 160 GR;BOL;KG;PRD00227
102010009;COL;KG;KG;PRD00424
102010043;COL CHINA;KG;KG;PRD00443
102010040;COLANTAO;KG;KG;PRD00441
403020008;COLIFLOR PRE COCIDO CONGELADO;KG;KG;PRD01860
1020530572;COMINO MOLIDO 4 ESTACIONES 1 KG;BOL;KG;PRD00873
4010127698;CORDERO DESHUESADO CONGELADO - KGM;KG;KG;PRD01694
1020822215;CREMA CHANTILLY PRIMAVERA 1 LT;CAJ;LT;PRD00999
1020728310;CREMA DE LECHE GLORIA 946 CC;BOL;LT;PRD00935
102010010;CULANTRO;KG;KG;PRD00425
10204037710;DURAZNO EN ALMIBAR COMPASS 822 GR;LAT;KG;PRD00805
101060562;ESCENCIA DE VAINILLA NEGRITA 1 LT PET;BOT;LT;PRD00228
103010009;ESPINACA CONGELADA;KG;KG;PRD01198
102010054;ESPINACA FRESCA;KG;KG;PRD00449
2040236605;ESPONJA TRABAJO PESADO N.88 SCOTCH BRITE;UND;UND;PRD01387
1020523343;ESTRAGON BADIA 3.5 OZ;FCO;KG;PRD00853
101020268;FIDEO CABELLO DE ANGEL LAVAGGI 250 GR;PQT;KG;PRD00032
101020271;FIDEO CANUTO CHICO NICOLINI 250 GR;PQT;KG;PRD00033
101020264;FIDEO SPAGUETTI DON VITTORIO 500 GR;PQT;KG;PRD00031
101020247;FIDEO TORNILLO DON VITTORIO 250/225 GR;PQT;KG;PRD00028
0MELA39900;FOAMING ACID CLEANER FP SPARTAN 3.875 LITROS;GLN;LT;PRD02516
102010055;FRIJOL CHINO;KG;KG;PRD00450
10203037848;GALLETA DE AGUA COSTA LIGHT (LINE) 42 GR;PQT;UND;PRD00685
1020325198;GALLETA INTEGRALES INTEGRAKERS SALVADO DE TRIGO 30 GR;PQT;UND;PRD00753
10203038575;GALLETA SALADA CREAM CRAKER 73.5 GR (EMER);PQT;UND;PRD00696
10203038304;GALLETA SALADA DE SODA FIELD RECETA ORIGINAL NABISCO 32 GR;UND;UND;PRD00688
1020331090;GALLETA SALADA SODA SAN JORGE 40 GR;PQT;UND;PRD00771
103020010;GALLINA ENTERA SIN MENUDENCIA CONGELADO - IMPORTADO;KG;KG;PRD01212
2010082;GASEOSA COCA COLA 3 LT;BOT;LT;PRD01262
2010009;GASEOSA INCA KOLA 500 ML;BOT;UND;PRD01254
10208043200;GELATINA SABOR FRESA MACROFOOD 1KG;BOL;KG;PRD00988
10208043257;GELATINA SABOR NARANJA MACROFOOD 1KG;BOL;KG;PRD00989
10208043258;GELATINA SABOR PIÑA MACROFOOD 1KG;BOL;KG;PRD00990
102020034;GRANADILLA;KG;KG;PRD00575
0MELA41692;GUANTE DE NITRILO LIBRE DE POLVO AZUL R&G CAJA X 100 PARES T L;CAJ;UND;PRD02650
0MELA41691;GUANTE DE NITRILO LIBRE DE POLVO AZUL R&G CAJA X 100 PARES T M;CAJ;UND;PRD02649
102010050;HABA VERDE;KG;KG;PRD00446
103010025;HABAS VERDES PELADAS  CONGELADA;KG;KG;PRD01204
10106043118;HARINA 7 SEMILLAS MOLINOS DEL SOL 5 KG;BOL;KG;PRD00205
1010627003;HARINA DE CHOCHOCA KUMARA 5 KG;BOL;KG;PRD00244
10106040644;HARINA DE KIWICHA 5 KG - UNIDAD;BOL;KG;PRD00198
10106043116;HARINA DE MACA MOLINOS DEL SOL 5 KG;BOL;KG;PRD00203
10106037527;HARINA ESPECIAL DEL CIELO GRANEL SACO 50 KG;SCO;KG;PRD00195
101020025;HIERBA BUENA;KG;KG;PRD00020
4020131181;HOT DOG CONGELADO KG;KG;KG;PRD01849
102010036;HUACATAY;KG;KG;PRD00439
5040231670;HUEVO LIQUIDO CONGELADO 2 KG;PQT;KG;PRD02090
50402042247;HUEVO ROJO (CAJA 11.5 KG);CAJ;KG;PRD02086
1020132280;INFUSION ANIS 4 ESTACIONES 50 GRM;BOL;KG;PRD00528
1020125405;INFUSION ANIS DEL VALLE 100 SOBRES;CAJ;UND;PRD00508
1020132345;INFUSION HIERBA LUISA 4 ESTACIONES 50 GRM;BOL;KG;PRD00531
101040473;INFUSION HIERBA LUISA HERBI 100 SOBRES;CAJ;UND;PRD00105
1020132344;INFUSION MANZANILLA 4 ESTACIONES 50 GRM;BOL;KG;PRD00530
101040568;INFUSION MANZANILLA MC COLLINS 100 SOBRES;CAJ;UND;PRD00111
1020125403;INFUSION TE BOLDO DEL VALLE 100 SOBRES;CAJ;UND;PRD00506
101040457;INFUSION TE CANELA Y CLAVO HERBI 100  SOBRES;CAJ;UND;PRD00103
1020132343;INFUSION TE NEGRO 4 ESTACIONES 50 GRM;BOL;KG;PRD00529
1020125401;INFUSION TE PURO DEL VALLE 100 SOBRES;CAJ;UND;PRD00504
1020125404;INFUSION UÑA DE GATO DEL VALLE 100 SOBRES;CAJ;UND;PRD00507
0MELA39928;JABÓN  ANTIBACTERIAL P/MANOS SPARTAN 4 LITROS NEUTRO;GLN;LT;PRD02543
102040049;JAMON PARA CAFETIN CONGELADO 500 GR;PQT;KG;PRD00791
102040050;JAMONADA DE POLLO CONGELADO KG;KG;KG;PRD00792
3020324;JOHNSON DIVERSEY SUMA CRYSTAL 20 LT;BID;LT;PRD01547
3020325;JOHNSON DIVERSEY SUMA NOVA 20 LT;BID;LT;PRD01548
102030298;JUGO DE NARANJA PASTEURIZADO X 3.8 LT;BOT;LT;PRD00675
101050452;KETCHUP TRESA 4 LT;BLD;KG;PRD00149
1020530674;KION MOLIDO SECO 4 ESTACIONES 250 GR;BOL;KG;PRD00888
1020530581;LAUREL 4 ESTACIONES 1 KG;BOL;KG;PRD00876
101010036;LECHE CONDENSADA NESTLE 100 GR;LAT;LT;PRD00001
10107039479;LECHE EVAPORADA (CONCENTRADA) LAIVE BOLSITARRO 800 ML;BOL;LT;PRD00270
70046;LECHUGA AMERICANA;KG;KG;PRD02432
101060031;LEVADURA INSTANTANEA LEVAPAN 500 GR;BOL;KG;PRD00190
102020001;LIMON VERDE EXTRA;KG;KG;PRD00558
10103039165;MACA AVENA 3 OSITOS 150 GR;BOL;KG;PRD00081
10106040287;MAICENA DURYEA 500 GR;CAJ;KG;PRD00197
101020150;MAIZ CANCHA EL PLEBEYO 5 KG;BOL;KG;PRD00024
101020149;MAIZ MOTE EL PLEBEYO 5 KG;BOL;KG;PRD00023
5030127352;MANDARINA;KG;KG;PRD02061
101050506;MANI TOSTADO PELADO TOÑA 1 KG;BOL;KG;PRD00160
102030329;MANJAR BLANCO BAZO VELARDE 900 GR;BOL;KG;PRD00677
1010133635;MANTECA VEGETAL DEL CAMPO 10 KG;CAJ;KG;PRD00018
505040005;MANTEQUILLA GLORIA PERSONAL 10 GR;UND;UND;PRD02109
102020005;MANZANA ROJA IMPORTADA;KG;KG;PRD00560
102020062;MANZANA VERDE PARA JUGO;KG;KG;PRD00578
50505037205;MARGARINA LA DANESA 220 GR;POT;KG;PRD02120
10202041555;MARINADO PARA POLLO A LA BRASA EMIC 1 KG;BOL;KG;PRD00592
6040336212;MASCARILLA 3 PLIEGUES FACE MASK CJ X 50 UND;PQT;UND;PRD02395
101050446;MAYONESA ALACENA 4 LT;BLD;KG;PRD00147
101050498;MAYONESA ALACENA PERSONAL 10 GR (8CC);SCH;UND;PRD00159
101060036;MEJORADOR MASA SUPERPAN LEVAPAN 5 KG;BOL;KG;PRD00191
102020028;MEMBRILLO;KG;KG;PRD00571
1020130542;MERMELADA FRESA TRES ESPADAS 16 GR;BLI;UND;PRD00522
1020131321;MERMELADA NARANJA TRES ESPADAS 16 GR;BLI;UND;PRD00523
4030232902;MIX DE SOPA COMPLETO CONGELADO - KGM;KG;KG;PRD01864
103020018;MONDONGO CONGELADO;KG;KG;PRD01216
101020414;MORON AMERICANO COSTEÑO 500 GR;BOL;KG;PRD00055
101050455;MOSTAZA TRESA 4 KG;BLD;KG;PRD00150
102010015;NABO;KG;KG;PRD00428
102020012;NARANJA PARA JUGO;KG;KG;PRD00564
102020011;NARANJA PARA MESA;KG;KG;PRD00563
1020530587;NUEZ MOSCADA MOLIDA 4 ESTACIONES 50 GR;BOL;KG;PRD00878
102010080;OLLUQUITO FRESCO;KG;KG;PRD00452
101100011;OREGANO ENTERO SAN JUAN MASIAS 1 KG;BOL;KG;PRD00415
1020530591;PALILLO MOLIDO 4 ESTACIONES 1 KG;BOL;KG;PRD00880
102010172;PALTA;KG;KG;PRD00465
101040575;PAN MOLIDO  TAKIS 5 KG;BOL;KG;PRD00113
1020627175;PANELA GRANULADA 1KG;KG;KG;PRD00922
102010045;PAPA AMARILLA;KG;KG;PRD00445
102010018;PAPA BLANCA;KG;KG;PRD00429
503020015;PAPA COCKTAIL;KG;KG;PRD02066
4030230094;PAPA PRE FRITA CONGELADA;KG;KG;PRD01863
102020013;PAPAYA;KG;KG;PRD00565
2020234174;PAPEL TOALLA AIRFLEX BLANCO BASIC SCOTT 200 MT (30242645 - 30228197);UND;UND;PRD01325
101100009;PASAS SECAS NEGRAS SAN JUAN MASIAS 1 KG;BOL;KG;PRD00414
1020233295;PASTA DE AJI AMARILLO EMIC 1 KG;BOL;KG;PRD00642
1020233296;PASTA DE AJI PANCA EMIC 1 KG;BOL;KG;PRD00643
10202041457;PASTA DE AJO CONCENTRADA EMIC 1 KG;BOL;KG;PRD00591
102090047;PASTA DE TOMATE B&D 3.20 KG;LAT;KG;PRD01049
400001;PASTA WANTAN CONGELADA;KG;KG;PRD01683
103020067;PATITA DE CERDO CONGELADO;KG;KG;PRD01222
10205039618;PECANA PELADA VALLEALTO X  90 GR;BOL;UND;PRD00846
40107038254;PECHUGA DE POLLO S/HUESO S/PIEL CONGELADO - IMPORTACION;KG;KG;PRD01755
102010020;PEPINILLO;KG;KG;PRD00430
102020015;PERA PACKHAMS IMPORTADA;KG;KG;PRD00566
102010021;PEREJIL;KG;KG;PRD00431
103030076;PERICO FILETE SIN PIEL CONGELADO- KGM;KG;KG;PRD01245
103020026;PIERNA DE POLLO CON ENCUENTRO CONGELADO;KG;KG;PRD01220
1020530600;PIMIENTA NEGRA MOLIDA 4 ESTACIONES 1 KG;BOL;KG;PRD00885
102010022;PIMIENTO ROJO;KG;KG;PRD00432
102020016;PIÑA;KG;KG;PRD00567
102020017;PLATANO DE SEDA;KG;KG;PRD00568
40107041584;POLLO SIN MENUDENCIA CONGELADO 1.1 - 1.4 KG - TRES ARROYOS;KG;KG;PRD01760
103020027;POLLO SIN MENUDENCIA CONGELADO RANGO 1.428 - 1.611 KG (SAN FERNANDO);KG;KG;PRD01221
101060423;POLVO DE HORNEAR LEVAPAN 4 KG;BOL;KG;PRD00200
102010024;PORO;KG;KG;PRD00433
20518038579;POT & PAN - GARRAFA 5 LITROS -SPARTAN;UND;LT;PRD01456
10202042772;PRE ELABORADO CONSERVA LENTEJA 1 KG OLIVEZA;BOL;KG;PRD00596
2030136;PRE ELABORADO NATURALE CONCENTRADO CARAMBOLA 2 LT;BOL;LT;PRD01353
2030134;PRE ELABORADO NATURALE CONCENTRADO CHICHA MORADA 2 LT;BOL;LT;PRD01348
3020222717;PRE ELABORADO NATURALE CONCENTRADO EMOLIENTE 2 LT;BOL;LT;PRD01519
2030137;PRE ELABORADO NATURALE CONCENTRADO MANZANA 2 LT;BOL;LT;PRD01358
2030135;PRE ELABORADO NATURALE CONCENTRADO MARACUYA 2 LT;BOL;LT;PRD01350
1020222487;PRE ELABORADO RAM BASE AMARILLA 1 KG;BOL;KG;PRD00606
1020222489;PRE ELABORADO RAM BASE CRIOLLA 1 KG;BOL;KG;PRD00607
1020222493;PRE ELABORADO RAM BASE TOMATE 1 KG;BOL;KG;PRD00609
1020222495;PRE ELABORADO RAM BASE VERDE 1KG;BOL;KG;PRD00610
10208037589;PREMEZCLA INVENTIS CHIFFON 5 KG;BOL;KG;PRD00955
10206037587;PREMEZCLA INVENTIS PAN CIABATTA 10 KG;BOL;KG;PRD00907
10208037591;PREMEZCLA INVENTIS TORTA DE CHOCOLATE INTENSO  10 KG;SCO;KG;PRD00956
40304000001;PULPA DE ARANDANO CONGELADO;KG;KG;PRD01868
102020091;PULPA DE FRESA  CONGELADO;KG;KG;PRD00579
102020099;PULPA DE PAPAYA CONGELADO;KG;KG;PRD00584
201050003;PULVERIZADOR PLASTICO 750 ML;UND;UND;PRD01296
102030081;QUESO EDAM EN TAJADAS X 500 GR CONGELADO;PQT;KG;PRD00669
505060006;QUESO FRESCO BONLE MOLDE REFRIGERADO KG;KG;KG;PRD02133
102030008;QUESO MOZARELLA REFRIGERADO;KG;KG;PRD00667
505060015;QUESO PARMESANO LAIVE 35 GR;SCH;KG;PRD02135
1010827499;QUINUA KOMILON 5 KG;BOL;KG;PRD00355
102010025;RABANITO;KG;KG;PRD00434
40108037514;RES - BISTECK (DON GOYO);KG;KG;PRD01790
40108037515;RES - GUISO CONGELADO (DON GOYO);KG;KG;PRD01791
4010830768;RES - MALAYA;KG;KG;PRD01813
40108037516;RES - SOPAS S/HUESO (DON GOYO);KG;KG;PRD01792
102010034;ROCOTO;KG;KG;PRD00438
1020524315;ROMERO SECO BADIA 8 OZ;FCO;KG;PRD00854
10205037563;SAL DE COCINA SALINA 1 KG;BOL;KG;PRD00842
10209038312;SALSA DE AJI CASERO TRESA 8/10 GR;SCH;UND;PRD01055
101050560;SALSA MENSI KIKKO 350 ML PET;BOT;KG;PRD00166
10209044721;SALSA OSTION NAKAMITO 270 ML (EMER);FCO;LT;PRD01065
101050423;SALSA SILLAU TRESA 4 LT;GLN;LT;PRD00138
1010627004;SALVADO DE TRIGO KUMARA 5 KG;BOL;KG;PRD00245
102020018;SANDIA;KG;KG;PRD00569
0MELA39880;SANIT-OX FP SPARTAN 5 LITROS;UND;LT;PRD02498
602040002;"STRECH FILM  DE GRADO ALIMENTARIO ROLLO 18"" X 1400 MT";UND;UND;PRD02313
60204038489;"STRECH FILM NO ALIMENTARIO PARA EMBALAJE TRANSPARENTE ROLLO 20"" 1.5 KG";RLL;UND;PRD02314
20516042356;SUPERCLEAN FP GARRAFA - 5 LITROS - SPARTAN;UND;LT;PRD01454
0MELA42738;TOCA SOFT BLANCA ISUD 12 GR DOS LIGAS X100UND;PQT;UND;PRD02657
0MELA42737;TOCA TIPO MEDIA CAMPANA 12 GR ISUD X100UND;PQT;UND;PRD02656
102010027;TOMATE;KG;KG;PRD00435
1020530604;TOMILLO TIPO PIZZA 4 ESTACIONES 250 GR;BOL;KG;PRD00887
101020164;TRIGO PELADO EL PLEBEYO 5 KG;BOL;KG;PRD00025
4010632061;TRUCHA ENTERA EVISCERADA CONGELADA 100 - 400 GR;KG;KG;PRD01746
102020104;TUNAS;KG;KG;PRD00585
102020019;UVA NEGRA;KG;KG;PRD00570
103010016;VAINITA EN TROZOS CONGELADA;KG;KG;PRD01199
102010052;VAINITA FRESCA;KG;KG;PRD00448
101050456;VINAGRE BLANCO TRESA 4 LT;GLN;LT;PRD00151
101050457;VINAGRE TINTO TRESA 4 LT;GLN;LT;PRD00152
0MELA39899;WHITE CLEAN PLUS FP SPARTAN 3.875 LITROS;GLN;LT;PRD02515
505070025;YOGURT DE FRESA GLORIA 500 ML;BOT;UND;PRD02161
103010017;YUCA  CONGELADA;KG;KG;PRD01200
102010029;ZANAHORIA;KG;KG;PRD00436
102010030;ZAPALLITO ITALIANO;KG;KG;PRD00437
5030224265;ZAPALLO MACRE EN CUBO LIBER 1.5 X 1.5 CM CONGELADO;KG;KG;PRD02071
4030227693;ZUMO DE LIMON CONGELADO;KG;KG;PRD01862
