receta_codigo_sgp;receta;receta_codigo_app
1;ACEITUNA NEGRA;F00001
3713;AGUA;
146;AGUADITO DE POLLO;RT0002
4328;AJI - CREMA DE AJI AMARILLO;RT0003
4326;AJI - CREMA DE ROCOTO;RT0004
4327;AJI - CREMA DE ROCOTO CON HUACATAY;RT0005
4323;AJI - ROCOTO PICADO;RT0006
4324;AJI - ROCOTO PICADO CON CEBOLLA ROJA;RT0007
4325;AJI - ROCOTO Y AJI LIMO PICADO CON CEBOLLA ROJA;RT0008
3324;AJIACO DE ACELGA;F02610
4;AJIACO DE OLLUCO;F00004
5;AJIACO DE PAPA;F00005
1808;AJIACO DE VERDURAS;F01808
524;ALCUZA;RT0009
781;ALFAJOR CON MANJARBLANCO I;RT0010
3920;ALITAS BROASTER CON SALSA TARTARA;RT0012
5089;ALMUERZO TEMATICO (CHICH CERDO ROCO RELLE Y PAST PAPA);RT0014
2774;ALPACA - ALPACA AL HORNO;
4679;ANTICUCHO DE POLLO;RT0017
3077;API;RT0018
1196;ARROZ A LA CUBANA;RT0019
266;ARROZ A LA JARDINERA;F00266
267;ARROZ AMARILLO;F00267
270;ARROZ BLANCO;F00270
1241;ARROZ CHAUFA CON VERDURAS;F01241
272;ARROZ CON ARVEJAS;F00272
275;ARROZ CON CHOCLO;F00275
718;ARROZ CON LECHE;RT0021
1243;ARROZ CON PEREJIL;F01243
4471;ARROZ CON PEREJIL Y ZANAHORIA;RT0022
280;ARROZ CON ZANAHORIA;F00280
739;ARROZ ZAMBITO;RT0023
703;ARVEJA PARTIDA GUISADA;F00703
2405;ATUN;
211;AVENA CON CHOCOLATE;RT0024
628;AVENA CON MACA;F00628
210;AVENA CON MANZANA;F00210
624;AVENA CON MEMBRILLO;F00624
177;AVENA CON PIÑA;F00177
1296;AVENA CON QUINUA;F01296
2345;BEBIDA I;
2539;BEBIDA II;
2394;BEBIDA REHIDRATANTE I;
1806;BLONDIE;RT0025
1508;BROCHETA DE POLLO;RT0026
1428;BROWNIE;RT0027
535;BUDIN;RT0028
1851;BUÑUELOS;RT0029
1054;CAFE PASADO;F01054
108;CALDILLO DE HUEVO;RT0030
109;CALDO DE GALLINA;RT0031
110;CALDO DE POLLO;RT0032
1051;CALDO DE RES;
287;CAMOTE AL HORNO;F00287
1696;CAMOTE ASADO;F01696
289;CAMOTE GLASEADO CON NARANJA;RT0033
293;CAMOTE SANCOCHADO;F00293
1303;CAMOTE SANCOCHADO CON SALSA CRIOLLA;F01303
18;CAUSA DE ATUN;
1137;CAUSA DE POLLO;RT0035
417;CAUSA DE VERDURAS;
4280;CER - ADOBO DE CERDO AREQUIPEÑO;RT0037
671;CER - ARROZ CHAUFA DE CERDO;RT0038
5706;CER - CARAPULCRA CON SOPA SECA DE CERDO;
11;CER - CARAPULCRA DE CERDO I;RT0040
23;CER - CERDO AL HORNO;RT0041
3442;CER - CERDO ASADO;RT0042
26;CER - CERDO EN MERMELADA DE ROCOTO;RT0044
3316;CER - CERDO EN SALSA ANTICUCHERA;
277;CER - CHICHARRON DE CERDO;RT0047
502;CER - PATITA CON MANI;RT0049
5052;CEVICHE EN CREMA DE ROCOTO;RT0052
1762;CEVICHE MIXTO;RT0053
369;CHICHA MORADA;F00369
1685;CHICHARRON DE PRENSA;RT0054
421;CHOCLO CON QUESO;RT0056
1159;CHOCLO SANCOCHADO GUAR;RT0057
2398;CHOCOLATE 1;
134;CHORIZO;F00134
969;CHUPE DE PESCADO;RT0058
1270;CHUPE DE POLLO CON VERDURAS;RT0059
111;CHUPE DE VERDURAS;RT0060
545;CHURROS CON MANJAR BLANCO;RT0061
4875;CINNAMON ROLL;RT0062
734;CLASICO;RT0063
268;CMIX - ARROZ CHAUFA MIXTO;RT0064
1043;CMIX - PACHAMANCA MIXTA;RT0065
1138;CMIX - PARRILLA MIXTA;RT0066
592;COCADA;RT0067
721;COCKTAIL DE FRUTAS;RT0068
716;COMPOTA DE FRUTA;RT0069
999;COMPOTA DE MARACUYA;RT0071
1028;COMPOTA DE MEMBRILLO;RT0072
1100;COMPOTA DE PIÑA;RT0073
958;COMPOTA MIXTA;RT0074
112;CONSOME DE POLLO;RT0075
288;CONSOME DE POLLO AL KION;RT0076
113;CONSOME DE RES;RT0077
5088;CONSUMO FIJO;
2225;CORA - ANTICUCHO DE CORAZON;RT0078
2129;CORD - PACHAMANCA DE CORDERO;
1724;CORD - SECO DE CORDERO;RT0080
115;CREMA DE ARVEJAS;RT0081
1269;CREMA DE CHAMPIGÑONES;RT0082
4709;CREMA DE ESPINACA Y PAPA;RT0084
123;CREMA DE ESPINACAS;RT0085
4279;CREMA DE PALTA;RT0086
4158;CREMA DE PAPA CON ESPINACA;RT0087
1110;CREMA DE PORO;RT0088
3117;CREMA DE PORO DIETA;RT0089
126;CREMA DE VERDURAS;RT0090
2157;CREMA DE ZANAHORIA;RT0091
129;CREMA DE ZAPALLO;RT0092
3111;CREMA DE ZAPALLO DIETA;RT0093
559;CREMA VOLTEADA;RT0094
1625;CREPES CON MERMELADA DE FRESA;RT0095
2888;CROCANTE DE PLATANO;RT0096
4257;CUY - CUY FRITO;
1628;CUY - PICANTE DE CUY;
4975;DESCARTABLES 1;
4976;DESCARTABLES 2;
1645;DULCE DE HIGO;RT0099
3050;DULCE DE LECHE;RT0100
2088;DULCE DE QUINUA;RT0101
2922;DULCE DE TRIGO;RT0102
732;DURAZNO EN ALMIBAR;RT0103
1258;EMPANADA DE BODA;RT0104
1382;EMPANADA DE QUESO;RT0105
151;EMPANADA MIXTA;RT0106
998;ENCANELADO;RT0107
6619;ENCEBOLLADO;
456;ENROLLADO DE JAMON PRIMAVERA;
1520;ENSALADA ANDINA FEST;RT0108
1512;ENSALADA CAPRICHO FEST;RT0109
40;ENSALADA CARIBEÑA I;RT0110
4041;ENSALADA DE ATUN FEST;RT0111
47;ENSALADA DE FIDEOS I;RT0112
975;ENSALADA DE LEGUMBRES;F01091
1091;ENSALADA DE LEGUMBRES GUAR;RT0113
972;ENSALADA DE PALTA;RT0114
1297;ENSALADA FRESCA;RT0115
851;ENSALADA FRESCA CON POLLO TL;RT0116
702;ENSALADA FRESCA GUAR;F00702
2860;ENSALADA GRIEGA FESTIVAL;RT0117
3243;ENSALADA HAWAIANA CON PAVO;RT0118
1510;ENSALADA MALAGUEÑA FEST;RT0119
4046;ENSALADA MIXTA DE HOJAS VERDES FEST;RT0120
1521;ENSALADA ORIENTAL FEST;F01521
480;ENSALADA PRIMAVERAL CON POLLO TL;F00480
442;ENSALADA RUSA;RT0122
699;ENSALADA RUSA GUAR I;RT0123
2531;ENSALADA RUSA GUAR II;
3808;ENSALADA RUSA II;RT0124
1509;ENSALADA SODEXO FEST;F01509
4044;ENSALADA TIPO NICOISE FEST;RT0125
1511;ENSALADA TROPICAL CON POLLO FEST;F01511
5494;ENTRA - CHICHARRON DE POLLO CON SALSA TARTARA;RT0126
2260;FLAN BICOLOR;RT0127
589;FLAN DE CHOCOLATE;RT0128
1047;FRIJOL CANARIO GUISADO;F01047
3;GALL - AJI DE GALLINA;RT0129
1253;GALL - ESCABECHE DE GALLINA;RT0130
1251;GALL - GALLINA A LA CACEROLA;RT0131
3320;GALL - GALLINA A LA CAMPESINA;RT0132
2533;GALL - GALLINA A LA SUREÑA;RT0134
1951;GALL - GALLINA A LAS FINAS HIERBAS;RT0135
1234;GALL - GALLINA AL HORNO;RT0136
2058;GALL - GALLINA AL ROMERO;RT0137
2492;GALLETA SALADA 1;
2493;GALLETA SALADA 2;
2495;GALLETA SALADA 3;
2496;GALLETA SALADA 4;
308;GARBANZOS GUISADOS;F00308
1523;GASEOSA 1;RT0138
614;GELATINA ARCO IRIS;RT0139
728;GELATINA CON FLAN;RT0140
585;GELATINA DE FRESA;RT0141
584;GELATINA DE NARANJA;RT0142
583;GELATINA DE PIÑA;RT0143
1150;GRANADILLA;RT0144
3882;GUAR - PAPAS FRITAS Y ENSALADA CHOUCRUT;RT0146
5053;GUAR - REVUELTO DE VERDURAS;RT0147
5328;GUISO DE CALABAZA;RT0148
1816;GUISO DE FIDEOS CON QUESO;F01816
309;GUISO DE LENTEJA;F00309
770;HABAS Y CAMOTE SANCOCHADO;F00770
1048;HABAS, CAMOTE Y CHOCLO;
599;HELADO DE CHOCOLATE;
4322;HELADO SANDWICH DE VAINILLA;
2227;HIG - HIGADO A LA PARRILLA;RT0149
4167;HIRO DE ZAPALLO;RT0150
122;HOT DOG;F00122
1615;HUEVO EN DOS SALSAS;RT0151
807;HUEVO EN SALSA GOLF;RT0152
445;HUEVO FRITO;F00445
825;HUEVO RELLENO DE VERDURAS;RT0153
125;HUEVOS A LA ORDEN;F00125
478;HUEVOS AL NIDO;
124;HUEVOS REVUELTOS;F00124
235;INFUSIONES;F00235
2700;JAMON;RT0159
127;JAMON DEL PAIS;RT0160
130;JAMONADA;RT0161
515;JUGO DE FRESA;F00515
1060;JUGO DE FRESA CON PIÑA;F01060
5481;JUGO DE FRESA Y ARANDANO;RT0162
498;JUGO DE MANGO;F00498
179;JUGO DE NARANJA;F00179
184;JUGO DE PAPAYA;F00184
2724;JUGO DE PAPAYA CON FRESA;RT0163
1812;JUGO DE PAPAYA CON MANZANA;F01812
1565;JUGO DE PAPAYA CON NARANJA;F01565
1058;JUGO DE PAPAYA CON PIÑA;F01058
5482;JUGO DE PAPAYA Y ARANDANO;RT0164
186;JUGO DE PIÑA;F00186
1059;JUGO DE PIÑA CON MANZANA;F01059
4130;JUGO DE PIÑA CON MEMBRILLO;RT0165
5486;JUGO DE PLATANO, FRESA Y ARANDANO;RT0166
5485;JUGO DE PLATANO, PAPAYA Y ARANDANO;RT0167
5570;JUGO DE PLATANO, PAPAYA Y FRESA;
2463;JUGO MIXTO;RT0168
188;JUGO SURTIDO I;RT0169
5500;KEKE DE ARANDANOS;RT0170
1163;KEKE DE NARANJA;RT0172
542;KEKE DE PLATANO;RT0173
537;KEKE DE VAINILLA;RT0174
572;KEKE DE ZANAHORIA;
555;KEKE INGLES;
859;KEKE MARMOL;RT0175
2525;KIWICHA AVENA CON MEMBRILLO;RT0176
2526;KIWICHA AVENA CON PIÑA;RT0177
1692;KIWICHA CON MANZANA;F01692
1842;KIWICHA CON MEMBRILLO;F01842
1815;KIWICHA CON PIÑA;F01815
1264;LECHE ASADA;RT0178
189;LECHE CALIENTE I;RT0179
329;LEGUMBRES AL VAPOR;F00329
332;LEGUMBRES SALTEADAS;F00332
719;LIMON;RT0180
370;LIMONADA;F00370
348;LOCRO DE ZAPALLO;F00348
3148;MACA;RT0181
1293;MACAAVENA CON LECHE;F01293
1123;MAIZ CANCHA;F01123
4232;MAIZ CANCHA CON QUESO;RT0182
611;MANDARINA;RT0183
1169;MANTEQUILLA CON SAL;RT0184
608;MANZANA ROJA;RT0186
1495;MAYONESA;RT0187
725;MAZAMORRA DE COCHINO;RT0188
1103;MAZAMORRA DE DURAZNO;RT0189
722;MAZAMORRA DE MEMBRILLO;RT0191
720;MAZAMORRA DE NARANJA;RT0192
712;MAZAMORRA MORADA;RT0193
162;MENESTRON CON RES I;RT0194
2754;MERENGADO DE FRUTA;RT0195
1179;MERMELADA;RT0196
1474;MIL HOJAS CON MANJAR BLANCO;RT0197
271;MON - CAU CAU CRIOLLO;RT0198
297;MON - MONDONGUITO A LA ITALIANA;RT0199
900;MON - PICANTE A LA TACNEÑA;RT0200
138;MORTADELA;RT0201
849;MOTE;F00849
340;MOTE GUISADO;F00340
1156;MOTE Y SALSA CRIOLLA;F01156
588;MOUSSE DE CHOCOLATE;RT0202
594;MOUSSE DE FRESA;RT0203
1266;MOUSSE DE LIMON;RT0204
610;NARANJA DE MESA;RT0205
2755;NIDITOS DE AMOR;RT0206
452;OCOPA A LA AREQUIPEÑA;RT0207
2872;OMELETTE DE PIMIENTO;RT0208
227;OMELETTE DE VERDURAS;RT0209
1420;OREJA;RT0210
349;PALLARES GUISADOS CON TOCINO;F00349
1182;PALTA;RT0211
1531;PALTA RELLENA CON VERDURAS;RT0212
5192;PAN - PAN DE MANTECA;RT0213
936;PAN AL AJO;RT0214
3307;PAN AL OREGANO;RT0215
3309;PAN ARABE;RT0216
237;PAN BAGUETINO;RT0217
243;PAN CACHITO;RT0218
245;PAN CARACOL;RT0219
2649;PAN CHAPLA;RT0220
247;PAN CIABATTA;RT0221
1914;PAN COLISA;RT0222
1896;PAN CROISSANT;RT0223
1920;PAN DE ACEITUNAS;
3312;PAN DE CAMOTE;RT0225
1686;PAN DE MAIZ;RT0226
3823;PAN DE PASAS;RT0227
250;PAN DE YEMA;RT0228
5193;PAN DOS PUNTAS INTEGRAL;RT0229
252;PAN FRANCES;RT0230
1687;PAN INTEGRAL;RT0231
2648;PAN ROSETA;RT0232
2652;PAN TRES PUNTAS;RT0233
458;PAPA A LA CREMA DE OCOPA;RT0234
471;PAPA A LA HUANCAINA;RT0236
4171;PAPA COCKTAIL AL HORNO;
2217;PAPA CON CHOCLO SANCOCHADO;RT0237
341;PAPA DORADA;F00341
3855;PAPA DORADA EN SALSA TARTARA;RT0238
1090;PAPA DORADA Y ENSALADA FRESCA - GUAR;RT0239
1204;PAPA DORADA Y SALSA CRIOLLA;F01204
4249;PAPA RELLENA CON SALSA CRIOLLA (100 GR) MENU;RT0241
344;PAPA SANCOCHADA;F00344
5684;PAPA SANCOCHADA Y ENSALADA COL;
700;PAPA Y ENSALADA FRESCA GUAR;F00700
1461;PAPAS AL PEREJIL;F01461
414;PAPAS FRITAS;F00414
1398;PAPAS FRITAS Y ENSALADA FRESCA;RT0243
2902;PASTA EN SALSA PUTANESCA;RT0244
476;PASTEL DE ACELGA;RT0245
231;PASTEL DE CHOCLO DULCE;RT0246
1180;PASTEL DE MANZANA;RT0247
870;PASTEL DE PAPA;RT0248
1636;PAT - ARROZ CON PATO;RT0249
34;PAV - ESTOFADO DE PAVO;RT0252
3535;PAV - MILANESA DE PAVO;
926;PAV - PAVITA A LA PLANCHA;RT0255
686;PAV - PAVITA AL TOMILLO;RT0256
660;PAV - PAVO AL HORNO;RT0258
658;PAV - PAVO AL HORNO A LAS FINAS HIERBAS;RT0259
3130;PAV - PAVO AL HORNO DIETA;RT0260
1202;PAV - PAVO AL OREGANO;RT0261
824;PAV - PAVO AL SILLAO;RT0262
3332;PAV - PAVO ASADO;RT0263
1265;PAV - PAVO CON GUINDONES;
1106;PAV - PEPIAN DE PAVO;RT0264
5442;PAV- SECO DE PAVO;
1673;PAÑUELO CON MANJARBLANCO;RT0265
1151;PERA;RT0266
3220;PEREJIL;RT0267
1665;PES - CEVICHE DE PESCADO;RT0268
386;PES - CHICHARRON DE PESCADO I;RT0269
2548;PES - CHICHARRON DE PESCADO II;
668;PES - MILANESA DE PESCADO I;RT0270
394;PES - PESCADO A LA CHORRILLANA;RT0271
399;PES - PESCADO A LA PLANCHA;RT0272
684;PES - PESCADO AL AJO;RT0273
991;PES - PESCADO AL LIMON;RT0274
846;PES - PESCADO AL PEREJIL;
829;PES - PESCADO AL VAPOR;RT0275
1864;PES - PESCADO EN PAPILOTE;RT0277
1367;PES - PESCADO ENCEBOLLADO;RT0278
411;PES - PESCADO FRITO I;RT0279
2529;PES - PESCADO FRITO II;
1614;PES - SALTADO DE ATUN;RT0280
2833;PES - SUDADO DE PESCADO DIETA;RT0281
390;PES - SUDADO DE PESCADO I;RT0282
1176;PES - TRUCHA A LA PARRILLA;RT0285
2832;PES - TRUCHA AL HORNO;RT0287
1429;PES - TRUCHA APANADA;RT0288
393;PES - TRUCHA FRITA;RT0289
659;PES- ESCABECHE DE PESCADO;
777;PICANTE DE OLLUCO;RT0290
1725;PICARONES;RT0291
1629;PIE DE FRUTA;RT0292
554;PIE DE LIMON I;RT0293
745;PIE DE MANZANA I;RT0294
1263;PIONONO CON MANJARBLANCO;RT0295
1662;PIONONO CON MERMELADA;RT0296
574;PIONONO DE CHOCOLATE;RT0297
4784;PIZZA AMERICANA FONDO;
5216;PIZZA HAWAIANA Y PAN AL AJO (ROMPE RUTINA);RT0299
743;PIÑA EN ALMIBAR;RT0300
607;PLATANO DE LA ISLA;
836;PLATANO DE SEDA;RT0301
863;PLATANO FRITO;F00863
2167;POLL - AEROPUERTO ECO;RT0302
4274;POLL - ALITAS BROASTER CON PAPAS FRITAS (ROMPE RUTINA);RT0303
978;POLL - ARROZ A LA JARDINERA CON POLLO;RT0304
915;POLL - ARROZ CHAUFA CON POLLO;RT0305
418;POLL - ARROZ CON POLLO;RT0306
2162;POLL - CAIGUA RELLENA CON POLLO;RT0307
914;POLL - CAU CAU DE POLLO;RT0308
427;POLL - CEVICHE DE POLLO;RT0309
761;POLL - CORDON BLEU DE POLLO;RT0311
37;POLL - ENROLLADO DE POLLO;RT0312
432;POLL - ESCABECHE DE POLLO;RT0314
1114;POLL - ESCALOPINES DE POLLO;RT0315
804;POLL - ESTOFADO DE POLLO;RT0316
1080;POLL - ESTOFADO DE POLLO LIGHT;RT0317
1368;POLL - GOULASH DE POLLO;RT0319
4193;POLL - GUISO DE CALABAZA CON POLLO;RT0320
1369;POLL - GUISO DE POLLO CON ZAPALLO ITALIANO;RT0321
1008;POLL - GUISO DE POLLO NORTEÑO;RT0322
675;POLL - HUATIA DE POLLO;RT0323
2537;POLL - LOMITO DE POLLO A LA JARDINERA;RT0324
981;POLL - MILANESA DE POLLO;RT0325
4263;POLL - MOSTRITO;
5112;POLL - PECHUGA DE POLLO AL OREGANO DIETA;RT0327
894;POLL - PICANTE DE POLLO;RT0328
3301;POLL - PIMIENTO RELLENO CON POLLO DIETA;RT0329
457;POLL - POLLADA;RT0330
4240;POLL - POLLADA ANDINA;
5217;POLL - POLLIPAPAS Y CREMAS (ROMPE RUTINA);RT0331
6320;POLL - POLLO A LA BRASA CON ARROZ CHAUFA Y PAPAS FRITAS (ROMPE RUTINA);
2964;POLL - POLLO A LA BRASA EVENTO;RT0332
1031;POLL - POLLO A LA CACEROLA;RT0333
1380;POLL - POLLO A LA CAZADORA;RT0334
663;POLL - POLLO A LA CHICLAYANA;RT0335
438;POLL - POLLO A LA COCA COLA;RT0336
1139;POLL - POLLO A LA FLORENTINA;RT0337
1013;POLL - POLLO A LA JARDINERA;RT0338
460;POLL - POLLO A LA NARANJA;RT0340
1596;POLL - POLLO A LA PIZZAIOLA;
764;POLL - POLLO A LA PLANCHA;RT0341
455;POLL - POLLO A LAS FINAS HIERBAS;RT0342
2519;POLL - POLLO A LO POBRE;
4188;POLL - POLLO AL ESTRAGON;RT0344
465;POLL - POLLO AL HORNO;RT0345
3560;POLL - POLLO AL HORNO CON ZUCCHINI SALTADO;RT0346
990;POLL - POLLO AL OREGANO;RT0347
680;POLL - POLLO AL PIMIENTO;RT0348
3125;POLL - POLLO AL ROMERO DIETA;RT0349
656;POLL - POLLO AL SILLAO;RT0350
2483;POLL - POLLO AL SILLAO DIETA;RT0351
1373;POLL - POLLO AL TOMILLO;RT0352
4187;POLL - POLLO ASADO;RT0353
655;POLL - POLLO BROASTER;RT0354
1944;POLL - POLLO CON CAIGUA;RT0355
1120;POLL - POLLO CON CHAMPIGÑONES I;RT0356
473;POLL - POLLO CON LEGUMBRES;RT0357
3829;POLL - POLLO CON PAPAS, VAINITAS Y BROCOLI;RT0358
474;POLL - POLLO CON PIÑA;
477;POLL - POLLO CON VERDURAS CHINAS;RT0359
2479;POLL - POLLO CON VERDURAS DIETA;RT0360
3344;POLL - POLLO EN SALSA DE ESPINACA;RT0361
481;POLL - POLLO EN SALSA DE MANI;RT0362
3552;POLL - POLLO ENTOMATADO;RT0364
1387;POLL - POLLO GUISADO C/ LIMON, AJO Y ROMERO;RT0365
1699;POLL - POLLO TI PA KAY;RT0366
1023;POLL - SALTADO CRIOLLO CON POLLO;RT0367
426;POLL - SALTADO DE VERDURAS CH CON POLLO;RT0368
434;POLL - TALLARIN SALTADO CRIOLLO CON POLLO;RT0369
757;POLL - TALLARINES ROJOS CON POLLO;RT0370
691;POLL - VAINITA SALTADA CON POLLO;RT0371
683;POLL-  SECO DE POLLO;RT0374
666;POLL- POLLO AL LIMON;RT0373
1828;PONCHE DE HABAS;F01828
4676;PONCHE DE MACA;RT0375
1105;PUDIN DE CHOCOLATE;RT0376
6618;PUDIN DE COCO;
276;PUL - CHANFAINITA;RT0377
5245;PUNQUI (7 SEMILLAS);RT0378
1026;PURE DE PAPA BLANCA;F01026
372;PURE DE PAPA DESHIDRATADA;F00372
131;QUESO EDAM;RT0379
132;QUESO FRESCO;RT0380
2287;QUESO HELADO;RT0381
512;QUINUA;F00512
3296;QUINUA ACARAMELADA;RT0383
194;QUINUA CON MANZANA;F00194
517;QUINUA CON MEMBRILLO;F00517
373;REFRESCO DE CARAMBOLA;F00373
374;REFRESCO DE CEBADA;F00374
727;REFRESCO DE MANZANA;F00727
379;REFRESCO DE MARACUYA;F00379
1604;REFRESCO DE MEMBRILLO;F01604
4993;REFRESCO EMOLIENTE/HIERBA LUISA;RT0384
4995;REFRESCO EMOLIENTE/MANZANA;RT0385
4992;REFRESCO EMOLIENTE/MARACUYA;
4087;REFRESCO INFUSION FRIA ANIS;RT0386
4088;REFRESCO INFUSION FRIA HIERBA LUISA;RT0387
4086;REFRESCO INFUSION FRIA MANZANILLA;RT0388
4085;REFRESCO INFUSION FRIA TE;RT0389
3246;REFRESCO LIMONADA CON HIERBA LUISA;RT0390
604;RELAMPAGO;RT0391
1012;RES - ARROZ CON CARNE DE RES;RT0394
41;RES - ASADO DE RES CLASICO;
890;RES - BISTECK A LA PARRILLA I;
956;RES - BISTECK APANADO;RT0396
682;RES - CAIGUA RELLENA;RT0398
72;RES - CARNE A LA JARDINERA;RT0399
1173;RES - CARNE ENTOMATADA;RT0400
1719;RES - CARNE MECHADA A LA OLLA;RT0401
53;RES - CHEESEBURGUER;RT0402
56;RES - ESPAGUETTI A LA BOLOGNESA;RT0403
57;RES - ESTOFADO DE RES;RT0404
1117;RES - FRICASE DE RES;RT0405
58;RES - GOULASH DE RES;
4072;RES - GUISO DE FIDEOS CON RES;RT0406
61;RES - GUISO DE RES A LA CRIOLLA;RT0407
1030;RES - GUISO DE RES NORTEÑO;
945;RES - HAMBURGUESA AL JUGO;
952;RES - HAMBURGUESA MONTADA;RT0408
817;RES - LASAGNA DE CARNE;RT0409
1247;RES - LOCRO DE PECHO;RT0410
910;RES - LOMITO AL JUGO I;RT0411
395;RES - LOMO SALTADO I;RT0412
69;RES - MALAYA DORADA;RT0413
504;RES - OLLUQUITO CON RES;RT0414
68;RES - PICANTE DE RES;RT0415
951;RES - RES A LA CACEROLA;RT0416
696;RES - SALTADO DE RES CON VERDURAS;RT0417
961;RES - SECO DE RES;RT0418
75;RES - SECO DE RES A LA NORTEÑA;RT0419
4184;REVUELTO DE CHUÑO;RT0422
1066;SALAD BAR I;RT0424
1067;SALAD BAR II;F01067
1068;SALAD BAR III;F01068
1069;SALAD BAR IV;F01069
1070;SALAD BAR V;RT0425
1071;SALAD BAR VI;RT0426
1072;SALAD BAR VII;RT0427
1419;SALCHICHA DE HUACHO;F01419
2984;SALCHIPAPA MONTADA;RT0428
665;SALCHIPOLLO;RT0429
818;SALPICON DE JAMON;RT0430
105;SALPICON DE POLLO;RT0431
304;SALSA CRIOLLA;RT0433
2960;SALSA DE AJI POLLERO;RT0434
2506;SALSA DE AJI SACHET;RT0435
3277;SALSA DE CHAMPIGÑONES;
1657;SALSA DE HUANCAINA;RT0436
1656;SALSA DE OCOPA;RT0437
1943;SALSA GUACAMOLE;RT0438
6383;SALSA MAYONESA ACEVICHADA;
726;SALSA ROCOTO;RT0439
1096;SALSA VINAGRETA;RT0441
380;SALTADO DE VAINITA Y ZANAHORIA;F00380
494;SANDIA;RT0442
4852;SANDWICH CON HAMBURGUESA MONTADA;RT0443
325;SANDWICH CON HOT DOG;F00325
1003;SANDWICH CON POLLO;F01003
2757;SNACK 2;
4742;SNACK 3;
4743;SNACK 4;
4744;SNACK 5;
4745;SNACK 6;
107;SOLTERITO;RT0445
176;SOPA A LA MINUTA CON RES;RT0446
1416;SOPA CALDO BLANCO CON POLLO;RT0447
183;SOPA CALDO BLANCO CON RES I;RT0448
198;SOPA CAMPESINA DE POLLO;RT0449
644;SOPA CANUTO CON POLLO;RT0450
1295;SOPA CAROLINA CON POLLO;RT0452
749;SOPA CASERA CON POLLO;RT0453
528;SOPA CAZUELA DE GALLINA;RT0454
230;SOPA CAZUELA DE POLLO;RT0455
752;SOPA CAZUELA DE RES;
3506;SOPA CELESTINA;RT0456
1441;SOPA CHAIRO CON POLLO;RT0457
239;SOPA CHAIRO CON RES I;RT0458
746;SOPA CHILCANO DE PESCADO;RT0459
653;SOPA CHINA CON VERDURAS Y POLLO;RT0461
4932;SOPA CHUÑO NEGRO CON POLLO;RT0462
499;SOPA CRIOLLA;RT0463
976;SOPA DE AVENA CON POLLO;RT0464
1841;SOPA DE CHOCHOCA CON POLLO;RT0466
1820;SOPA DE CHOCHOCA CON RES;RT0467
1892;SOPA DE CHUÑO NEGRO;RT0468
5436;SOPA DE ESPINACA CON POLLO;RT0469
652;SOPA DE LA CASA CON POLLO;RT0470
246;SOPA DE LA CASA CON RES;RT0471
255;SOPA DE MORON CON POLLO;RT0472
1414;SOPA DE MOTE CON POLLO;RT0474
5435;SOPA DE OLLUCO CON POLLO;RT0476
1859;SOPA DE OLLUCO CON RES;
290;SOPA DE POLLO CON ARROZ;RT0477
260;SOPA DE POLLO CON FIDEOS;RT0479
296;SOPA DE POLLO CON VERDURAS;RT0480
3888;SOPA DE POLLO CON VERDURAS II;RT0481
1485;SOPA DE POLLO CON ZAPALLO MACRE;RT0482
301;SOPA DE PORO CON POLLO;RT0483
168;SOPA DE QUINUA CON POLLO;RT0485
334;SOPA DE QUINUA CON RES;
648;SOPA DE RES CON FIDEOS;
740;SOPA DE RES CON ZAPALLO MACRE;RT0486
355;SOPA DE SEMOLA CON POLLO I;RT0487
939;SOPA DE SEMOLA CON RES;RT0488
169;SOPA DE TRIGO CON POLLO;RT0489
163;SOPA DE TRIGO CON RES I;RT0490
1164;SOPA DIETA DE POLLO;RT0491
747;SOPA FU CHI FU CON POLLO;RT0492
1660;SOPA INCHICAPI DE GALLINA;RT0493
366;SOPA JULIANA DE POLLO;RT0494
1805;SOPA MENESTRON CON POLLO;RT0495
966;SOPA PASTORA CON POLLO;RT0496
166;SOPA PATASCA;RT0497
1600;SOPA PEBRE CON POLLO;RT0498
4030;SOPA PUCHERO DE POLLO;RT0500
156;SOPA SANCOCHADO DE RES;RT0501
2242;SOPA SUSTANCIA DE GALLINA;RT0502
530;SOPA SUSTANCIA DE POLLO CON ARROZ;RT0503
3892;SOPA SUSTANCIA DE POLLO CON ARROZ II;RT0504
160;SOPA SUSTANCIA DE POLLO CON FIDEOS;RT0505
3889;SOPA SUSTANCIA DE POLLO CON FIDEOS II;
161;SOPA WANTAN CON POLLO;RT0506
2012;SOPA WOMIN CON POLLO;RT0507
196;SOYA;F00196
389;SPAGUETTI A LO ALFREDO;RT0508
1007;TALLARINES AL TUCO;F01007
711;TALLARINES VERDES;F00711
965;TAMAL DE POLLO MENU;
1840;TARTALETA DE FRESA;RT0510
1426;TARTALETA DE MANZANA;RT0511
3032;TEMATICO MARINO;
4250;TEQUEÑOS DE LOMO CON SALSA GUACAMOLE MENU;RT0512
4243;TEQUEÑOS DE LOMO CON SALSA TARTARA MENU;RT0513
2987;TEQUEÑOS EN SALSA TAMARINDO;RT0514
6142;TOCAS, GUANTES Y MASCARILLA;
135;TOCINO;RT0516
1855;TOCINO DEL CIELO;RT0517
612;TORTA DE CHOCOLATE;RT0518
556;TORTA HELADA I;RT0519
536;TORTA SELVA NEGRA;RT0520
1330;TORTILLA DE ATUN;RT0521
1897;TORTILLA DE HUEVO;F01897
2214;TORTILLA DE VERDURAS ECO;RT0522
2448;TOSTADAS INTEGRALES;RT0523
5000;TRES LECHES DE VAINILLA;
609;TUNA ROJA;RT0524
546;TURCAS;RT0525
837;UVA NEGRA;RT0526
938;VERDURAS CHINAS AL KION;F00938
937;VERDURAS COCIDAS;F00937
317;VERDURAS SALTEADAS;F00317
3221;WANTAN FRITO;
475;WANTAN FRITO EN SALSA DE TAMARINDO;
54;YUCA DORADA;F00054
705;YUCA DORADA CON SALSA CRIOLLA;F00705
327;YUCA SANCOCHADA;F00327
215;ZAPALLITO ITALIANO AL GRATIN;RT0528
1846;ZARZA DE PATA;RT0529
