total;regimen;servicio;teorico_costo_bandeja;teorico_raciones;teorico_costo_total;real_costo_bandeja;real_raciones;real_costo_total;desviacion_plan;realizado_costo_bandeja;realizado_raciones;realizado_costo_total;desviacion_realizado
Total;REGIMEN 1;DESAYUNO NORMAL 1;3.33;24976;83274.69;3.99;27220;108514.36;0.65;3.67;29129;107000.55;-0.31
Total;REGIMEN 2;LONCHERA SIMPLE 1;3.98;220;875.5;4.24;220;932.64;0.26;4.84;208;1006.67;0.6
Total;REGIMEN 2;SERVICIO VENTA DIRECTA 1;3.22;3012;9691.77;3.21;3012;9665.16;-0.01;;0;0;0
Total;REGIMEN 2;RANCHO 1;8.78;2103;18473.94;9.23;2075;19146.56;0.44;10;1988;19874.75;0.77
Total;REGIMEN 2;RANCHO 2;5.92;3880;22977.79;6.5;3885;25269.2;0.58;9.62;3577;34416.44;3.12
Total;REGIMEN 2;LONCHERA BAJADA;4.68;90;420.8;4.6;90;414.21;-0.07;;0;0;0
Total;REGIMEN 3;ALMUERZO NORMAL 1;8.32;30824;256348.86;8.77;30048;263541.47;0.45;8.1;32447;262893.19;-0.67
Total;REGIMEN 3;CENA NORMAL 1;5.33;14004;74622.87;5.6;13985;78282.6;0.27;5.04;16805;84639.18;-0.56
Total;REGIMEN GENERAL;CONSUMO FIJO FOOD;0.27;59970;16131.9;0.26;59970;15771.6;-0.01;0.36;65641;23326.2;0.09
Total;REGIMEN GENERAL;CONSUMO FIJO TGM;52.32;8;418.56;52.32;8;418.58;0;55.39;8;443.09;3.06
T. General;REGIMEN GENERAL;CONSUMO FIJO TGM;3.47;139087;483236.68;3.71;140513;521956.37;2.28;3.56;149803;533600.06;-2.2
