contrato;regimen;servicio;fecha;teorico_costo_bandeja;teorico_raciones;teorico_costo_total;real_costo_bandeja;real_raciones;real_costo_total;desviacion_plan;realizado_costo_bandeja;realizado_raciones;realizado_costo_total;desviacion_realizado
ORCOPAMPA FOALI;REGIMEN 1;DESAYUNO NORMAL 1;2026-08-01;4.31;250;1077.47;4.9;240;1175.56;0.59;3.38;284;959.53;-1.52
ORCOPAMPA FOALI;REGIMEN 1;DESAYUNO NORMAL 1;2026-08-02;3.45;260;896.42;4.05;240;970.82;0.6;3.97;266;1055.47;-0.08
ORCOPAMPA FOALI;REGIMEN 1;DESAYUNO NORMAL 1;2026-08-03;3.75;260;976.29;4.72;240;1133.22;0.97;4.97;271;1346.02;0.25
ORCOPAMPA FOALI;REGIMEN 1;DESAYUNO NORMAL 1;2026-08-04;3.34;260;867.71;4.47;240;1073.38;1.14;4.03;289;1164.01;-0.44
ORCOPAMPA FOALI;REGIMEN 1;DESAYUNO NORMAL 1;2026-08-05;3.56;260;924.7;4.5;240;1080.02;0.94;4.64;280;1299.28;0.14
ORCOPAMPA FOALI;REGIMEN 1;DESAYUNO NORMAL 1;2026-08-06;3.28;260;853.84;3.81;240;914.75;0.53;3.99;269;1071.97;0.17
ORCOPAMPA FOALI;REGIMEN 1;DESAYUNO NORMAL 1;2026-08-07;3.5;260;910.61;4.28;240;1027.49;0.78;3.57;283;1009.33;-0.71
ORCOPAMPA FOALI;REGIMEN 1;DESAYUNO NORMAL 1;2026-08-08;3.32;250;828.91;4;240;959.91;0.68;4.45;278;1237.85;0.45
ORCOPAMPA FOALI;REGIMEN 1;DESAYUNO NORMAL 1;2026-08-09;3.35;260;871.9;4.15;250;1036.44;0.79;3.95;280;1107.01;-0.19
ORCOPAMPA FOALI;REGIMEN 1;DESAYUNO NORMAL 1;2026-08-10;3.88;260;1008.05;4.14;250;1034.22;0.26;3.84;267;1024.08;-0.3
ORCOPAMPA FOALI;REGIMEN 1;DESAYUNO NORMAL 1;2026-08-11;3.2;260;831.64;2.87;250;716.74;-0.33;3.36;307;1032.17;0.5
ORCOPAMPA FOALI;REGIMEN 1;DESAYUNO NORMAL 1;2026-08-12;3.33;260;865.55;3.27;250;818.64;-0.05;3.26;296;964.46;-0.02
ORCOPAMPA FOALI;REGIMEN 1;DESAYUNO NORMAL 1;2026-08-13;3.33;260;865;3.22;250;804.75;-0.11;3.34;278;929.51;0.12
ORCOPAMPA FOALI;REGIMEN 1;DESAYUNO NORMAL 1;2026-08-14;3.71;260;963.86;3.99;250;996.85;0.28;3.96;296;1171.05;-0.03
ORCOPAMPA FOALI;REGIMEN 1;DESAYUNO NORMAL 1;2026-08-15;2.81;250;702.99;2.84;250;709.87;0.03;2.76;284;782.49;-0.08
ORCOPAMPA FOALI;REGIMEN 1;DESAYUNO NORMAL 1;2026-08-16;3.53;260;919.03;3.66;260;950.92;0.12;3.88;281;1090.02;0.22
ORCOPAMPA FOALI;REGIMEN 1;DESAYUNO NORMAL 1;2026-08-17;3.43;260;890.51;3.5;245;858.13;0.08;4.44;283;1255.91;0.94
ORCOPAMPA FOALI;REGIMEN 1;DESAYUNO NORMAL 1;2026-08-18;2.92;260;759.17;3.18;480;1528.25;0.26;3.61;515;1859.29;0.43
ORCOPAMPA FOALI;REGIMEN 1;DESAYUNO NORMAL 1;2026-08-19;3.24;260;842.47;3.58;500;1787.99;0.34;3.12;535;1668.48;-0.46
ORCOPAMPA FOALI;REGIMEN 1;DESAYUNO NORMAL 1;2026-08-20;3.93;260;1022.72;4.44;500;2221.17;0.51;3.38;512;1732.12;-1.06
ORCOPAMPA FOALI;REGIMEN 1;DESAYUNO NORMAL 1;2026-08-21;3.33;260;867.02;3.73;500;1866.14;0.4;3.52;532;1872.83;-0.21
ORCOPAMPA FOALI;REGIMEN 1;DESAYUNO NORMAL 1;2026-08-22;3.72;250;930.35;4.25;500;2127;0.53;2.79;521;1455.98;-1.46
ORCOPAMPA FOALI;REGIMEN 1;DESAYUNO NORMAL 1;2026-08-23;3.07;260;799.22;3.81;480;1829.58;0.74;3.63;503;1827.6;-0.18
ORCOPAMPA FOALI;REGIMEN 1;DESAYUNO NORMAL 1;2026-08-24;4.1;260;1066.44;4.46;480;2141.67;0.36;3.29;574;1885.67;-1.18
ORCOPAMPA FOALI;REGIMEN 1;DESAYUNO NORMAL 1;2026-08-25;3.33;260;864.97;3.29;480;1577.02;-0.04;2.94;558;1643.22;-0.34
ORCOPAMPA FOALI;REGIMEN 1;DESAYUNO NORMAL 1;2026-08-26;4.18;260;1086.09;5.38;480;2580.5;1.2;4.91;542;2661.2;-0.47
ORCOPAMPA FOALI;REGIMEN 1;DESAYUNO NORMAL 1;2026-08-27;3.29;260;856.29;3.9;480;1873.53;0.61;3.03;570;1728.92;-0.87
ORCOPAMPA FOALI;REGIMEN 1;DESAYUNO NORMAL 1;2026-08-28;3.01;260;782.63;3.18;480;1525.01;0.17;3.46;538;1860.32;0.28
ORCOPAMPA FOALI;REGIMEN 1;DESAYUNO NORMAL 1;2026-08-29;3.73;250;932.97;3.98;480;1911.71;0.25;3.31;528;1749.87;-0.67
ORCOPAMPA FOALI;REGIMEN 1;DESAYUNO NORMAL 1;2026-08-30;3.1;260;806.11;3.58;480;1717.35;0.48;3.81;553;2105.39;0.23
ORCOPAMPA FOALI;REGIMEN 1;DESAYUNO NORMAL 1;2026-08-31;3.4;260;884.26;3.78;480;1813.26;0.38;3.6;538;1938.87;-0.17
ORCOPAMPA FOALI;REGIMEN 1;DESAYUNO NORMAL 1;2026-09-01;2.59;550;1426.54;3.21;480;1541.88;0.62;3.03;564;1709.29;-0.18
ORCOPAMPA FOALI;REGIMEN 1;DESAYUNO NORMAL 1;2026-09-02;3.67;550;2019.75;4.69;480;2249.04;1.01;4.33;564;2440.21;-0.36
ORCOPAMPA FOALI;REGIMEN 1;DESAYUNO NORMAL 1;2026-09-03;3.29;550;1807.06;3.62;480;1739.64;0.34;3.52;541;1904.46;-0.1
ORCOPAMPA FOALI;REGIMEN 1;DESAYUNO NORMAL 1;2026-09-04;3.75;550;2064.99;4.59;480;2205.39;0.84;3.12;564;1761.43;-1.47
ORCOPAMPA FOALI;REGIMEN 1;DESAYUNO NORMAL 1;2026-09-05;2.95;540;1592.48;3.7;480;1778.08;0.76;3.98;562;2236.92;0.28
ORCOPAMPA FOALI;REGIMEN 1;DESAYUNO NORMAL 1;2026-09-06;3.13;288;902.52;3.42;480;1643.85;0.29;3.55;577;2047.84;0.12
ORCOPAMPA FOALI;REGIMEN 1;DESAYUNO NORMAL 1;2026-09-07;3.27;550;1798.98;3.93;480;1885.52;0.66;3.64;511;1862;-0.28
ORCOPAMPA FOALI;REGIMEN 1;DESAYUNO NORMAL 1;2026-09-08;2.54;550;1394.38;3.31;460;1522.05;0.77;2.76;577;1594.77;-0.54
ORCOPAMPA FOALI;REGIMEN 1;DESAYUNO NORMAL 1;2026-09-09;3.67;550;2021.12;5.15;510;2624.25;1.47;4.56;573;2611.28;-0.59
ORCOPAMPA FOALI;REGIMEN 1;DESAYUNO NORMAL 1;2026-09-10;2.88;550;1581.32;3.26;510;1660.97;0.38;2.89;562;1622.43;-0.37
ORCOPAMPA FOALI;REGIMEN 1;DESAYUNO NORMAL 1;2026-09-11;3.06;550;1682.02;3.97;510;2025.82;0.91;3.52;578;2036.24;-0.45
ORCOPAMPA FOALI;REGIMEN 1;DESAYUNO NORMAL 1;2026-09-12;2.72;540;1468.99;3.13;480;1503.27;0.41;3.15;572;1804.17;0.02
ORCOPAMPA FOALI;REGIMEN 1;DESAYUNO NORMAL 1;2026-09-13;2.98;288;857.88;4;480;1918.16;1.02;3.71;516;1914.01;-0.29
ORCOPAMPA FOALI;REGIMEN 1;DESAYUNO NORMAL 1;2026-09-14;3.37;550;1854.34;4.09;490;2005.23;0.72;4.49;489;2194.59;0.4
ORCOPAMPA FOALI;REGIMEN 1;DESAYUNO NORMAL 1;2026-09-15;4.38;550;2407.46;5.77;480;2767.79;1.39;4.72;582;2744.76;-1.05
ORCOPAMPA FOALI;REGIMEN 1;DESAYUNO NORMAL 1;2026-09-16;3.82;550;2103.54;4.88;480;2343.63;1.06;3.79;585;2214.91;-1.1
ORCOPAMPA FOALI;REGIMEN 1;DESAYUNO NORMAL 1;2026-09-17;2.62;550;1441.02;3.59;480;1724.35;0.97;2.89;577;1665.77;-0.71
ORCOPAMPA FOALI;REGIMEN 1;DESAYUNO NORMAL 1;2026-09-18;3.18;550;1748.01;3.84;480;1842.43;0.66;3.33;582;1938.72;-0.51
ORCOPAMPA FOALI;REGIMEN 1;DESAYUNO NORMAL 1;2026-09-19;3.06;540;1653.18;3.94;480;1889.4;0.87;3.39;595;2016.95;-0.55
ORCOPAMPA FOALI;REGIMEN 1;DESAYUNO NORMAL 1;2026-09-20;3.1;288;892.76;3.87;500;1934.73;0.77;3.8;544;2066.23;-0.07
ORCOPAMPA FOALI;REGIMEN 1;DESAYUNO NORMAL 1;2026-09-21;3.54;550;1944.5;3.7;480;1775.59;0.16;2.91;544;1583.64;-0.79
ORCOPAMPA FOALI;REGIMEN 1;DESAYUNO NORMAL 1;2026-09-22;3.32;550;1825.48;4.34;500;2171.06;1.02;3.97;550;2185.24;-0.37
ORCOPAMPA FOALI;REGIMEN 1;DESAYUNO NORMAL 1;2026-09-23;3.64;550;2000.67;4.52;500;2260.8;0.88;4.84;551;2665.71;0.32
ORCOPAMPA FOALI;REGIMEN 1;DESAYUNO NORMAL 1;2026-09-24;3.19;550;1752.21;3.78;500;1890.48;0.6;4.16;581;2418.67;0.38
ORCOPAMPA FOALI;REGIMEN 1;DESAYUNO NORMAL 1;2026-09-25;3.41;550;1877.69;4.61;520;2395.48;1.19;4.01;589;2361.51;-0.6
ORCOPAMPA FOALI;REGIMEN 1;DESAYUNO NORMAL 1;2026-09-26;3.99;540;2157;5.22;515;2686.07;1.22;4.35;597;2594.43;-0.87
ORCOPAMPA FOALI;REGIMEN 1;DESAYUNO NORMAL 1;2026-09-27;3.21;288;924.33;4.03;500;2014.49;0.82;4.25;530;2250.43;0.22
ORCOPAMPA FOALI;REGIMEN 1;DESAYUNO NORMAL 1;2026-09-28;3.41;550;1875.8;4.24;500;2122.03;0.83;4.45;509;2263.92;0.2
ORCOPAMPA FOALI;REGIMEN 1;DESAYUNO NORMAL 1;2026-09-29;3.4;550;1868.58;3.67;510;1871.68;0.27;3.34;581;1937.79;-0.33
ORCOPAMPA FOALI;REGIMEN 1;DESAYUNO NORMAL 1;2026-09-30;2.66;550;1464.61;4.19;520;2176.43;1.52;3.26;571;1862.3;-0.92
ORCOPAMPA FOALI;REGIMEN 1;DESAYUNO NORMAL 1;2026-10-01;2.99;520;1556.03;3.22;500;1609.94;0.23;0;0;0;0
ORCOPAMPA FOALI;REGIMEN 1;DESAYUNO NORMAL 1;2026-10-02;3.53;520;1835.15;4.13;500;2063.01;0.6;0;0;0;0
ORCOPAMPA FOALI;REGIMEN 1;DESAYUNO NORMAL 1;2026-10-03;3.34;514;1719.11;3.82;500;1909.91;0.48;0;0;0;0
ORCOPAMPA FOALI;REGIMEN 2;LONCHERA SIMPLE 1;2026-08-01;3.66;4;14.64;2.83;4;11.34;-0.83;4.93;4;19.71;2.09
ORCOPAMPA FOALI;REGIMEN 2;LONCHERA SIMPLE 1;2026-08-03;5.2;4;20.8;5.21;4;20.84;0.01;5.34;4;21.37;0.13
ORCOPAMPA FOALI;REGIMEN 2;LONCHERA SIMPLE 1;2026-08-04;3.66;4;14.63;3.66;4;14.63;0;5.1;4;20.39;1.44
ORCOPAMPA FOALI;REGIMEN 2;LONCHERA SIMPLE 1;2026-08-05;3.31;4;13.24;2.78;4;11.12;-0.53;7.62;4;30.47;4.84
ORCOPAMPA FOALI;REGIMEN 2;LONCHERA SIMPLE 1;2026-08-06;4.55;4;18.2;4.56;4;18.22;0.01;4.17;4;16.67;-0.39
ORCOPAMPA FOALI;REGIMEN 2;LONCHERA SIMPLE 1;2026-08-07;4.26;4;17.04;4.27;4;17.07;0.01;4.25;4;17.01;-0.02
ORCOPAMPA FOALI;REGIMEN 2;LONCHERA SIMPLE 1;2026-08-08;3.53;4;14.12;3.54;4;14.16;0.01;5.16;4;20.63;1.62
ORCOPAMPA FOALI;REGIMEN 2;LONCHERA SIMPLE 1;2026-08-10;4.91;4;19.64;3.73;4;14.94;-1.18;3.04;4;12.18;-0.69
ORCOPAMPA FOALI;REGIMEN 2;LONCHERA SIMPLE 1;2026-08-11;4.56;4;18.24;2.75;4;11;-1.81;2.76;4;11.06;0.01
ORCOPAMPA FOALI;REGIMEN 2;LONCHERA SIMPLE 1;2026-08-12;3.51;4;14.04;2.33;4;9.32;-1.18;8.43;4;33.72;6.1
ORCOPAMPA FOALI;REGIMEN 2;LONCHERA SIMPLE 1;2026-08-13;5.04;4;20.16;5.05;4;20.18;0.01;5.26;4;21.02;0.21
ORCOPAMPA FOALI;REGIMEN 2;LONCHERA SIMPLE 1;2026-08-14;4.13;4;16.52;4.15;4;16.59;0.02;4.68;4;18.71;0.53
ORCOPAMPA FOALI;REGIMEN 2;LONCHERA SIMPLE 1;2026-08-15;3.66;4;14.64;3.66;4;14.65;0;5.11;4;20.43;1.44
ORCOPAMPA FOALI;REGIMEN 2;LONCHERA SIMPLE 1;2026-08-17;4.84;4;19.36;4.85;4;19.39;0.01;0;4;0;0
ORCOPAMPA FOALI;REGIMEN 2;LONCHERA SIMPLE 1;2026-08-18;4.27;4;17.08;4.28;4;17.12;0.01;5.01;4;20.06;0.74
ORCOPAMPA FOALI;REGIMEN 2;LONCHERA SIMPLE 1;2026-08-19;3.15;4;12.6;3.16;4;12.62;0.01;3.49;4;13.96;0.33
ORCOPAMPA FOALI;REGIMEN 2;LONCHERA SIMPLE 1;2026-08-20;5.04;4;20.16;3.86;4;15.42;-1.18;6.26;4;25.04;2.4
ORCOPAMPA FOALI;REGIMEN 2;LONCHERA SIMPLE 1;2026-08-21;4.13;4;16.52;4.15;4;16.59;0.02;3.85;4;15.4;-0.3
ORCOPAMPA FOALI;REGIMEN 2;LONCHERA SIMPLE 1;2026-08-22;3.66;4;14.64;2.47;4;9.89;-1.19;4.8;4;19.19;2.33
ORCOPAMPA FOALI;REGIMEN 2;LONCHERA SIMPLE 1;2026-08-24;5.2;4;20.8;5.11;4;20.43;-0.09;4.82;4;19.28;-0.29
ORCOPAMPA FOALI;REGIMEN 2;LONCHERA SIMPLE 1;2026-08-25;4.27;4;17.08;4.83;4;19.31;0.56;4.91;4;19.64;0.08
ORCOPAMPA FOALI;REGIMEN 2;LONCHERA SIMPLE 1;2026-08-26;3.31;4;13.24;4.73;4;18.91;1.42;4.48;4;17.9;-0.25
ORCOPAMPA FOALI;REGIMEN 2;LONCHERA SIMPLE 1;2026-08-27;5.04;4;20.16;4.56;4;18.26;-0.48;4.78;4;19.11;0.21
ORCOPAMPA FOALI;REGIMEN 2;LONCHERA SIMPLE 1;2026-08-28;4.13;4;16.52;4.53;4;18.11;0.4;4.61;4;18.44;0.08
ORCOPAMPA FOALI;REGIMEN 2;LONCHERA SIMPLE 1;2026-08-29;3.15;4;12.6;4.58;4;18.32;1.43;4.8;4;19.18;0.21
ORCOPAMPA FOALI;REGIMEN 2;LONCHERA SIMPLE 1;2026-08-31;4.91;4;19.64;4.73;4;18.92;-0.18;4.48;4;17.91;-0.25
ORCOPAMPA FOALI;REGIMEN 2;LONCHERA SIMPLE 1;2026-09-01;4.28;4;17.12;4.99;4;19.98;0.71;4.61;4;18.44;-0.38
ORCOPAMPA FOALI;REGIMEN 2;LONCHERA SIMPLE 1;2026-09-02;2.46;4;9.84;5.27;4;21.08;2.81;4.89;4;19.55;-0.38
ORCOPAMPA FOALI;REGIMEN 2;LONCHERA SIMPLE 1;2026-09-03;4.85;4;19.4;4.03;4;16.11;-0.82;4.89;4;19.56;0.86
ORCOPAMPA FOALI;REGIMEN 2;LONCHERA SIMPLE 1;2026-09-04;3.5;4;14;3.99;4;15.94;0.49;4.51;4;18.03;0.52
ORCOPAMPA FOALI;REGIMEN 2;LONCHERA SIMPLE 1;2026-09-05;2.35;4;9.4;4.95;4;19.78;2.6;5.7;4;22.78;0.75
ORCOPAMPA FOALI;REGIMEN 2;LONCHERA SIMPLE 1;2026-09-07;3.73;4;14.92;4.93;4;19.72;1.2;5.35;4;21.4;0.42
ORCOPAMPA FOALI;REGIMEN 2;LONCHERA SIMPLE 1;2026-09-08;4.83;4;19.32;4;4;16.01;-0.83;3.52;4;14.08;-0.48
ORCOPAMPA FOALI;REGIMEN 2;LONCHERA SIMPLE 1;2026-09-09;3.16;4;12.64;3.74;4;14.94;0.58;5.26;4;21.03;1.52
ORCOPAMPA FOALI;REGIMEN 2;LONCHERA SIMPLE 1;2026-09-10;4.72;4;18.88;4.73;4;18.92;0.01;4.84;4;19.34;0.11
ORCOPAMPA FOALI;REGIMEN 2;LONCHERA SIMPLE 1;2026-09-11;3.5;4;14;3.16;4;12.64;-0.34;5.49;4;21.95;2.33
ORCOPAMPA FOALI;REGIMEN 2;LONCHERA SIMPLE 1;2026-09-12;3.9;4;15.6;5.31;4;21.23;1.41;5.37;4;21.47;0.06
ORCOPAMPA FOALI;REGIMEN 2;LONCHERA SIMPLE 1;2026-09-14;3.86;4;15.44;5.05;4;20.2;1.19;4.82;4;19.28;-0.23
ORCOPAMPA FOALI;REGIMEN 2;LONCHERA SIMPLE 1;2026-09-15;4.57;4;18.28;4.83;4;19.31;0.26;4.91;4;19.64;0.08
ORCOPAMPA FOALI;REGIMEN 2;LONCHERA SIMPLE 1;2026-09-16;3.58;4;14.32;5.47;4;21.88;1.89;5.33;4;21.31;-0.14
ORCOPAMPA FOALI;REGIMEN 2;LONCHERA SIMPLE 1;2026-09-17;4.85;4;19.4;4.65;4;18.59;-0.2;4.86;4;19.45;0.21
ORCOPAMPA FOALI;REGIMEN 2;LONCHERA SIMPLE 1;2026-09-18;3.66;4;14.64;4.24;4;16.95;0.58;4.84;4;19.34;0.6
ORCOPAMPA FOALI;REGIMEN 2;LONCHERA SIMPLE 1;2026-09-19;2.35;4;9.4;5.21;4;20.84;2.86;4.92;4;19.68;-0.29
ORCOPAMPA FOALI;REGIMEN 2;LONCHERA SIMPLE 1;2026-09-21;4.56;4;18.24;4.65;4;18.59;0.09;5.43;4;21.74;0.79
ORCOPAMPA FOALI;REGIMEN 2;LONCHERA SIMPLE 1;2026-09-22;3.45;4;13.8;4.73;4;18.93;1.28;5.15;4;20.62;0.42
ORCOPAMPA FOALI;REGIMEN 2;LONCHERA SIMPLE 1;2026-09-23;3.45;4;13.8;4.93;4;19.74;1.48;5.43;4;21.73;0.5
ORCOPAMPA FOALI;REGIMEN 2;LONCHERA SIMPLE 1;2026-09-24;4.85;4;19.4;4.92;4;19.66;0.07;4.62;4;18.47;-0.3
ORCOPAMPA FOALI;REGIMEN 2;LONCHERA SIMPLE 1;2026-09-25;3.66;4;14.64;1.93;4;7.73;-1.73;5.18;4;20.7;3.24
ORCOPAMPA FOALI;REGIMEN 2;LONCHERA SIMPLE 1;2026-09-26;2.48;4;9.92;5.13;4;20.52;2.65;6.16;4;24.64;1.03
ORCOPAMPA FOALI;REGIMEN 2;LONCHERA SIMPLE 1;2026-09-28;4.02;4;16.08;4.29;4;17.15;0.27;3.77;4;15.09;-0.51
ORCOPAMPA FOALI;REGIMEN 2;LONCHERA SIMPLE 1;2026-09-29;3.67;4;14.67;3.73;4;14.91;0.06;4.23;4;16.93;0.5
ORCOPAMPA FOALI;REGIMEN 2;LONCHERA SIMPLE 1;2026-09-30;3.32;4;13.28;3.8;4;15.19;0.48;5.48;4;21.94;1.69
ORCOPAMPA FOALI;REGIMEN 2;LONCHERA SIMPLE 1;2026-10-01;5.12;4;20.48;5.11;4;20.45;-0.01;0;0;0;0
ORCOPAMPA FOALI;REGIMEN 2;LONCHERA SIMPLE 1;2026-10-02;2.06;4;8.24;2.05;4;8.22;-0.01;0;0;0;0
ORCOPAMPA FOALI;REGIMEN 2;LONCHERA SIMPLE 1;2026-10-03;5.01;4;20.04;5.01;4;20.03;0;0;0;0;0
ORCOPAMPA FOALI;REGIMEN 2;SERVICIO VENTA DIRECTA 1;2026-08-02;4.27;340;1451.74;4.27;340;1453.48;0.01;0;0;0;0
ORCOPAMPA FOALI;REGIMEN 2;SERVICIO VENTA DIRECTA 1;2026-08-09;2.53;340;860.39;2.54;340;862.44;0.01;0;0;0;0
ORCOPAMPA FOALI;REGIMEN 2;SERVICIO VENTA DIRECTA 1;2026-08-16;4.42;292;1290.28;4.43;292;1292.64;0.01;0;0;0;0
ORCOPAMPA FOALI;REGIMEN 2;SERVICIO VENTA DIRECTA 1;2026-08-23;2.61;340;886.79;2.47;340;840.86;-0.14;0;0;0;0
ORCOPAMPA FOALI;REGIMEN 2;SERVICIO VENTA DIRECTA 1;2026-08-30;2.61;340;886.79;2.47;340;841.05;-0.13;0;0;0;0
ORCOPAMPA FOALI;REGIMEN 2;SERVICIO VENTA DIRECTA 1;2026-09-06;2.18;340;739.98;2.31;340;784.63;0.13;0;0;0;0
ORCOPAMPA FOALI;REGIMEN 2;SERVICIO VENTA DIRECTA 1;2026-09-13;4.01;340;1364.18;4.09;340;1389.9;0.08;0;0;0;0
ORCOPAMPA FOALI;REGIMEN 2;SERVICIO VENTA DIRECTA 1;2026-09-20;2.43;340;827.09;2.32;340;787.85;-0.12;0;0;0;0
ORCOPAMPA FOALI;REGIMEN 2;SERVICIO VENTA DIRECTA 1;2026-09-27;4.07;340;1384.53;4.15;340;1412.31;0.08;0;0;0;0
ORCOPAMPA FOALI;REGIMEN 2;RANCHO 1;2026-08-01;10.59;9;95.31;9.77;9;87.95;-0.82;10.03;5;50.13;0.25
ORCOPAMPA FOALI;REGIMEN 2;RANCHO 1;2026-08-02;9.72;170;1652.4;9.52;207;1971.59;-0.2;9.48;207;1963.22;-0.04
ORCOPAMPA FOALI;REGIMEN 2;RANCHO 1;2026-08-03;7.51;9;67.59;10.25;9;92.29;2.74;10.68;4;42.7;0.42
ORCOPAMPA FOALI;REGIMEN 2;RANCHO 1;2026-08-04;9.04;9;81.36;8.51;9;76.56;-0.53;10.39;5;51.95;1.88
ORCOPAMPA FOALI;REGIMEN 2;RANCHO 1;2026-08-05;9.59;9;86.31;7.77;9;69.93;-1.82;6.82;5;34.11;-0.95
ORCOPAMPA FOALI;REGIMEN 2;RANCHO 1;2026-08-06;5.1;9;45.9;7.83;9;70.49;2.73;3.77;5;18.85;-4.06
ORCOPAMPA FOALI;REGIMEN 2;RANCHO 1;2026-08-07;6.2;9;55.8;6.22;9;55.94;0.02;6.17;5;30.84;-0.05
ORCOPAMPA FOALI;REGIMEN 2;RANCHO 1;2026-08-08;10.65;9;95.85;10.65;9;95.82;0;10.59;6;63.54;-0.06
ORCOPAMPA FOALI;REGIMEN 2;RANCHO 1;2026-08-09;9.26;170;1574.2;9.27;170;1576.35;0.01;11.67;167;1949.39;2.4
ORCOPAMPA FOALI;REGIMEN 2;RANCHO 1;2026-08-10;7.8;9;70.2;8.36;9;75.27;0.56;9.27;7;64.87;0.9
ORCOPAMPA FOALI;REGIMEN 2;RANCHO 1;2026-08-11;9.04;9;81.36;8.23;9;74.03;-0.82;8.51;7;59.54;0.28
ORCOPAMPA FOALI;REGIMEN 2;RANCHO 1;2026-08-12;9.79;9;88.11;8.61;9;77.5;-1.18;8.5;5;42.52;-0.11
ORCOPAMPA FOALI;REGIMEN 2;RANCHO 1;2026-08-13;5.1;9;45.9;7.84;9;70.52;2.74;7.97;6;47.79;0.13
ORCOPAMPA FOALI;REGIMEN 2;RANCHO 1;2026-08-14;6.2;9;55.8;6.22;9;55.94;0.02;6.86;7;48.03;0.65
ORCOPAMPA FOALI;REGIMEN 2;RANCHO 1;2026-08-15;10.59;9;95.31;10.59;9;95.31;0;9.27;10;92.72;-1.32
ORCOPAMPA FOALI;REGIMEN 2;RANCHO 1;2026-08-16;9.39;170;1596.3;9.39;170;1597.05;0;9.93;175;1737.03;0.53
ORCOPAMPA FOALI;REGIMEN 2;RANCHO 1;2026-08-17;7.51;9;67.59;9.07;9;81.6;1.56;10.06;6;60.37;1
ORCOPAMPA FOALI;REGIMEN 2;RANCHO 1;2026-08-18;9.59;9;86.31;9.59;9;86.34;0;11.2;6;67.21;1.61
ORCOPAMPA FOALI;REGIMEN 2;RANCHO 1;2026-08-19;9.59;9;86.31;9.6;9;86.42;0.01;9.18;6;55.08;-0.42
ORCOPAMPA FOALI;REGIMEN 2;RANCHO 1;2026-08-20;5.04;9;45.36;6.59;9;59.3;1.55;5.93;7;41.51;-0.66
ORCOPAMPA FOALI;REGIMEN 2;RANCHO 1;2026-08-21;6.2;9;55.8;6.22;9;55.94;0.02;6.97;7;48.8;0.76
ORCOPAMPA FOALI;REGIMEN 2;RANCHO 1;2026-08-22;10.59;9;95.31;9.4;9;84.6;-1.19;14.68;7;102.74;5.28
ORCOPAMPA FOALI;REGIMEN 2;RANCHO 1;2026-08-23;9.1;170;1547;9.11;170;1548.03;0.01;10.15;176;1785.76;1.04
ORCOPAMPA FOALI;REGIMEN 2;RANCHO 1;2026-08-24;7.8;9;70.2;10.32;3;30.96;2.52;10.15;3;30.46;-0.17
ORCOPAMPA FOALI;REGIMEN 2;RANCHO 1;2026-08-25;9.59;9;86.31;9.6;7;67.19;0.01;9.68;7;67.77;0.08
ORCOPAMPA FOALI;REGIMEN 2;RANCHO 1;2026-08-26;9.59;9;86.31;9.61;6;57.65;0.02;9.36;6;56.13;-0.25
ORCOPAMPA FOALI;REGIMEN 2;RANCHO 1;2026-08-27;5.04;9;45.36;7.8;6;46.8;2.76;8.01;6;48.09;0.21
ORCOPAMPA FOALI;REGIMEN 2;RANCHO 1;2026-08-28;6.2;9;55.8;6.6;7;46.18;0.4;6.68;7;46.76;0.08
ORCOPAMPA FOALI;REGIMEN 2;RANCHO 1;2026-08-29;10.59;9;95.31;10.11;6;60.65;-0.48;10.32;6;61.93;0.21
ORCOPAMPA FOALI;REGIMEN 2;RANCHO 1;2026-08-30;9.1;170;1547;9.11;170;1548.9;0.01;9.89;172;1701.02;0.78
ORCOPAMPA FOALI;REGIMEN 2;RANCHO 1;2026-08-31;6.93;9;62.4;10.06;8;80.51;3.13;9.81;8;78.49;-0.25
ORCOPAMPA FOALI;REGIMEN 2;RANCHO 1;2026-09-01;9.12;10;91.2;9.76;6;58.59;0.64;9.44;6;56.62;-0.33
ORCOPAMPA FOALI;REGIMEN 2;RANCHO 1;2026-09-02;9.6;10;96;10.15;6;60.91;0.55;9.77;6;58.6;-0.38
ORCOPAMPA FOALI;REGIMEN 2;RANCHO 1;2026-09-03;4.98;10;49.8;7.72;10;77.19;2.74;7.29;5;36.44;-0.43
ORCOPAMPA FOALI;REGIMEN 2;RANCHO 1;2026-09-04;6.21;10;62.1;6.22;10;62.21;0.01;6.79;4;27.16;0.57
ORCOPAMPA FOALI;REGIMEN 2;RANCHO 1;2026-09-05;9.4;8;75.2;10.56;8;84.48;1.16;11.23;4;44.94;0.67
ORCOPAMPA FOALI;REGIMEN 2;RANCHO 1;2026-09-06;9.11;185;1685.35;9.11;185;1685.57;0;10.31;183;1886.97;1.2
ORCOPAMPA FOALI;REGIMEN 2;RANCHO 1;2026-09-07;6.62;10;66.2;10.55;10;105.51;3.93;10.43;9;93.85;-0.12
ORCOPAMPA FOALI;REGIMEN 2;RANCHO 1;2026-09-08;7.87;10;78.7;8.72;10;87.17;0.85;9.73;6;58.39;1.01
ORCOPAMPA FOALI;REGIMEN 2;RANCHO 1;2026-09-09;9.6;10;96;9.61;10;96.08;0.01;11.04;7;77.28;1.43
ORCOPAMPA FOALI;REGIMEN 2;RANCHO 1;2026-09-10;5.11;10;51.1;7.02;10;70.15;1.91;7.48;6;44.86;0.46
ORCOPAMPA FOALI;REGIMEN 2;RANCHO 1;2026-09-11;6.21;10;62.1;6.22;10;62.21;0.01;6.68;8;53.44;0.46
ORCOPAMPA FOALI;REGIMEN 2;RANCHO 1;2026-09-12;9.4;8;75.2;8.54;8;68.36;-0.86;9.68;8;77.42;1.13
ORCOPAMPA FOALI;REGIMEN 2;RANCHO 1;2026-09-13;8.41;185;1555.85;9.6;185;1775.62;1.19;9.9;179;1772.71;0.31
ORCOPAMPA FOALI;REGIMEN 2;RANCHO 1;2026-09-14;7.87;10;78.7;10.61;10;106.07;2.74;10.15;7;71.06;-0.46
ORCOPAMPA FOALI;REGIMEN 2;RANCHO 1;2026-09-15;9.12;10;91.2;9.6;7;67.19;0.48;9.68;7;67.77;0.08
ORCOPAMPA FOALI;REGIMEN 2;RANCHO 1;2026-09-16;9.6;10;96;10.35;6;62.1;0.75;10.21;6;61.24;-0.14
ORCOPAMPA FOALI;REGIMEN 2;RANCHO 1;2026-09-17;5.11;10;51.1;7.88;5;39.42;2.77;8.22;5;41.11;0.34
ORCOPAMPA FOALI;REGIMEN 2;RANCHO 1;2026-09-18;6.76;10;67.6;6.85;10;68.48;0.09;6.9;7;48.33;0.06
ORCOPAMPA FOALI;REGIMEN 2;RANCHO 1;2026-09-19;9.4;8;75.2;10.58;7;74.03;1.18;10.41;7;72.86;-0.17
ORCOPAMPA FOALI;REGIMEN 2;RANCHO 1;2026-09-20;9.11;185;1685.35;9.74;161;1567.95;0.63;9.97;161;1605.84;0.24
ORCOPAMPA FOALI;REGIMEN 2;RANCHO 1;2026-09-21;6.62;10;66.2;10.64;10;106.35;4.02;25.7;8;205.59;15.06
ORCOPAMPA FOALI;REGIMEN 2;RANCHO 1;2026-09-22;9.12;10;91.2;9.68;10;96.83;0.56;10.39;10;103.94;0.71
ORCOPAMPA FOALI;REGIMEN 2;RANCHO 1;2026-09-23;9.6;10;96;9.69;10;96.92;0.09;10.93;8;87.41;1.23
ORCOPAMPA FOALI;REGIMEN 2;RANCHO 1;2026-09-24;5.11;10;51.1;7.9;10;79.03;2.79;9.97;9;89.73;2.07
ORCOPAMPA FOALI;REGIMEN 2;RANCHO 1;2026-09-25;6.21;10;62.1;5.29;10;52.92;-0.92;7.15;10;71.45;1.85
ORCOPAMPA FOALI;REGIMEN 2;RANCHO 1;2026-09-26;9.82;8;78.56;11.04;8;88.32;1.22;12.46;10;124.6;1.42
ORCOPAMPA FOALI;REGIMEN 2;RANCHO 1;2026-09-27;8.41;185;1555.85;9.66;185;1787.18;1.25;9.8;224;2195.86;0.14
ORCOPAMPA FOALI;REGIMEN 2;RANCHO 1;2026-09-28;6.62;10;66.2;9.62;10;96.21;3;7.41;7;51.88;-2.21
ORCOPAMPA FOALI;REGIMEN 2;RANCHO 1;2026-09-29;8.57;10;85.7;9.12;10;91.18;0.55;10.12;8;80.97;1
ORCOPAMPA FOALI;REGIMEN 2;RANCHO 1;2026-09-30;9.6;10;96;7.39;10;73.89;-2.21;8.15;7;57.08;0.77
ORCOPAMPA FOALI;REGIMEN 2;RANCHO 1;2026-10-01;7.91;9;71.19;7.9;9;71.13;-0.01;0;0;0;0
ORCOPAMPA FOALI;REGIMEN 2;RANCHO 1;2026-10-02;5.29;9;47.61;5.29;9;47.62;0;0;0;0;0
ORCOPAMPA FOALI;REGIMEN 2;RANCHO 1;2026-10-03;10.69;9;96.21;10.68;9;96.12;-0.01;0;0;0;0
ORCOPAMPA FOALI;REGIMEN 2;RANCHO 2;2026-08-01;4.79;38;182.02;3.51;38;133.3;-1.28;10.03;30;300.75;6.52
ORCOPAMPA FOALI;REGIMEN 2;RANCHO 2;2026-08-02;7.27;200;1454;8.82;238;2099.48;1.55;9.57;238;2276.67;0.74
ORCOPAMPA FOALI;REGIMEN 2;RANCHO 2;2026-08-03;4.15;38;157.7;3.62;38;137.48;-0.53;10.57;30;316.98;6.95
ORCOPAMPA FOALI;REGIMEN 2;RANCHO 2;2026-08-04;7.21;38;273.98;6.68;38;253.66;-0.53;6.42;33;211.77;-0.26
ORCOPAMPA FOALI;REGIMEN 2;RANCHO 2;2026-08-05;4.21;38;159.98;4.22;38;160.28;0.01;9.16;33;302.37;4.94
ORCOPAMPA FOALI;REGIMEN 2;RANCHO 2;2026-08-06;4.55;38;172.9;2.72;38;103.53;-1.83;7.31;33;241.09;4.58
ORCOPAMPA FOALI;REGIMEN 2;RANCHO 2;2026-08-07;6.91;38;262.58;6.92;38;262.88;0.01;6.29;29;182.54;-0.62
ORCOPAMPA FOALI;REGIMEN 2;RANCHO 2;2026-08-08;4.79;38;182.02;4.8;38;182.43;0.01;10.97;28;307.22;6.17
ORCOPAMPA FOALI;REGIMEN 2;RANCHO 2;2026-08-09;7.34;200;1467.75;7.34;200;1468.55;0;9.89;202;1997.72;2.55
ORCOPAMPA FOALI;REGIMEN 2;RANCHO 2;2026-08-10;3.79;38;144.02;2.97;38;112.89;-0.82;9.33;32;298.64;6.36
ORCOPAMPA FOALI;REGIMEN 2;RANCHO 2;2026-08-11;7.21;38;273.98;7.22;38;274.29;0.01;8.92;35;312.23;1.7
ORCOPAMPA FOALI;REGIMEN 2;RANCHO 2;2026-08-12;4.21;38;159.98;3.03;38;115.17;-1.18;9.39;30;281.68;6.36
ORCOPAMPA FOALI;REGIMEN 2;RANCHO 2;2026-08-13;4.55;38;172.9;4.56;38;173.17;0.01;8.39;30;251.6;3.83
ORCOPAMPA FOALI;REGIMEN 2;RANCHO 2;2026-08-14;6.71;38;254.98;6.72;38;255.34;0.01;7.16;31;222;0.44
ORCOPAMPA FOALI;REGIMEN 2;RANCHO 2;2026-08-15;4.79;38;182.02;4.8;38;182.43;0.01;10.57;33;348.86;5.77
ORCOPAMPA FOALI;REGIMEN 2;RANCHO 2;2026-08-16;7.27;200;1454;7.27;200;1454.84;0;9.79;222;2174.41;2.52
ORCOPAMPA FOALI;REGIMEN 2;RANCHO 2;2026-08-17;4.15;38;157.7;2.97;38;112.89;-1.18;10.35;32;331.26;7.38
ORCOPAMPA FOALI;REGIMEN 2;RANCHO 2;2026-08-18;7.21;38;273.98;7.22;38;274.29;0.01;8.91;34;302.79;1.69
ORCOPAMPA FOALI;REGIMEN 2;RANCHO 2;2026-08-19;4.21;38;159.98;3.03;38;115.17;-1.18;14.09;33;464.83;11.05
ORCOPAMPA FOALI;REGIMEN 2;RANCHO 2;2026-08-20;4.55;38;172.9;4.56;38;173.17;0.01;8.81;26;229.03;4.25
ORCOPAMPA FOALI;REGIMEN 2;RANCHO 2;2026-08-21;6.88;38;261.44;5.73;38;217.66;-1.15;6.84;27;184.57;1.11
ORCOPAMPA FOALI;REGIMEN 2;RANCHO 2;2026-08-22;4.79;38;182.02;3.61;38;137.21;-1.18;11.4;27;307.81;7.79
ORCOPAMPA FOALI;REGIMEN 2;RANCHO 2;2026-08-23;6.72;200;1344;6.73;200;1346.21;0.01;11.02;182;2005.54;4.29
ORCOPAMPA FOALI;REGIMEN 2;RANCHO 2;2026-08-24;4.15;38;157.7;7.9;33;260.81;3.75;10.15;33;335.01;2.25
ORCOPAMPA FOALI;REGIMEN 2;RANCHO 2;2026-08-25;7.21;38;273.98;8.23;37;304.63;1.02;9.68;37;358.19;1.45
ORCOPAMPA FOALI;REGIMEN 2;RANCHO 2;2026-08-26;4.21;38;159.98;8.9;32;284.94;4.69;9.36;32;299.38;0.45
ORCOPAMPA FOALI;REGIMEN 2;RANCHO 2;2026-08-27;4.55;38;172.9;6.59;31;204.41;2.04;8.01;31;248.44;1.42
ORCOPAMPA FOALI;REGIMEN 2;RANCHO 2;2026-08-28;6.88;38;261.44;5.23;34;177.9;-1.65;6.68;34;227.11;1.45
ORCOPAMPA FOALI;REGIMEN 2;RANCHO 2;2026-08-29;4.79;38;182.02;9.4;37;347.98;4.62;10.32;37;381.92;0.92
ORCOPAMPA FOALI;REGIMEN 2;RANCHO 2;2026-08-30;6.72;200;1344;6.74;200;1347.24;0.02;9.76;214;2088.64;3.02
ORCOPAMPA FOALI;REGIMEN 2;RANCHO 2;2026-08-31;4.15;38;157.7;7.99;42;335.39;3.84;10.08;42;423.49;2.1
ORCOPAMPA FOALI;REGIMEN 2;RANCHO 2;2026-09-01;6.74;38;256.12;8.23;46;378.73;1.49;9.44;46;434.11;1.2
ORCOPAMPA FOALI;REGIMEN 2;RANCHO 2;2026-09-02;3.86;38;146.68;9.16;39;357.21;5.3;9.77;39;380.92;0.61
ORCOPAMPA FOALI;REGIMEN 2;RANCHO 2;2026-09-03;3.31;38;125.78;4.48;38;170.12;1.17;6.23;29;180.61;1.75
ORCOPAMPA FOALI;REGIMEN 2;RANCHO 2;2026-09-04;5.73;38;217.74;6.92;38;263.07;1.19;4.42;27;119.36;-2.5
ORCOPAMPA FOALI;REGIMEN 2;RANCHO 2;2026-09-05;4.6;36;165.6;4.61;36;165.87;0.01;10.89;31;337.62;6.28
ORCOPAMPA FOALI;REGIMEN 2;RANCHO 2;2026-09-06;7.28;200;1456;7.28;200;1455.87;0;10.43;202;2107.75;3.16
ORCOPAMPA FOALI;REGIMEN 2;RANCHO 2;2026-09-07;2.97;38;112.86;4.17;38;158.31;1.2;10.77;44;474.02;6.61
ORCOPAMPA FOALI;REGIMEN 2;RANCHO 2;2026-09-08;6.74;38;256.12;7.22;38;274.49;0.48;9.74;43;418.96;2.52
ORCOPAMPA FOALI;REGIMEN 2;RANCHO 2;2026-09-09;3.03;38;115.14;4.23;38;160.59;1.2;9.59;33;316.49;5.36
ORCOPAMPA FOALI;REGIMEN 2;RANCHO 2;2026-09-10;4.56;38;173.28;4.56;38;173.37;0;7.99;30;239.6;3.42
ORCOPAMPA FOALI;REGIMEN 2;RANCHO 2;2026-09-11;5.73;38;217.74;5.73;38;217.85;0;5.88;34;200.07;0.15
ORCOPAMPA FOALI;REGIMEN 2;RANCHO 2;2026-09-12;3.61;36;129.96;3.62;36;130.17;0.01;11.33;34;385.28;7.72
ORCOPAMPA FOALI;REGIMEN 2;RANCHO 2;2026-09-13;7.02;200;1404;7.02;200;1404.91;0;9.96;187;1862.88;2.94
ORCOPAMPA FOALI;REGIMEN 2;RANCHO 2;2026-09-14;2.97;38;112.86;4.17;38;158.31;1.2;10.15;37;375.62;5.99
ORCOPAMPA FOALI;REGIMEN 2;RANCHO 2;2026-09-15;6.74;38;256.12;8.23;37;304.63;1.49;9.68;37;358.19;1.45
ORCOPAMPA FOALI;REGIMEN 2;RANCHO 2;2026-09-16;3.03;38;115.14;9.1;32;291.29;6.07;9.02;32;288.62;-0.08
ORCOPAMPA FOALI;REGIMEN 2;RANCHO 2;2026-09-17;4.56;38;173.28;6.68;29;193.67;2.12;8.1;29;234.86;1.42
ORCOPAMPA FOALI;REGIMEN 2;RANCHO 2;2026-09-18;5.73;38;217.74;7.01;38;266.28;1.28;6.9;34;234.75;-0.1
ORCOPAMPA FOALI;REGIMEN 2;RANCHO 2;2026-09-19;4.44;36;159.84;9.87;36;355.4;5.43;10.41;36;374.72;0.54
ORCOPAMPA FOALI;REGIMEN 2;RANCHO 2;2026-09-20;7.28;200;1456;8.91;194;1729.29;1.63;9.97;194;1934.99;1.06
ORCOPAMPA FOALI;REGIMEN 2;RANCHO 2;2026-09-21;2.97;38;112.86;4.25;38;161.52;1.28;10.77;40;430.72;6.52
ORCOPAMPA FOALI;REGIMEN 2;RANCHO 2;2026-09-22;6.74;38;256.12;7.31;38;277.7;0.57;9.85;44;433.27;2.54
ORCOPAMPA FOALI;REGIMEN 2;RANCHO 2;2026-09-23;3.73;38;141.74;3.82;38;145.3;0.09;8.95;40;358.09;5.13
ORCOPAMPA FOALI;REGIMEN 2;RANCHO 2;2026-09-24;3.31;38;125.78;2.09;38;79.36;-1.22;6.39;36;230.05;4.3
ORCOPAMPA FOALI;REGIMEN 2;RANCHO 2;2026-09-25;6.98;38;265.24;7.04;38;267.59;0.06;6.42;35;224.65;-0.62
ORCOPAMPA FOALI;REGIMEN 2;RANCHO 2;2026-09-26;3.61;36;129.96;3.58;36;128.82;-0.03;17.89;35;626.01;14.31
ORCOPAMPA FOALI;REGIMEN 2;RANCHO 2;2026-09-27;7.28;200;1456;7.34;200;1468.36;0.06;9.36;171;1600.63;2.02
ORCOPAMPA FOALI;REGIMEN 2;RANCHO 2;2026-09-28;2.97;38;112.86;4.23;38;160.68;1.26;8.97;39;349.75;4.74
ORCOPAMPA FOALI;REGIMEN 2;RANCHO 2;2026-09-29;6.74;38;256.12;7.29;38;276.86;0.55;11.91;33;392.91;4.62
ORCOPAMPA FOALI;REGIMEN 2;RANCHO 2;2026-09-30;3.03;38;115.14;4.29;38;162.96;1.26;8.23;36;296.43;3.95
ORCOPAMPA FOALI;REGIMEN 2;RANCHO 2;2026-10-01;3.34;38;126.92;3.33;38;126.72;-0.01;0;0;0;0
ORCOPAMPA FOALI;REGIMEN 2;RANCHO 2;2026-10-02;6.99;38;265.62;6.99;38;265.45;0;0;0;0;0
ORCOPAMPA FOALI;REGIMEN 2;RANCHO 2;2026-10-03;3.58;36;128.88;3.58;36;128.82;0;0;0;0;0
ORCOPAMPA FOALI;REGIMEN 2;LONCHERA BAJADA;2026-08-07;4.94;10;49.4;4.95;10;49.47;0.01;0;0;0;0
ORCOPAMPA FOALI;REGIMEN 2;LONCHERA BAJADA;2026-08-14;4.65;10;46.5;4.66;10;46.59;0.01;0;0;0;0
ORCOPAMPA FOALI;REGIMEN 2;LONCHERA BAJADA;2026-08-21;4.65;10;46.5;4.66;10;46.59;0.01;0;0;0;0
ORCOPAMPA FOALI;REGIMEN 2;LONCHERA BAJADA;2026-08-28;4.78;10;47.8;4.79;10;47.86;0.01;0;0;0;0
ORCOPAMPA FOALI;REGIMEN 2;LONCHERA BAJADA;2026-09-04;4.79;10;47.9;4.79;10;47.86;0;0;0;0;0
ORCOPAMPA FOALI;REGIMEN 2;LONCHERA BAJADA;2026-09-11;4.79;10;47.9;3.96;10;39.61;-0.83;0;0;0;0
ORCOPAMPA FOALI;REGIMEN 2;LONCHERA BAJADA;2026-09-18;4.79;10;47.9;4.87;10;48.7;0.08;0;0;0;0
ORCOPAMPA FOALI;REGIMEN 2;LONCHERA BAJADA;2026-09-25;4.66;10;46.6;4.73;10;47.27;0.07;0;0;0;0
ORCOPAMPA FOALI;REGIMEN 2;LONCHERA BAJADA;2026-10-02;4.03;10;40.3;4.03;10;40.25;0;0;0;0;0
ORCOPAMPA FOALI;REGIMEN 3;ALMUERZO NORMAL 1;2026-08-01;6.75;514;3469.65;6.59;490;3231.36;-0.16;9.16;536;4912.06;2.57
ORCOPAMPA FOALI;REGIMEN 3;ALMUERZO NORMAL 1;2026-08-02;7.73;232;1793.7;7.68;210;1613;-0.05;8.93;240;2142.79;1.25
ORCOPAMPA FOALI;REGIMEN 3;ALMUERZO NORMAL 1;2026-08-03;8.08;524;4235.33;7.9;490;3871.36;-0.18;8.03;537;4314.62;0.13
ORCOPAMPA FOALI;REGIMEN 3;ALMUERZO NORMAL 1;2026-08-04;6.25;524;3274.41;6.62;490;3246.12;0.38;6.54;534;3489.73;-0.09
ORCOPAMPA FOALI;REGIMEN 3;ALMUERZO NORMAL 1;2026-08-05;9.17;524;4803.41;9.07;490;4445.78;-0.09;7.97;533;4247.62;-1.1
ORCOPAMPA FOALI;REGIMEN 3;ALMUERZO NORMAL 1;2026-08-06;7.29;524;3817.71;7.54;490;3693.64;0.25;7.68;501;3846;0.14
ORCOPAMPA FOALI;REGIMEN 3;ALMUERZO NORMAL 1;2026-08-07;7.42;524;3885.6;6.97;490;3417.39;-0.44;6.11;557;3403.62;-0.86
ORCOPAMPA FOALI;REGIMEN 3;ALMUERZO NORMAL 1;2026-08-08;10.98;514;5643.44;10.54;490;5164.13;-0.44;9.42;560;5277.03;-1.12
ORCOPAMPA FOALI;REGIMEN 3;ALMUERZO NORMAL 1;2026-08-09;7.83;232;1816.42;7.42;250;1855.73;-0.41;8.88;285;2530.24;1.46
ORCOPAMPA FOALI;REGIMEN 3;ALMUERZO NORMAL 1;2026-08-10;8.44;524;4421.72;7.68;500;3842.33;-0.75;7.98;546;4357.83;0.3
ORCOPAMPA FOALI;REGIMEN 3;ALMUERZO NORMAL 1;2026-08-11;7.41;524;3884.29;6.95;500;3473.25;-0.47;6.89;553;3807.98;-0.06
ORCOPAMPA FOALI;REGIMEN 3;ALMUERZO NORMAL 1;2026-08-12;11.14;524;5835.25;10.75;510;5482.08;-0.39;9.57;576;5515.03;-1.17
ORCOPAMPA FOALI;REGIMEN 3;ALMUERZO NORMAL 1;2026-08-13;6.74;524;3533.47;6.69;510;3413.87;-0.05;6.17;554;3417.81;-0.52
ORCOPAMPA FOALI;REGIMEN 3;ALMUERZO NORMAL 1;2026-08-14;7.94;524;4161.1;8.24;520;4282.69;0.29;7.97;542;4321.73;-0.26
ORCOPAMPA FOALI;REGIMEN 3;ALMUERZO NORMAL 1;2026-08-15;10.04;514;5158.18;12.33;520;6412.08;2.3;10.75;569;6116.14;-1.58
ORCOPAMPA FOALI;REGIMEN 3;ALMUERZO NORMAL 1;2026-08-16;9.19;232;2132.88;13.25;240;3179.47;4.05;10.93;268;2928.48;-2.32
ORCOPAMPA FOALI;REGIMEN 3;ALMUERZO NORMAL 1;2026-08-17;7.49;524;3922.57;7.97;500;3983.39;0.48;6.43;549;3527.58;-1.54
ORCOPAMPA FOALI;REGIMEN 3;ALMUERZO NORMAL 1;2026-08-18;7.82;524;4098.15;8.19;500;4095.08;0.37;6.28;552;3466.38;-1.91
ORCOPAMPA FOALI;REGIMEN 3;ALMUERZO NORMAL 1;2026-08-19;10.7;524;5608.4;10.78;510;5499.42;0.08;9.59;571;5474.05;-1.2
ORCOPAMPA FOALI;REGIMEN 3;ALMUERZO NORMAL 1;2026-08-20;7.66;524;4011.63;7.58;510;3866.8;-0.07;7.58;556;4213.98;0
ORCOPAMPA FOALI;REGIMEN 3;ALMUERZO NORMAL 1;2026-08-21;10.28;524;5387.17;9.42;510;4803.17;-0.86;4.88;879;4292.57;-4.53
ORCOPAMPA FOALI;REGIMEN 3;ALMUERZO NORMAL 1;2026-08-22;12.35;514;6346.6;11.19;510;5707.85;-1.16;9.3;570;5299.55;-1.89
ORCOPAMPA FOALI;REGIMEN 3;ALMUERZO NORMAL 1;2026-08-23;8.89;232;2062.57;9.35;230;2151.11;0.46;8.39;257;2156.38;-0.96
ORCOPAMPA FOALI;REGIMEN 3;ALMUERZO NORMAL 1;2026-08-24;7.46;524;3908.45;7.97;500;3984.13;0.51;7.25;550;3986.74;-0.72
ORCOPAMPA FOALI;REGIMEN 3;ALMUERZO NORMAL 1;2026-08-25;7.53;524;3943.53;7.63;500;3816.56;0.11;7.54;548;4133.95;-0.09
ORCOPAMPA FOALI;REGIMEN 3;ALMUERZO NORMAL 1;2026-08-26;9.2;524;4822.9;8.78;500;4389.9;-0.42;7.75;572;4431.14;-1.03
ORCOPAMPA FOALI;REGIMEN 3;ALMUERZO NORMAL 1;2026-08-27;12.23;524;6407.73;12.5;500;6250.3;0.27;10.47;580;6069.95;-2.04
ORCOPAMPA FOALI;REGIMEN 3;ALMUERZO NORMAL 1;2026-08-28;8.65;524;4530.01;8.1;500;4050.76;-0.54;7.43;581;4319.6;-0.67
ORCOPAMPA FOALI;REGIMEN 3;ALMUERZO NORMAL 1;2026-08-29;6.44;514;3310.9;5.92;500;2958.2;-0.53;6.27;590;3701.89;0.36
ORCOPAMPA FOALI;REGIMEN 3;ALMUERZO NORMAL 1;2026-08-30;7.28;232;1688.1;7.12;200;1424.4;-0.15;6.64;337;2239.04;-0.48
ORCOPAMPA FOALI;REGIMEN 3;ALMUERZO NORMAL 1;2026-08-31;7.95;524;4166.22;7.35;500;3674.16;-0.6;7.32;584;4277.47;-0.02
ORCOPAMPA FOALI;REGIMEN 3;ALMUERZO NORMAL 1;2026-09-01;6.14;524;3214.99;7.03;500;3513.25;0.89;5.78;619;3576.57;-1.25
ORCOPAMPA FOALI;REGIMEN 3;ALMUERZO NORMAL 1;2026-09-02;11.22;524;5878.56;11.35;500;5672.72;0.13;10.43;592;6171.65;-0.92
ORCOPAMPA FOALI;REGIMEN 3;ALMUERZO NORMAL 1;2026-09-03;7.97;524;4178.72;8.16;500;4078.91;0.18;8.92;565;5040.6;0.76
ORCOPAMPA FOALI;REGIMEN 3;ALMUERZO NORMAL 1;2026-09-04;5.64;524;2954.5;6.58;500;3287.86;0.94;6.07;565;3427.49;-0.51
ORCOPAMPA FOALI;REGIMEN 3;ALMUERZO NORMAL 1;2026-09-05;8.92;514;4585.86;10.07;500;5035.3;1.15;10.34;554;5731.05;0.27
ORCOPAMPA FOALI;REGIMEN 3;ALMUERZO NORMAL 1;2026-09-06;9.24;232;2143.28;9.62;220;2117.42;0.39;10.19;247;2516.82;0.56
ORCOPAMPA FOALI;REGIMEN 3;ALMUERZO NORMAL 1;2026-09-07;9.63;524;5043.97;8.97;500;4484.95;-0.66;7.91;575;4549.78;-1.06
ORCOPAMPA FOALI;REGIMEN 3;ALMUERZO NORMAL 1;2026-09-08;8.08;524;4234.67;8.14;524;4262.78;0.05;7.85;578;4539.7;-0.28
ORCOPAMPA FOALI;REGIMEN 3;ALMUERZO NORMAL 1;2026-09-09;9.61;524;5035.94;11.04;500;5522.09;1.43;8.59;580;4982.92;-2.45
ORCOPAMPA FOALI;REGIMEN 3;ALMUERZO NORMAL 1;2026-09-10;8.31;524;4354.36;8.79;500;4396.67;0.48;9.1;575;5233.68;0.31
ORCOPAMPA FOALI;REGIMEN 3;ALMUERZO NORMAL 1;2026-09-11;8.12;524;4255.87;9.17;525;4812.08;1.04;8.04;583;4688.11;-1.12
ORCOPAMPA FOALI;REGIMEN 3;ALMUERZO NORMAL 1;2026-09-12;7.71;514;3964.7;11.53;500;5764.36;3.82;9.7;588;5701.5;-1.83
ORCOPAMPA FOALI;REGIMEN 3;ALMUERZO NORMAL 1;2026-09-13;7.19;232;1668.91;8.68;230;1996.71;1.49;7.75;294;2278.72;-0.93
ORCOPAMPA FOALI;REGIMEN 3;ALMUERZO NORMAL 1;2026-09-14;6.29;524;3298.53;7.03;510;3585.59;0.74;6.42;549;3526.9;-0.61
ORCOPAMPA FOALI;REGIMEN 3;ALMUERZO NORMAL 1;2026-09-15;6.34;524;3320.12;7.9;510;4029.96;1.57;6.94;577;4003.35;-0.96
ORCOPAMPA FOALI;REGIMEN 3;ALMUERZO NORMAL 1;2026-09-16;11.2;524;5866.4;13;510;6632.33;1.81;10.59;578;6123.32;-2.41
ORCOPAMPA FOALI;REGIMEN 3;ALMUERZO NORMAL 1;2026-09-17;6.93;524;3631.49;5.99;510;3052.38;-0.95;6.38;600;3830.95;0.4
ORCOPAMPA FOALI;REGIMEN 3;ALMUERZO NORMAL 1;2026-09-18;8.17;524;4278.62;8.01;510;4082.73;-0.16;7.71;599;4620.54;-0.29
ORCOPAMPA FOALI;REGIMEN 3;ALMUERZO NORMAL 1;2026-09-19;9.3;514;4782.68;9.68;510;4935.18;0.37;8.84;580;5125.62;-0.84
ORCOPAMPA FOALI;REGIMEN 3;ALMUERZO NORMAL 1;2026-09-20;7.04;232;1633.9;7.61;230;1750.3;0.57;7.03;298;2095.08;-0.58
ORCOPAMPA FOALI;REGIMEN 3;ALMUERZO NORMAL 1;2026-09-21;6.91;524;3620.62;7.23;510;3687.87;0.32;8.8;541;4761.01;1.57
ORCOPAMPA FOALI;REGIMEN 3;ALMUERZO NORMAL 1;2026-09-22;7.42;524;3890.22;7.8;540;4213.47;0.38;7.76;560;4343.17;-0.05
ORCOPAMPA FOALI;REGIMEN 3;ALMUERZO NORMAL 1;2026-09-23;8.43;524;4416.55;11.59;540;6259.87;3.16;11.42;559;6382.54;-0.17
ORCOPAMPA FOALI;REGIMEN 3;ALMUERZO NORMAL 1;2026-09-24;8.98;524;4705.51;9.03;530;4787.36;0.05;9.6;618;5934.29;0.57
ORCOPAMPA FOALI;REGIMEN 3;ALMUERZO NORMAL 1;2026-09-25;9.76;524;5114.23;11.4;545;6210.46;1.64;9.64;607;5851.21;-1.76
ORCOPAMPA FOALI;REGIMEN 3;ALMUERZO NORMAL 1;2026-09-26;8.12;514;4171.41;9.89;530;5240.71;1.77;9.66;592;5718.58;-0.23
ORCOPAMPA FOALI;REGIMEN 3;ALMUERZO NORMAL 1;2026-09-27;6.24;232;1447.83;8.53;280;2389.27;2.29;7.56;307;2320.5;-0.97
ORCOPAMPA FOALI;REGIMEN 3;ALMUERZO NORMAL 1;2026-09-28;7.27;524;3809.56;8.52;520;4428.99;1.25;7.92;594;4704.4;-0.6
ORCOPAMPA FOALI;REGIMEN 3;ALMUERZO NORMAL 1;2026-09-29;6.15;524;3221.39;6.86;520;3568.6;0.72;6.44;602;3875.37;-0.43
ORCOPAMPA FOALI;REGIMEN 3;ALMUERZO NORMAL 1;2026-09-30;9.2;524;4823.09;9.16;524;4802.33;-0.04;8.31;604;5018.82;-0.86
ORCOPAMPA FOALI;REGIMEN 3;ALMUERZO NORMAL 1;2026-10-01;8.63;530;4575.55;8.63;520;4485.89;-0.01;0;0;0;0
ORCOPAMPA FOALI;REGIMEN 3;ALMUERZO NORMAL 1;2026-10-02;6.62;530;3506.78;6.93;520;3602.17;0.31;0;0;0;0
ORCOPAMPA FOALI;REGIMEN 3;ALMUERZO NORMAL 1;2026-10-03;8.95;518;4638.56;10.71;520;5571.41;1.76;0;0;0;0
ORCOPAMPA FOALI;REGIMEN 3;CENA NORMAL 1;2026-08-01;4.98;220;1095.39;4.83;210;1015.32;-0.14;4.16;307;1277.87;-0.67
ORCOPAMPA FOALI;REGIMEN 3;CENA NORMAL 1;2026-08-02;4.48;120;537.81;4.45;100;444.74;-0.03;5.27;135;710.83;0.82
ORCOPAMPA FOALI;REGIMEN 3;CENA NORMAL 1;2026-08-03;5.72;230;1315.53;5.6;220;1232.49;-0.12;4.78;294;1406.67;-0.82
ORCOPAMPA FOALI;REGIMEN 3;CENA NORMAL 1;2026-08-04;4.82;230;1107.91;5.34;210;1121.47;0.52;4.05;280;1134.9;-1.29
ORCOPAMPA FOALI;REGIMEN 3;CENA NORMAL 1;2026-08-05;4.88;230;1122.39;5.1;210;1071.55;0.22;6.46;261;1686.05;1.36
ORCOPAMPA FOALI;REGIMEN 3;CENA NORMAL 1;2026-08-06;6.94;230;1596.6;6.77;210;1420.89;-0.18;7.05;277;1952.81;0.28
ORCOPAMPA FOALI;REGIMEN 3;CENA NORMAL 1;2026-08-07;5.69;230;1309.29;6.17;220;1356.46;0.47;6.31;289;1822.3;0.14
ORCOPAMPA FOALI;REGIMEN 3;CENA NORMAL 1;2026-08-08;6.08;220;1337.91;5.94;215;1276.3;-0.15;4.44;310;1377.24;-1.49
ORCOPAMPA FOALI;REGIMEN 3;CENA NORMAL 1;2026-08-09;5.21;120;625.23;5.15;130;669.78;-0.06;4.59;198;909.13;-0.56
ORCOPAMPA FOALI;REGIMEN 3;CENA NORMAL 1;2026-08-10;5.51;230;1267.33;5.14;220;1129.92;-0.37;4.38;286;1253.56;-0.75
ORCOPAMPA FOALI;REGIMEN 3;CENA NORMAL 1;2026-08-11;5.56;230;1279.06;4.75;230;1091.42;-0.82;5.49;286;1569.66;0.74
ORCOPAMPA FOALI;REGIMEN 3;CENA NORMAL 1;2026-08-12;6.3;230;1448.79;5.86;240;1405.72;-0.44;6.51;272;1770.19;0.65
ORCOPAMPA FOALI;REGIMEN 3;CENA NORMAL 1;2026-08-13;7.04;230;1619.37;7.4;230;1701;0.35;7.39;287;2120.4;-0.01
ORCOPAMPA FOALI;REGIMEN 3;CENA NORMAL 1;2026-08-14;4.06;230;933.24;4.27;230;982.25;0.21;4.9;288;1410.43;0.63
ORCOPAMPA FOALI;REGIMEN 3;CENA NORMAL 1;2026-08-15;6.24;220;1372.03;6.57;230;1511.08;0.33;5.5;272;1495.05;-1.07
ORCOPAMPA FOALI;REGIMEN 3;CENA NORMAL 1;2026-08-16;5.29;120;635.25;6.51;120;781.25;1.22;6.15;142;873.08;-0.36
ORCOPAMPA FOALI;REGIMEN 3;CENA NORMAL 1;2026-08-17;4.49;230;1032.37;5.02;220;1104.57;0.53;5.12;258;1321.62;0.1
ORCOPAMPA FOALI;REGIMEN 3;CENA NORMAL 1;2026-08-18;6;230;1380.16;6.18;230;1421.65;0.18;5.84;289;1688.52;-0.34
ORCOPAMPA FOALI;REGIMEN 3;CENA NORMAL 1;2026-08-19;4.24;230;975.63;4.08;230;939.37;-0.16;4.33;299;1296.1;0.25
ORCOPAMPA FOALI;REGIMEN 3;CENA NORMAL 1;2026-08-20;6.38;230;1467.39;6.85;220;1507.37;0.47;4.09;288;1177.54;-2.76
ORCOPAMPA FOALI;REGIMEN 3;CENA NORMAL 1;2026-08-21;5.81;230;1335.2;5.86;230;1348.06;0.06;7.75;289;2240.84;1.89
ORCOPAMPA FOALI;REGIMEN 3;CENA NORMAL 1;2026-08-22;5.84;220;1283.74;6.04;230;1390.08;0.21;4.17;282;1176.74;-1.87
ORCOPAMPA FOALI;REGIMEN 3;CENA NORMAL 1;2026-08-23;6.73;120;807.47;5.73;140;801.87;-1;3.32;163;540.53;-2.41
ORCOPAMPA FOALI;REGIMEN 3;CENA NORMAL 1;2026-08-24;4.18;230;960.56;4.59;230;1055.77;0.41;3.75;290;1088.28;-0.84
ORCOPAMPA FOALI;REGIMEN 3;CENA NORMAL 1;2026-08-25;5.79;230;1331.57;5.72;220;1259.06;-0.07;4.27;282;1204.52;-1.45
ORCOPAMPA FOALI;REGIMEN 3;CENA NORMAL 1;2026-08-26;5.82;230;1339.15;6.63;230;1525.42;0.81;5.87;279;1637.06;-0.76
ORCOPAMPA FOALI;REGIMEN 3;CENA NORMAL 1;2026-08-27;4.46;230;1025.14;4.6;230;1058.78;0.15;3.77;295;1111.54;-0.84
ORCOPAMPA FOALI;REGIMEN 3;CENA NORMAL 1;2026-08-28;4.5;230;1035.6;4.91;220;1080.4;0.41;3.95;293;1157.53;-0.96
ORCOPAMPA FOALI;REGIMEN 3;CENA NORMAL 1;2026-08-29;4.41;220;970.89;4.25;220;935.58;-0.16;4.01;305;1221.62;-0.25
ORCOPAMPA FOALI;REGIMEN 3;CENA NORMAL 1;2026-08-30;4.84;120;580.88;5.23;100;523.49;0.39;4.39;139;609.61;-0.85
ORCOPAMPA FOALI;REGIMEN 3;CENA NORMAL 1;2026-08-31;5.71;230;1312.39;6.4;230;1472.02;0.69;5.88;291;1710.62;-0.52
ORCOPAMPA FOALI;REGIMEN 3;CENA NORMAL 1;2026-09-01;4.54;240;1089.67;4.41;230;1013.74;-0.13;5.23;264;1381.72;0.83
ORCOPAMPA FOALI;REGIMEN 3;CENA NORMAL 1;2026-09-02;5.36;240;1286.1;5.81;230;1336.63;0.45;6.78;266;1803.35;0.97
ORCOPAMPA FOALI;REGIMEN 3;CENA NORMAL 1;2026-09-03;5.01;240;1201.82;5.33;230;1225.93;0.32;5.88;282;1658.73;0.55
ORCOPAMPA FOALI;REGIMEN 3;CENA NORMAL 1;2026-09-04;5.78;240;1388.36;6.12;230;1407.29;0.33;6.2;277;1718.2;0.08
ORCOPAMPA FOALI;REGIMEN 3;CENA NORMAL 1;2026-09-05;5.32;218;1158.88;4.65;230;1068.91;-0.67;5.39;282;1518.97;0.74
ORCOPAMPA FOALI;REGIMEN 3;CENA NORMAL 1;2026-09-06;9.5;122;1158.83;10.19;130;1325.13;0.69;7.76;151;1172.18;-2.43
ORCOPAMPA FOALI;REGIMEN 3;CENA NORMAL 1;2026-09-07;4.6;240;1103.46;5.03;230;1156.85;0.43;4.16;284;1181.94;-0.87
ORCOPAMPA FOALI;REGIMEN 3;CENA NORMAL 1;2026-09-08;5.55;240;1331.8;6.26;230;1440.9;0.72;3.69;350;1291.71;-2.57
ORCOPAMPA FOALI;REGIMEN 3;CENA NORMAL 1;2026-09-09;4.86;240;1166.77;5.67;230;1304.85;0.81;4.84;287;1389.95;-0.83
ORCOPAMPA FOALI;REGIMEN 3;CENA NORMAL 1;2026-09-10;5.4;240;1295.56;5.69;230;1307.84;0.29;3.42;285;973.42;-2.27
ORCOPAMPA FOALI;REGIMEN 3;CENA NORMAL 1;2026-09-11;4.84;240;1160.47;4.44;245;1086.74;-0.4;4.22;286;1206.76;-0.22
ORCOPAMPA FOALI;REGIMEN 3;CENA NORMAL 1;2026-09-12;5.16;218;1124.9;5.4;220;1188.09;0.24;4.9;275;1346.43;-0.5
ORCOPAMPA FOALI;REGIMEN 3;CENA NORMAL 1;2026-09-13;3.64;122;444.49;4.08;120;489.67;0.44;3.3;195;642.67;-0.78
ORCOPAMPA FOALI;REGIMEN 3;CENA NORMAL 1;2026-09-14;5.91;240;1417.97;6.55;230;1506.84;0.64;4.6;294;1353.35;-1.95
ORCOPAMPA FOALI;REGIMEN 3;CENA NORMAL 1;2026-09-15;5.91;240;1417.49;6.8;230;1564.21;0.89;4.83;323;1559.68;-1.97
ORCOPAMPA FOALI;REGIMEN 3;CENA NORMAL 1;2026-09-16;5.72;240;1373.8;5.85;240;1402.91;0.12;4.12;316;1301.64;-1.73
ORCOPAMPA FOALI;REGIMEN 3;CENA NORMAL 1;2026-09-17;5.11;240;1225.38;5.51;230;1268.26;0.41;4.34;329;1427.44;-1.18
ORCOPAMPA FOALI;REGIMEN 3;CENA NORMAL 1;2026-09-18;5.57;240;1335.63;5.91;240;1417.62;0.34;5.05;336;1696.47;-0.86
ORCOPAMPA FOALI;REGIMEN 3;CENA NORMAL 1;2026-09-19;4.64;218;1011.65;5.26;230;1208.77;0.61;4.03;329;1325.01;-1.23
ORCOPAMPA FOALI;REGIMEN 3;CENA NORMAL 1;2026-09-20;5.36;122;654.28;6.34;140;887.97;0.98;4.71;220;1036.06;-1.63
ORCOPAMPA FOALI;REGIMEN 3;CENA NORMAL 1;2026-09-21;5.47;240;1311.6;5.68;230;1307.46;0.22;4.98;295;1467.82;-0.71
ORCOPAMPA FOALI;REGIMEN 3;CENA NORMAL 1;2026-09-22;4.5;240;1078.94;4.7;290;1364.23;0.21;4.99;323;1610.74;0.28
ORCOPAMPA FOALI;REGIMEN 3;CENA NORMAL 1;2026-09-23;4.94;240;1186.22;5.16;290;1497.81;0.22;5.57;319;1775.79;0.4
ORCOPAMPA FOALI;REGIMEN 3;CENA NORMAL 1;2026-09-24;4.95;240;1188.46;7.16;280;2004.23;2.21;7.08;310;2194.95;-0.08
ORCOPAMPA FOALI;REGIMEN 3;CENA NORMAL 1;2026-09-25;3.99;240;958.25;3.15;265;835.66;-0.84;5.84;300;1752;2.69
ORCOPAMPA FOALI;REGIMEN 3;CENA NORMAL 1;2026-09-26;4.97;218;1082.98;5.59;240;1340.73;0.62;5.63;304;1710.87;0.04
ORCOPAMPA FOALI;REGIMEN 3;CENA NORMAL 1;2026-09-27;4.08;122;497.6;4.54;140;636.24;0.47;3.79;178;674.66;-0.75
ORCOPAMPA FOALI;REGIMEN 3;CENA NORMAL 1;2026-09-28;5.64;240;1353.71;6.05;260;1572.93;0.41;5.31;314;1667.23;-0.74
ORCOPAMPA FOALI;REGIMEN 3;CENA NORMAL 1;2026-09-29;4.65;240;1115.59;4.69;250;1172.4;0.04;4.18;303;1267.61;-0.51
ORCOPAMPA FOALI;REGIMEN 3;CENA NORMAL 1;2026-09-30;4.29;240;1029.24;6.27;250;1567.87;1.98;5.23;302;1579.01;-1.04
ORCOPAMPA FOALI;REGIMEN 3;CENA NORMAL 1;2026-10-01;6.88;278;1912.19;6.63;250;1656.76;-0.25;0;0;0;0
ORCOPAMPA FOALI;REGIMEN 3;CENA NORMAL 1;2026-10-02;5.39;278;1498.9;5.89;260;1532.46;0.5;0;0;0;0
ORCOPAMPA FOALI;REGIMEN 3;CENA NORMAL 1;2026-10-03;5.83;278;1620.61;6.2;250;1549.55;0.37;0;0;0;0
ORCOPAMPA FOALI;REGIMEN GENERAL;CONSUMO FIJO FOOD;2026-08-01;0.27;870;234.9;0.26;870;225.39;-0.01;0.14;936;130.95;-0.12
ORCOPAMPA FOALI;REGIMEN GENERAL;CONSUMO FIJO FOOD;2026-08-02;0.27;870;234.9;0.26;870;225.39;-0.01;0.36;471;171.61;0.11
ORCOPAMPA FOALI;REGIMEN GENERAL;CONSUMO FIJO FOOD;2026-08-03;0.27;870;234.9;0.26;870;225.36;-0.01;0.64;903;575.57;0.38
ORCOPAMPA FOALI;REGIMEN GENERAL;CONSUMO FIJO FOOD;2026-08-04;0.27;870;234.9;0.26;870;225.36;-0.01;0.31;911;282.82;0.05
ORCOPAMPA FOALI;REGIMEN GENERAL;CONSUMO FIJO FOOD;2026-08-05;0.27;870;234.9;0.26;870;225.36;-0.01;0.26;874;226.04;0
ORCOPAMPA FOALI;REGIMEN GENERAL;CONSUMO FIJO FOOD;2026-08-06;0.27;870;234.9;0.26;870;225.36;-0.01;0.31;855;266.02;0.05
ORCOPAMPA FOALI;REGIMEN GENERAL;CONSUMO FIJO FOOD;2026-08-07;0.27;870;234.9;0.27;870;237.82;0;0.46;926;425.76;0.19
ORCOPAMPA FOALI;REGIMEN GENERAL;CONSUMO FIJO FOOD;2026-08-08;0.27;870;234.9;0.27;870;237.82;0;0.48;945;456.55;0.21
ORCOPAMPA FOALI;REGIMEN GENERAL;CONSUMO FIJO FOOD;2026-08-09;0.27;870;234.9;0.27;870;237.82;0;0.32;583;183.87;0.04
ORCOPAMPA FOALI;REGIMEN GENERAL;CONSUMO FIJO FOOD;2026-08-10;0.27;870;234.9;0.27;870;237.82;0;0.44;897;393.18;0.17
ORCOPAMPA FOALI;REGIMEN GENERAL;CONSUMO FIJO FOOD;2026-08-11;0.27;870;234.9;0.27;870;237.82;0;0.7;946;663.61;0.43
ORCOPAMPA FOALI;REGIMEN GENERAL;CONSUMO FIJO FOOD;2026-08-12;0.27;870;234.9;0.27;870;237.82;0;0.48;942;453.99;0.21
ORCOPAMPA FOALI;REGIMEN GENERAL;CONSUMO FIJO FOOD;2026-08-13;0.27;870;234.9;0.27;870;237.82;0;0.38;921;351.08;0.11
ORCOPAMPA FOALI;REGIMEN GENERAL;CONSUMO FIJO FOOD;2026-08-14;0.27;870;234.9;0.27;870;237.82;0;0.83;923;762.78;0.55
ORCOPAMPA FOALI;REGIMEN GENERAL;CONSUMO FIJO FOOD;2026-08-15;0.27;870;234.9;0.27;870;237.82;0;0.5;913;454.76;0.22
ORCOPAMPA FOALI;REGIMEN GENERAL;CONSUMO FIJO FOOD;2026-08-16;0.27;870;234.9;0.27;870;237.82;0;0.3;547;166.46;0.03
ORCOPAMPA FOALI;REGIMEN GENERAL;CONSUMO FIJO FOOD;2026-08-17;0.27;870;234.9;0.27;870;237.82;0;0.57;888;508.59;0.3
ORCOPAMPA FOALI;REGIMEN GENERAL;CONSUMO FIJO FOOD;2026-08-18;0.27;870;234.9;0.27;870;237.82;0;0.31;1119;341.85;0.03
ORCOPAMPA FOALI;REGIMEN GENERAL;CONSUMO FIJO FOOD;2026-08-19;0.27;870;234.9;0.27;870;237.82;0;0.29;1168;336.92;0.02
ORCOPAMPA FOALI;REGIMEN GENERAL;CONSUMO FIJO FOOD;2026-08-20;0.27;870;234.9;0.27;870;237.82;0;0.34;1128;385.91;0.07
ORCOPAMPA FOALI;REGIMEN GENERAL;CONSUMO FIJO FOOD;2026-08-21;0.27;870;234.9;0.27;870;237.82;0;0.57;1168;660.98;0.29
ORCOPAMPA FOALI;REGIMEN GENERAL;CONSUMO FIJO FOOD;2026-08-22;0.27;870;234.9;0.27;870;237.82;0;0.46;1151;528.77;0.19
ORCOPAMPA FOALI;REGIMEN GENERAL;CONSUMO FIJO FOOD;2026-08-23;0.27;870;234.9;0.27;870;237.82;0;0.35;764;264.48;0.07
ORCOPAMPA FOALI;REGIMEN GENERAL;CONSUMO FIJO FOOD;2026-08-24;0.27;870;234.9;0.27;870;237.82;0;0.43;1211;522.82;0.16
ORCOPAMPA FOALI;REGIMEN GENERAL;CONSUMO FIJO FOOD;2026-08-25;0.27;870;234.9;0.27;870;237.82;0;0.62;1185;736.09;0.35
ORCOPAMPA FOALI;REGIMEN GENERAL;CONSUMO FIJO FOOD;2026-08-26;0.27;870;234.9;0.27;870;237.82;0;0.11;1187;130.07;-0.16
ORCOPAMPA FOALI;REGIMEN GENERAL;CONSUMO FIJO FOOD;2026-08-27;0.27;870;234.9;0.27;870;237.82;0;0.32;1229;393.59;0.05
ORCOPAMPA FOALI;REGIMEN GENERAL;CONSUMO FIJO FOOD;2026-08-28;0.27;870;234.9;0.27;870;237.82;0;0.2;1197;242.51;-0.07
ORCOPAMPA FOALI;REGIMEN GENERAL;CONSUMO FIJO FOOD;2026-08-29;0.27;870;234.9;0.27;870;237.82;0;0.22;1207;262.86;-0.06
ORCOPAMPA FOALI;REGIMEN GENERAL;CONSUMO FIJO FOOD;2026-08-30;0.27;870;234.9;0.27;870;237.82;0;0.26;841;220.45;-0.01
ORCOPAMPA FOALI;REGIMEN GENERAL;CONSUMO FIJO FOOD;2026-08-31;0.27;870;234.9;0.27;870;237.82;0;0.31;1200;369.38;0.03
ORCOPAMPA FOALI;REGIMEN GENERAL;CONSUMO FIJO FOOD;2026-09-01;0.27;1000;270;0.27;1000;273.36;0;0.3;1244;372.55;0.03
ORCOPAMPA FOALI;REGIMEN GENERAL;CONSUMO FIJO FOOD;2026-09-02;0.27;1000;270;0.27;1000;273.48;0;0.19;1217;231.16;-0.08
ORCOPAMPA FOALI;REGIMEN GENERAL;CONSUMO FIJO FOOD;2026-09-03;0.27;1000;270;0.27;1000;273.48;0;0.12;1181;142.72;-0.15
ORCOPAMPA FOALI;REGIMEN GENERAL;CONSUMO FIJO FOOD;2026-09-04;0.27;1000;270;0.27;1000;273.48;0;0.38;1196;459.37;0.11
ORCOPAMPA FOALI;REGIMEN GENERAL;CONSUMO FIJO FOOD;2026-09-05;0.27;1000;270;0.27;1000;273.48;0;0.37;1195;438.48;0.09
ORCOPAMPA FOALI;REGIMEN GENERAL;CONSUMO FIJO FOOD;2026-09-06;0.27;1000;270;0.27;1000;273.48;0;0.29;803;230.28;0.01
ORCOPAMPA FOALI;REGIMEN GENERAL;CONSUMO FIJO FOOD;2026-09-07;0.27;1000;270;0.27;1000;273.48;0;0.18;1150;208.16;-0.09
ORCOPAMPA FOALI;REGIMEN GENERAL;CONSUMO FIJO FOOD;2026-09-08;0.27;1000;270;0.27;1000;273.48;0;0.36;1280;455.99;0.08
ORCOPAMPA FOALI;REGIMEN GENERAL;CONSUMO FIJO FOOD;2026-09-09;0.27;1000;270;0.27;1000;273.48;0;0.35;1224;430.36;0.08
ORCOPAMPA FOALI;REGIMEN GENERAL;CONSUMO FIJO FOOD;2026-09-10;0.27;1000;270;0.27;1000;273.48;0;0.59;1214;712.92;0.31
ORCOPAMPA FOALI;REGIMEN GENERAL;CONSUMO FIJO FOOD;2026-09-11;0.27;1000;270;0.27;1000;273.48;0;0.47;1224;570.14;0.19
ORCOPAMPA FOALI;REGIMEN GENERAL;CONSUMO FIJO FOOD;2026-09-12;0.27;1000;270;0.25;1000;249.84;-0.02;0.5;1213;605.44;0.25
ORCOPAMPA FOALI;REGIMEN GENERAL;CONSUMO FIJO FOOD;2026-09-13;0.27;1000;270;0.25;1000;249.77;-0.02;0.35;851;296.36;0.1
ORCOPAMPA FOALI;REGIMEN GENERAL;CONSUMO FIJO FOOD;2026-09-14;0.27;1000;270;0.25;1000;249.77;-0.02;0.14;1125;155.62;-0.11
ORCOPAMPA FOALI;REGIMEN GENERAL;CONSUMO FIJO FOOD;2026-09-15;0.27;1000;270;0.25;1000;249.77;-0.02;0.21;1273;265.66;-0.04
ORCOPAMPA FOALI;REGIMEN GENERAL;CONSUMO FIJO FOOD;2026-09-16;0.27;1000;270;0.25;1000;249.77;-0.02;0.24;1261;306.04;-0.01
ORCOPAMPA FOALI;REGIMEN GENERAL;CONSUMO FIJO FOOD;2026-09-17;0.27;1000;270;0.25;1000;249.77;-0.02;0.16;1293;204.84;-0.09
ORCOPAMPA FOALI;REGIMEN GENERAL;CONSUMO FIJO FOOD;2026-09-18;0.27;1000;270;0.25;1000;249.77;-0.02;0.14;1301;180.71;-0.11
ORCOPAMPA FOALI;REGIMEN GENERAL;CONSUMO FIJO FOOD;2026-09-19;0.27;1000;270;0.25;1000;249.77;-0.02;0.42;1299;548.31;0.17
ORCOPAMPA FOALI;REGIMEN GENERAL;CONSUMO FIJO FOOD;2026-09-20;0.27;1000;270;0.25;1000;249.77;-0.02;0.5;877;434.58;0.25
ORCOPAMPA FOALI;REGIMEN GENERAL;CONSUMO FIJO FOOD;2026-09-21;0.27;1000;270;0.25;1000;249.77;-0.02;0.49;1170;570.01;0.24
ORCOPAMPA FOALI;REGIMEN GENERAL;CONSUMO FIJO FOOD;2026-09-22;0.27;1000;270;0.25;1000;249.77;-0.02;0.33;1215;397.6;0.08
ORCOPAMPA FOALI;REGIMEN GENERAL;CONSUMO FIJO FOOD;2026-09-23;0.27;1000;270;0.25;1000;249.77;-0.02;0.3;1220;361.12;0.05
ORCOPAMPA FOALI;REGIMEN GENERAL;CONSUMO FIJO FOOD;2026-09-24;0.27;1000;270;0.25;1000;249.64;-0.02;0.34;1301;444.23;0.09
ORCOPAMPA FOALI;REGIMEN GENERAL;CONSUMO FIJO FOOD;2026-09-25;0.27;1000;270;0.25;1000;249.64;-0.02;0.69;1279;881.42;0.44
ORCOPAMPA FOALI;REGIMEN GENERAL;CONSUMO FIJO FOOD;2026-09-26;0.27;1000;270;0.25;1000;249.64;-0.02;0.47;1272;599.86;0.22
ORCOPAMPA FOALI;REGIMEN GENERAL;CONSUMO FIJO FOOD;2026-09-27;0.27;1000;270;0.25;1000;249.64;-0.02;0.32;865;273.43;0.07
ORCOPAMPA FOALI;REGIMEN GENERAL;CONSUMO FIJO FOOD;2026-09-28;0.27;1000;270;0.25;1000;249.64;-0.02;0.32;1216;389.82;0.07
ORCOPAMPA FOALI;REGIMEN GENERAL;CONSUMO FIJO FOOD;2026-09-29;0.27;1000;270;0.24;1000;244.03;-0.03;0.23;1273;288.69;-0.02
ORCOPAMPA FOALI;REGIMEN GENERAL;CONSUMO FIJO FOOD;2026-09-30;0.27;1000;270;0.24;1000;244.03;-0.03;0;1273;0;0
ORCOPAMPA FOALI;REGIMEN GENERAL;CONSUMO FIJO FOOD;2026-10-01;0.25;1000;250;0.24;1000;244.03;-0.01;0;0;0;0
ORCOPAMPA FOALI;REGIMEN GENERAL;CONSUMO FIJO FOOD;2026-10-02;0.25;1000;250;0.24;1000;244.03;-0.01;0;0;0;0
ORCOPAMPA FOALI;REGIMEN GENERAL;CONSUMO FIJO FOOD;2026-10-03;0.25;1000;250;0.24;1000;244.03;-0.01;0;0;0;0
ORCOPAMPA FOALI;REGIMEN GENERAL;CONSUMO FIJO TGM;2026-08-01;52.32;1;52.32;52.32;1;52.32;0;97.3;1;97.3;44.98
ORCOPAMPA FOALI;REGIMEN GENERAL;CONSUMO FIJO TGM;2026-08-02;52.32;1;52.32;52.32;1;52.32;0;73.44;1;73.44;21.12
ORCOPAMPA FOALI;REGIMEN GENERAL;CONSUMO FIJO TGM;2026-08-03;52.32;1;52.32;52.32;1;52.32;0;93.81;1;93.81;41.49
ORCOPAMPA FOALI;REGIMEN GENERAL;CONSUMO FIJO TGM;2026-08-04;52.32;1;52.32;52.32;1;52.32;0;22.58;1;22.58;-29.74
ORCOPAMPA FOALI;REGIMEN GENERAL;CONSUMO FIJO TGM;2026-08-05;52.32;1;52.32;52.32;1;52.32;0;105.1;1;105.1;52.78
ORCOPAMPA FOALI;REGIMEN GENERAL;CONSUMO FIJO TGM;2026-08-06;52.32;1;52.32;52.32;1;52.32;0;22.58;1;22.58;-29.74
ORCOPAMPA FOALI;REGIMEN GENERAL;CONSUMO FIJO TGM;2026-08-07;52.32;1;52.32;52.32;1;52.32;0;28.28;1;28.28;-24.04
ORCOPAMPA FOALI;REGIMEN GENERAL;CONSUMO FIJO TGM;2026-08-08;52.32;1;52.32;52.32;1;52.32;0;0;1;0;0
