nivel;servicio;mes;componentes;costo_piso;costo_medio;costo_techo;dia_mas_barato;dia_mas_caro;dias_dentro
REAL;ALMUERZO;2026-08;31;2.59;8.56;19.58;5.92;13.25;31/31
REAL;ALMUERZO;2026-09;31;2.56;8.98;20.23;5.99;13.00;30/30
REAL;ALMUERZO;2026-10;31;2.62;8.42;18.52;5.82;12.37;31/31
REAL;CENA;2026-08;25;1.71;5.56;11.45;4.08;7.40;31/31
REAL;CENA;2026-09;25;2.20;5.56;11.40;3.15;10.19;30/30
REAL;CENA;2026-10;25;1.86;5.12;10.72;3.78;6.63;31/31
REAL;DESAYUNO;2026-08;22;2.02;3.90;6.90;2.84;5.38;31/31
REAL;DESAYUNO;2026-09;22;1.60;4.08;8.26;3.13;5.77;30/30
REAL;DESAYUNO;2026-10;22;2.24;3.51;5.88;2.76;4.53;31/31
TEORICO;ALMUERZO;2026-08;31;3.36;8.56;18.98;6.25;12.35;31/31
TEORICO;ALMUERZO;2026-09;31;2.02;8.10;18.56;5.64;11.22;30/30
TEORICO;ALMUERZO;2026-10;31;2.62;8.36;18.57;5.81;12.38;31/31
TEORICO;CENA;2026-08;25;1.77;5.43;10.74;4.06;7.04;31/31
TEORICO;CENA;2026-09;25;1.55;5.14;11.09;3.64;9.50;30/30
TEORICO;CENA;2026-10;25;1.85;5.12;10.69;3.80;6.88;31/31
TEORICO;DESAYUNO;2026-08;22;2.40;3.47;5.69;2.81;4.31;31/31
TEORICO;DESAYUNO;2026-09;22;1.67;3.27;5.89;2.54;4.38;30/30
TEORICO;DESAYUNO;2026-10;22;2.22;3.43;5.77;2.76;4.53;31/31
