nivel;servicio;fecha;costo_minuta_dia;comensales;comensales_2
TEORICO;DESAYUNO;2026-10-01;2.99;520;
TEORICO;DESAYUNO;2026-10-02;3.53;520;
TEORICO;DESAYUNO;2026-10-03;3.34;514;
TEORICO;DESAYUNO;2026-10-04;3.64;480;
TEORICO;DESAYUNO;2026-10-05;3.78;520;
TEORICO;DESAYUNO;2026-10-06;3.11;520;
TEORICO;DESAYUNO;2026-10-07;3.57;520;
TEORICO;DESAYUNO;2026-10-08;3.09;520;
TEORICO;DESAYUNO;2026-10-09;3.45;520;
TEORICO;DESAYUNO;2026-10-10;2.76;514;
TEORICO;DESAYUNO;2026-10-11;3.55;480;
TEORICO;DESAYUNO;2026-10-12;3.45;520;
TEORICO;DESAYUNO;2026-10-13;2.94;520;
TEORICO;DESAYUNO;2026-10-14;3.26;520;
TEORICO;DESAYUNO;2026-10-15;3.85;520;
TEORICO;DESAYUNO;2026-10-16;3.23;520;
TEORICO;DESAYUNO;2026-10-17;3.7;514;
TEORICO;DESAYUNO;2026-10-18;3.65;480;
TEORICO;DESAYUNO;2026-10-19;4.06;520;
TEORICO;DESAYUNO;2026-10-20;3.14;520;
TEORICO;DESAYUNO;2026-10-21;4.53;520;
TEORICO;DESAYUNO;2026-10-22;3.22;520;
TEORICO;DESAYUNO;2026-10-23;3;520;
TEORICO;DESAYUNO;2026-10-24;3.42;514;
TEORICO;DESAYUNO;2026-10-25;3.13;480;
TEORICO;DESAYUNO;2026-10-26;3.41;520;
TEORICO;DESAYUNO;2026-10-27;2.91;520;
TEORICO;DESAYUNO;2026-10-28;4.27;520;
TEORICO;DESAYUNO;2026-10-29;3.4;520;
TEORICO;DESAYUNO;2026-10-30;3.6;520;
TEORICO;DESAYUNO;2026-10-31;3.44;514;
TEORICO;DESAYUNO;2026-09-01;2.59;550;
TEORICO;DESAYUNO;2026-09-02;3.67;550;
TEORICO;DESAYUNO;2026-09-03;3.29;550;
TEORICO;DESAYUNO;2026-09-04;3.75;550;
TEORICO;DESAYUNO;2026-09-05;2.95;540;
TEORICO;DESAYUNO;2026-09-06;3.13;288;
TEORICO;DESAYUNO;2026-09-07;3.27;550;
TEORICO;DESAYUNO;2026-09-08;2.54;550;
TEORICO;DESAYUNO;2026-09-09;3.67;550;
TEORICO;DESAYUNO;2026-09-10;2.88;550;
TEORICO;DESAYUNO;2026-09-11;3.06;550;
TEORICO;DESAYUNO;2026-09-12;2.72;540;
TEORICO;DESAYUNO;2026-09-13;2.98;288;
TEORICO;DESAYUNO;2026-09-14;3.37;550;
TEORICO;DESAYUNO;2026-09-15;4.38;550;
TEORICO;DESAYUNO;2026-09-16;3.82;550;
TEORICO;DESAYUNO;2026-09-17;2.62;550;
TEORICO;DESAYUNO;2026-09-18;3.18;550;
TEORICO;DESAYUNO;2026-09-19;3.06;540;
TEORICO;DESAYUNO;2026-09-20;3.1;288;
TEORICO;DESAYUNO;2026-09-21;3.54;550;
TEORICO;DESAYUNO;2026-09-22;3.32;550;
TEORICO;DESAYUNO;2026-09-23;3.64;550;
TEORICO;DESAYUNO;2026-09-24;3.19;550;
TEORICO;DESAYUNO;2026-09-25;3.41;550;
TEORICO;DESAYUNO;2026-09-26;3.99;540;
TEORICO;DESAYUNO;2026-09-27;3.21;288;
TEORICO;DESAYUNO;2026-09-28;3.41;550;
TEORICO;DESAYUNO;2026-09-29;3.4;550;
TEORICO;DESAYUNO;2026-09-30;2.66;550;
TEORICO;DESAYUNO;2026-08-01;4.31;250;
TEORICO;DESAYUNO;2026-08-02;3.45;260;
TEORICO;DESAYUNO;2026-08-03;3.75;260;
TEORICO;DESAYUNO;2026-08-04;3.34;260;
TEORICO;DESAYUNO;2026-08-05;3.56;260;
TEORICO;DESAYUNO;2026-08-06;3.28;260;
TEORICO;DESAYUNO;2026-08-07;3.5;260;
TEORICO;DESAYUNO;2026-08-08;3.32;250;
TEORICO;DESAYUNO;2026-08-09;3.35;260;
TEORICO;DESAYUNO;2026-08-10;3.88;260;
TEORICO;DESAYUNO;2026-08-11;3.2;260;
TEORICO;DESAYUNO;2026-08-12;3.33;260;
TEORICO;DESAYUNO;2026-08-13;3.33;260;
TEORICO;DESAYUNO;2026-08-14;3.71;260;
TEORICO;DESAYUNO;2026-08-15;2.81;250;
TEORICO;DESAYUNO;2026-08-16;3.53;260;
TEORICO;DESAYUNO;2026-08-17;3.43;260;
TEORICO;DESAYUNO;2026-08-18;2.92;260;
TEORICO;DESAYUNO;2026-08-19;3.24;260;
TEORICO;DESAYUNO;2026-08-20;3.93;260;
TEORICO;DESAYUNO;2026-08-21;3.33;260;
TEORICO;DESAYUNO;2026-08-22;3.72;250;
TEORICO;DESAYUNO;2026-08-23;3.07;260;
TEORICO;DESAYUNO;2026-08-24;4.1;260;
TEORICO;DESAYUNO;2026-08-25;3.33;260;
TEORICO;DESAYUNO;2026-08-26;4.18;260;
TEORICO;DESAYUNO;2026-08-27;3.29;260;
TEORICO;DESAYUNO;2026-08-28;3.01;260;
TEORICO;DESAYUNO;2026-08-29;3.73;250;
TEORICO;DESAYUNO;2026-08-30;3.1;260;
TEORICO;DESAYUNO;2026-08-31;3.4;260;
TEORICO;ALMUERZO;2026-08-01;6.75;514;
TEORICO;ALMUERZO;2026-08-02;7.73;232;
TEORICO;ALMUERZO;2026-08-03;8.08;524;
TEORICO;ALMUERZO;2026-08-04;6.25;524;
TEORICO;ALMUERZO;2026-08-05;9.17;524;
TEORICO;ALMUERZO;2026-08-06;7.29;524;
TEORICO;ALMUERZO;2026-08-07;7.42;524;
TEORICO;ALMUERZO;2026-08-08;10.98;514;
TEORICO;ALMUERZO;2026-08-09;7.83;232;
TEORICO;ALMUERZO;2026-08-10;8.44;524;
TEORICO;ALMUERZO;2026-08-11;7.41;524;
TEORICO;ALMUERZO;2026-08-12;11.14;524;
TEORICO;ALMUERZO;2026-08-13;6.74;524;
TEORICO;ALMUERZO;2026-08-14;7.94;524;
TEORICO;ALMUERZO;2026-08-15;10.04;514;
TEORICO;ALMUERZO;2026-08-16;9.19;232;
TEORICO;ALMUERZO;2026-08-17;7.49;524;
TEORICO;ALMUERZO;2026-08-18;7.82;524;
TEORICO;ALMUERZO;2026-08-19;10.7;524;
TEORICO;ALMUERZO;2026-08-20;7.66;524;
TEORICO;ALMUERZO;2026-08-21;10.28;524;
TEORICO;ALMUERZO;2026-08-22;12.35;514;
TEORICO;ALMUERZO;2026-08-23;8.89;232;
TEORICO;ALMUERZO;2026-08-24;7.46;524;
TEORICO;ALMUERZO;2026-08-25;7.53;524;
TEORICO;ALMUERZO;2026-08-26;9.2;524;
TEORICO;ALMUERZO;2026-08-27;12.23;524;
TEORICO;ALMUERZO;2026-08-28;8.65;524;
TEORICO;ALMUERZO;2026-08-29;6.44;514;
TEORICO;ALMUERZO;2026-08-30;7.28;232;
TEORICO;ALMUERZO;2026-08-31;7.95;524;
TEORICO;ALMUERZO;2026-09-01;6.14;524;
TEORICO;ALMUERZO;2026-09-02;11.22;524;
TEORICO;ALMUERZO;2026-09-03;7.97;524;
TEORICO;ALMUERZO;2026-09-04;5.64;524;
TEORICO;ALMUERZO;2026-09-05;8.92;514;
TEORICO;ALMUERZO;2026-09-06;9.24;232;
TEORICO;ALMUERZO;2026-09-07;9.63;524;
TEORICO;ALMUERZO;2026-09-08;8.08;524;
TEORICO;ALMUERZO;2026-09-09;9.61;524;
TEORICO;ALMUERZO;2026-09-10;8.31;524;
TEORICO;ALMUERZO;2026-09-11;8.12;524;
TEORICO;ALMUERZO;2026-09-12;7.71;514;
TEORICO;ALMUERZO;2026-09-13;7.19;232;
TEORICO;ALMUERZO;2026-09-14;6.29;524;
TEORICO;ALMUERZO;2026-09-15;6.34;524;
TEORICO;ALMUERZO;2026-09-16;11.2;524;
TEORICO;ALMUERZO;2026-09-17;6.93;524;
TEORICO;ALMUERZO;2026-09-18;8.17;524;
TEORICO;ALMUERZO;2026-09-19;9.3;514;
TEORICO;ALMUERZO;2026-09-20;7.04;232;
TEORICO;ALMUERZO;2026-09-21;6.91;524;
TEORICO;ALMUERZO;2026-09-22;7.42;524;
TEORICO;ALMUERZO;2026-09-23;8.43;524;
TEORICO;ALMUERZO;2026-09-24;8.98;524;
TEORICO;ALMUERZO;2026-09-25;9.76;524;
TEORICO;ALMUERZO;2026-09-26;8.12;514;
TEORICO;ALMUERZO;2026-09-27;6.24;232;
TEORICO;ALMUERZO;2026-09-28;7.27;524;
TEORICO;ALMUERZO;2026-09-29;6.15;524;
TEORICO;ALMUERZO;2026-09-30;9.2;524;
TEORICO;ALMUERZO;2026-10-01;8.63;530;
TEORICO;ALMUERZO;2026-10-02;6.62;530;
TEORICO;ALMUERZO;2026-10-03;8.95;518;
TEORICO;ALMUERZO;2026-10-04;7.49;252;
TEORICO;ALMUERZO;2026-10-05;8.46;530;
TEORICO;ALMUERZO;2026-10-06;7.16;530;
TEORICO;ALMUERZO;2026-10-07;10.65;530;
TEORICO;ALMUERZO;2026-10-08;5.81;530;
TEORICO;ALMUERZO;2026-10-09;7.71;530;
TEORICO;ALMUERZO;2026-10-10;7.65;518;
TEORICO;ALMUERZO;2026-10-11;12.38;252;
TEORICO;ALMUERZO;2026-10-12;7.28;530;
TEORICO;ALMUERZO;2026-10-13;7.52;530;
TEORICO;ALMUERZO;2026-10-14;10.36;530;
TEORICO;ALMUERZO;2026-10-15;7.15;530;
TEORICO;ALMUERZO;2026-10-16;9.5;530;
TEORICO;ALMUERZO;2026-10-17;11.64;518;
TEORICO;ALMUERZO;2026-10-18;8.85;252;
TEORICO;ALMUERZO;2026-10-19;7.25;530;
TEORICO;ALMUERZO;2026-10-20;7.46;530;
TEORICO;ALMUERZO;2026-10-21;8.85;530;
TEORICO;ALMUERZO;2026-10-22;11.29;530;
TEORICO;ALMUERZO;2026-10-23;7.14;530;
TEORICO;ALMUERZO;2026-10-24;11.5;518;
TEORICO;ALMUERZO;2026-10-25;8.35;252;
TEORICO;ALMUERZO;2026-10-26;7.8;530;
TEORICO;ALMUERZO;2026-10-27;6.64;530;
TEORICO;ALMUERZO;2026-10-28;11.36;530;
TEORICO;ALMUERZO;2026-10-29;7.71;530;
TEORICO;ALMUERZO;2026-10-30;5.97;530;
TEORICO;ALMUERZO;2026-10-31;5.91;518;
TEORICO;CENA;2026-10-01;6.88;278;
TEORICO;CENA;2026-10-02;5.39;278;
TEORICO;CENA;2026-10-03;5.83;278;
TEORICO;CENA;2026-10-04;5.13;180;
TEORICO;CENA;2026-10-05;5.3;278;
TEORICO;CENA;2026-10-06;5.46;278;
TEORICO;CENA;2026-10-07;6.09;278;
TEORICO;CENA;2026-10-08;4.83;278;
TEORICO;CENA;2026-10-09;3.9;278;
TEORICO;CENA;2026-10-10;5.73;278;
TEORICO;CENA;2026-10-11;5.22;180;
TEORICO;CENA;2026-10-12;4.36;278;
TEORICO;CENA;2026-10-13;5.37;278;
TEORICO;CENA;2026-10-14;5;278;
TEORICO;CENA;2026-10-15;6.21;278;
TEORICO;CENA;2026-10-16;5.46;278;
TEORICO;CENA;2026-10-17;3.82;278;
TEORICO;CENA;2026-10-18;6.22;180;
TEORICO;CENA;2026-10-19;3.8;278;
TEORICO;CENA;2026-10-20;5.71;278;
TEORICO;CENA;2026-10-21;5.71;278;
TEORICO;CENA;2026-10-22;4.26;278;
TEORICO;CENA;2026-10-23;4.31;278;
TEORICO;CENA;2026-10-24;4.36;278;
TEORICO;CENA;2026-10-25;4.55;180;
TEORICO;CENA;2026-10-26;5.75;278;
TEORICO;CENA;2026-10-27;4.44;278;
TEORICO;CENA;2026-10-28;5.67;278;
TEORICO;CENA;2026-10-29;4.96;278;
TEORICO;CENA;2026-10-30;5.35;278;
TEORICO;CENA;2026-10-31;3.96;278;
TEORICO;CENA;2026-09-01;4.54;240;
TEORICO;CENA;2026-09-02;5.36;240;
TEORICO;CENA;2026-09-03;5.01;240;
TEORICO;CENA;2026-09-04;5.78;240;
TEORICO;CENA;2026-09-05;5.32;218;
TEORICO;CENA;2026-09-06;9.5;122;
TEORICO;CENA;2026-09-07;4.6;240;
TEORICO;CENA;2026-09-08;5.55;240;
TEORICO;CENA;2026-09-09;4.86;240;
TEORICO;CENA;2026-09-10;5.4;240;
TEORICO;CENA;2026-09-11;4.84;240;
TEORICO;CENA;2026-09-12;5.16;218;
TEORICO;CENA;2026-09-13;3.64;122;
TEORICO;CENA;2026-09-14;5.91;240;
TEORICO;CENA;2026-09-15;5.91;240;
TEORICO;CENA;2026-09-16;5.72;240;
TEORICO;CENA;2026-09-17;5.11;240;
TEORICO;CENA;2026-09-18;5.57;240;
TEORICO;CENA;2026-09-19;4.64;218;
TEORICO;CENA;2026-09-20;5.36;122;
TEORICO;CENA;2026-09-21;5.46;240;
TEORICO;CENA;2026-09-22;4.5;240;
TEORICO;CENA;2026-09-23;4.94;240;
TEORICO;CENA;2026-09-24;4.95;240;
TEORICO;CENA;2026-09-25;3.99;240;
TEORICO;CENA;2026-09-26;4.97;218;
TEORICO;CENA;2026-09-27;4.08;122;
TEORICO;CENA;2026-09-28;5.64;240;
TEORICO;CENA;2026-09-29;4.65;240;
TEORICO;CENA;2026-09-30;4.29;240;
TEORICO;CENA;2026-08-01;4.98;220;
TEORICO;CENA;2026-08-02;4.48;120;
TEORICO;CENA;2026-08-03;5.72;230;
TEORICO;CENA;2026-08-04;4.82;230;
TEORICO;CENA;2026-08-05;4.88;230;
TEORICO;CENA;2026-08-06;6.94;230;
TEORICO;CENA;2026-08-07;5.69;230;
TEORICO;CENA;2026-08-08;6.08;220;
TEORICO;CENA;2026-08-09;5.21;120;
TEORICO;CENA;2026-08-10;5.51;230;
TEORICO;CENA;2026-08-11;5.56;230;
TEORICO;CENA;2026-08-12;6.3;230;
TEORICO;CENA;2026-08-13;7.04;230;
TEORICO;CENA;2026-08-14;4.06;230;
TEORICO;CENA;2026-08-15;6.24;220;
TEORICO;CENA;2026-08-16;5.29;120;
TEORICO;CENA;2026-08-17;4.49;230;
TEORICO;CENA;2026-08-18;6;230;
TEORICO;CENA;2026-08-19;4.24;230;
TEORICO;CENA;2026-08-20;6.38;230;
TEORICO;CENA;2026-08-21;5.81;230;
TEORICO;CENA;2026-08-22;5.84;220;
TEORICO;CENA;2026-08-23;6.73;120;
TEORICO;CENA;2026-08-24;4.18;230;
TEORICO;CENA;2026-08-25;5.79;230;
TEORICO;CENA;2026-08-26;5.82;230;
TEORICO;CENA;2026-08-27;4.46;230;
TEORICO;CENA;2026-08-28;4.5;230;
TEORICO;CENA;2026-08-29;4.41;220;
TEORICO;CENA;2026-08-30;4.84;120;
TEORICO;CENA;2026-08-31;5.71;230;
REAL;DESAYUNO;2026-09-01;3.21;480;480
REAL;DESAYUNO;2026-09-02;4.69;480;480
REAL;DESAYUNO;2026-09-03;3.62;480;480
REAL;DESAYUNO;2026-09-04;4.59;480;480
REAL;DESAYUNO;2026-09-05;3.7;480;480
REAL;DESAYUNO;2026-09-06;3.42;480;480
REAL;DESAYUNO;2026-09-07;3.93;480;480
REAL;DESAYUNO;2026-09-08;3.31;460;460
REAL;DESAYUNO;2026-09-09;5.15;510;510
REAL;DESAYUNO;2026-09-10;3.26;510;510
REAL;DESAYUNO;2026-09-11;3.97;510;510
REAL;DESAYUNO;2026-09-12;3.13;480;480
REAL;DESAYUNO;2026-09-13;4;480;480
REAL;DESAYUNO;2026-09-14;4.09;490;490
REAL;DESAYUNO;2026-09-15;5.77;480;480
REAL;DESAYUNO;2026-09-16;4.88;480;480
REAL;DESAYUNO;2026-09-17;3.59;480;480
REAL;DESAYUNO;2026-09-18;3.84;480;480
REAL;DESAYUNO;2026-09-19;3.94;480;480
REAL;DESAYUNO;2026-09-20;3.87;500;500
REAL;DESAYUNO;2026-09-21;3.7;480;480
REAL;DESAYUNO;2026-09-22;4.34;500;500
REAL;DESAYUNO;2026-09-23;4.52;500;500
REAL;DESAYUNO;2026-09-24;3.78;500;500
REAL;DESAYUNO;2026-09-25;4.61;520;520
REAL;DESAYUNO;2026-09-26;5.22;515;515
REAL;DESAYUNO;2026-09-27;4.03;500;500
REAL;DESAYUNO;2026-09-28;4.24;500;500
REAL;DESAYUNO;2026-09-29;3.67;510;510
REAL;DESAYUNO;2026-09-30;4.19;520;520
REAL;DESAYUNO;2026-08-01;4.9;240;240
REAL;DESAYUNO;2026-08-02;4.05;240;240
REAL;DESAYUNO;2026-08-03;4.72;240;240
REAL;DESAYUNO;2026-08-04;4.47;240;240
REAL;DESAYUNO;2026-08-05;4.5;240;240
REAL;DESAYUNO;2026-08-06;3.81;240;240
REAL;DESAYUNO;2026-08-07;4.28;240;240
REAL;DESAYUNO;2026-08-08;4;240;240
REAL;DESAYUNO;2026-08-09;4.15;250;250
REAL;DESAYUNO;2026-08-10;4.14;250;250
REAL;DESAYUNO;2026-08-11;2.87;250;250
REAL;DESAYUNO;2026-08-12;3.27;250;250
REAL;DESAYUNO;2026-08-13;3.22;250;250
REAL;DESAYUNO;2026-08-14;3.99;250;250
REAL;DESAYUNO;2026-08-15;2.84;250;250
REAL;DESAYUNO;2026-08-16;3.66;260;260
REAL;DESAYUNO;2026-08-17;3.5;245;245
REAL;DESAYUNO;2026-08-18;3.18;480;480
REAL;DESAYUNO;2026-08-19;3.58;500;500
REAL;DESAYUNO;2026-08-20;4.44;500;500
REAL;DESAYUNO;2026-08-21;3.73;500;500
REAL;DESAYUNO;2026-08-22;4.25;500;500
REAL;DESAYUNO;2026-08-23;3.81;480;480
REAL;DESAYUNO;2026-08-24;4.46;480;480
REAL;DESAYUNO;2026-08-25;3.29;480;480
REAL;DESAYUNO;2026-08-26;5.38;480;480
REAL;DESAYUNO;2026-08-27;3.9;480;480
REAL;DESAYUNO;2026-08-28;3.18;480;480
REAL;DESAYUNO;2026-08-29;3.98;480;480
REAL;DESAYUNO;2026-08-30;3.58;480;480
REAL;DESAYUNO;2026-08-31;3.78;480;480
REAL;DESAYUNO;2026-10-01;3.22;500;500
REAL;DESAYUNO;2026-10-02;4.13;500;500
REAL;DESAYUNO;2026-10-03;3.82;500;500
REAL;DESAYUNO;2026-10-04;3.98;500;500
REAL;DESAYUNO;2026-10-05;4.45;500;500
REAL;DESAYUNO;2026-10-06;3.11;520;520
REAL;DESAYUNO;2026-10-07;3.56;520;520
REAL;DESAYUNO;2026-10-08;3.09;520;520
REAL;DESAYUNO;2026-10-09;3.44;520;520
REAL;DESAYUNO;2026-10-10;2.76;514;514
REAL;DESAYUNO;2026-10-11;3.54;480;480
REAL;DESAYUNO;2026-10-12;3.51;520;520
REAL;DESAYUNO;2026-10-13;2.94;520;520
REAL;DESAYUNO;2026-10-14;3.26;520;520
REAL;DESAYUNO;2026-10-15;3.85;520;520
REAL;DESAYUNO;2026-10-16;3.24;520;520
REAL;DESAYUNO;2026-10-17;3.69;514;514
REAL;DESAYUNO;2026-10-18;3.64;480;480
REAL;DESAYUNO;2026-10-19;4.05;520;520
REAL;DESAYUNO;2026-10-20;3.13;520;520
REAL;DESAYUNO;2026-10-21;4.53;520;520
REAL;DESAYUNO;2026-10-22;3.23;520;520
REAL;DESAYUNO;2026-10-23;2.99;520;520
REAL;DESAYUNO;2026-10-24;3.42;514;514
REAL;DESAYUNO;2026-10-25;3.11;480;480
REAL;DESAYUNO;2026-10-26;3.47;520;520
REAL;DESAYUNO;2026-10-27;2.9;520;520
REAL;DESAYUNO;2026-10-28;4.27;520;520
REAL;DESAYUNO;2026-10-29;3.4;520;520
REAL;DESAYUNO;2026-10-30;3.61;520;520
REAL;DESAYUNO;2026-10-31;3.43;514;514
REAL;ALMUERZO;2026-10-01;8.63;520;520
REAL;ALMUERZO;2026-10-02;6.93;520;520
REAL;ALMUERZO;2026-10-03;10.71;520;520
REAL;ALMUERZO;2026-10-04;7.68;240;240
REAL;ALMUERZO;2026-10-05;8.15;520;520
REAL;ALMUERZO;2026-10-06;7.16;530;530
REAL;ALMUERZO;2026-10-07;10.65;530;530
REAL;ALMUERZO;2026-10-08;5.82;530;530
REAL;ALMUERZO;2026-10-09;7.7;530;530
REAL;ALMUERZO;2026-10-10;7.65;518;518
REAL;ALMUERZO;2026-10-11;12.37;252;252
REAL;ALMUERZO;2026-10-12;7.27;530;530
REAL;ALMUERZO;2026-10-13;7.52;530;530
REAL;ALMUERZO;2026-10-14;10.36;530;530
REAL;ALMUERZO;2026-10-15;7.15;530;530
REAL;ALMUERZO;2026-10-16;9.49;530;530
REAL;ALMUERZO;2026-10-17;11.64;518;518
REAL;ALMUERZO;2026-10-18;8.83;252;252
REAL;ALMUERZO;2026-10-19;7.23;530;530
REAL;ALMUERZO;2026-10-20;7.42;530;530
REAL;ALMUERZO;2026-10-21;8.85;530;530
REAL;ALMUERZO;2026-10-22;11.29;530;530
REAL;ALMUERZO;2026-10-23;7.12;530;530
REAL;ALMUERZO;2026-10-24;11.5;518;518
REAL;ALMUERZO;2026-10-25;8.3;252;252
REAL;ALMUERZO;2026-10-26;7.79;530;530
REAL;ALMUERZO;2026-10-27;6.69;530;530
REAL;ALMUERZO;2026-10-28;11.35;530;530
REAL;ALMUERZO;2026-10-29;7.69;530;530
REAL;ALMUERZO;2026-10-30;5.97;530;530
REAL;ALMUERZO;2026-10-31;5.91;518;518
REAL;ALMUERZO;2026-09-01;7.03;500;500
REAL;ALMUERZO;2026-09-02;11.35;500;500
REAL;ALMUERZO;2026-09-03;8.16;500;500
REAL;ALMUERZO;2026-09-04;6.58;500;500
REAL;ALMUERZO;2026-09-05;10.07;500;500
REAL;ALMUERZO;2026-09-06;9.62;220;220
REAL;ALMUERZO;2026-09-07;8.97;500;500
REAL;ALMUERZO;2026-09-08;8.14;524;524
REAL;ALMUERZO;2026-09-09;11.04;500;500
REAL;ALMUERZO;2026-09-10;8.79;500;500
REAL;ALMUERZO;2026-09-11;9.17;525;525
REAL;ALMUERZO;2026-09-12;11.53;500;500
REAL;ALMUERZO;2026-09-13;8.68;230;230
REAL;ALMUERZO;2026-09-14;7.03;510;510
REAL;ALMUERZO;2026-09-15;7.9;510;510
REAL;ALMUERZO;2026-09-16;13;510;510
REAL;ALMUERZO;2026-09-17;5.99;510;510
REAL;ALMUERZO;2026-09-18;8.01;510;510
REAL;ALMUERZO;2026-09-19;9.68;510;510
REAL;ALMUERZO;2026-09-20;7.61;230;230
REAL;ALMUERZO;2026-09-21;7.23;510;510
REAL;ALMUERZO;2026-09-22;7.8;540;540
REAL;ALMUERZO;2026-09-23;11.59;540;540
REAL;ALMUERZO;2026-09-24;9.03;530;530
REAL;ALMUERZO;2026-09-25;11.4;545;545
REAL;ALMUERZO;2026-09-26;9.89;530;530
REAL;ALMUERZO;2026-09-27;8.53;280;280
REAL;ALMUERZO;2026-09-28;8.52;520;520
REAL;ALMUERZO;2026-09-29;6.86;520;520
REAL;ALMUERZO;2026-09-30;9.16;524;524
REAL;ALMUERZO;2026-08-01;6.59;490;490
REAL;ALMUERZO;2026-08-02;7.68;210;210
REAL;ALMUERZO;2026-08-03;7.9;490;490
REAL;ALMUERZO;2026-08-04;6.62;490;490
REAL;ALMUERZO;2026-08-05;9.07;490;490
REAL;ALMUERZO;2026-08-06;7.54;490;490
REAL;ALMUERZO;2026-08-07;6.97;490;490
REAL;ALMUERZO;2026-08-08;10.54;490;490
REAL;ALMUERZO;2026-08-09;7.42;250;250
REAL;ALMUERZO;2026-08-10;7.68;500;500
REAL;ALMUERZO;2026-08-11;6.95;500;500
REAL;ALMUERZO;2026-08-12;10.75;510;510
REAL;ALMUERZO;2026-08-13;6.69;510;510
REAL;ALMUERZO;2026-08-14;8.24;520;520
REAL;ALMUERZO;2026-08-15;12.33;520;520
REAL;ALMUERZO;2026-08-16;13.25;240;240
REAL;ALMUERZO;2026-08-17;7.97;500;500
REAL;ALMUERZO;2026-08-18;8.19;500;500
REAL;ALMUERZO;2026-08-19;10.78;510;510
REAL;ALMUERZO;2026-08-20;7.58;510;510
REAL;ALMUERZO;2026-08-21;9.42;510;510
REAL;ALMUERZO;2026-08-22;11.19;510;510
REAL;ALMUERZO;2026-08-23;9.35;230;230
REAL;ALMUERZO;2026-08-24;7.97;500;500
REAL;ALMUERZO;2026-08-25;7.63;500;500
REAL;ALMUERZO;2026-08-26;8.78;500;500
REAL;ALMUERZO;2026-08-27;12.5;500;500
REAL;ALMUERZO;2026-08-28;8.1;500;500
REAL;ALMUERZO;2026-08-29;5.92;500;500
REAL;ALMUERZO;2026-08-30;7.12;200;200
REAL;ALMUERZO;2026-08-31;7.35;500;500
REAL;CENA;2026-08-01;4.83;210;210
REAL;CENA;2026-08-02;4.45;100;100
REAL;CENA;2026-08-03;5.6;220;220
REAL;CENA;2026-08-04;5.34;210;210
REAL;CENA;2026-08-05;5.1;210;210
REAL;CENA;2026-08-06;6.77;210;210
REAL;CENA;2026-08-07;6.17;220;220
REAL;CENA;2026-08-08;5.94;215;215
REAL;CENA;2026-08-09;5.15;130;130
REAL;CENA;2026-08-10;5.14;220;220
REAL;CENA;2026-08-11;4.75;230;230
REAL;CENA;2026-08-12;5.86;240;240
REAL;CENA;2026-08-13;7.4;230;230
REAL;CENA;2026-08-14;4.27;230;230
REAL;CENA;2026-08-15;6.57;230;230
REAL;CENA;2026-08-16;6.51;120;120
REAL;CENA;2026-08-17;5.02;220;220
REAL;CENA;2026-08-18;6.18;230;230
REAL;CENA;2026-08-19;4.08;230;230
REAL;CENA;2026-08-20;6.85;220;220
REAL;CENA;2026-08-21;5.86;230;230
REAL;CENA;2026-08-22;6.04;230;230
REAL;CENA;2026-08-23;5.73;140;140
REAL;CENA;2026-08-24;4.59;230;230
REAL;CENA;2026-08-25;5.72;220;220
REAL;CENA;2026-08-26;6.63;230;230
REAL;CENA;2026-08-27;4.6;230;230
REAL;CENA;2026-08-28;4.91;220;220
REAL;CENA;2026-08-29;4.25;220;220
REAL;CENA;2026-08-30;5.23;100;100
REAL;CENA;2026-08-31;6.4;230;230
REAL;CENA;2026-09-01;4.41;230;230
REAL;CENA;2026-09-02;5.81;230;230
REAL;CENA;2026-09-03;5.33;230;230
REAL;CENA;2026-09-04;6.12;230;230
REAL;CENA;2026-09-05;4.65;230;230
REAL;CENA;2026-09-06;10.19;130;130
REAL;CENA;2026-09-07;5.03;230;230
REAL;CENA;2026-09-08;6.26;230;230
REAL;CENA;2026-09-09;5.67;230;230
REAL;CENA;2026-09-10;5.69;230;230
REAL;CENA;2026-09-11;4.44;245;245
REAL;CENA;2026-09-12;5.4;220;220
REAL;CENA;2026-09-13;4.08;120;120
REAL;CENA;2026-09-14;6.55;230;230
REAL;CENA;2026-09-15;6.8;230;230
REAL;CENA;2026-09-16;5.85;240;240
REAL;CENA;2026-09-17;5.51;230;230
REAL;CENA;2026-09-18;5.91;240;240
REAL;CENA;2026-09-19;5.26;230;230
REAL;CENA;2026-09-20;6.34;140;140
REAL;CENA;2026-09-21;5.68;230;230
REAL;CENA;2026-09-22;4.7;290;290
REAL;CENA;2026-09-23;5.16;290;290
REAL;CENA;2026-09-24;7.16;280;280
REAL;CENA;2026-09-25;3.15;265;265
REAL;CENA;2026-09-26;5.59;240;240
REAL;CENA;2026-09-27;4.54;140;140
REAL;CENA;2026-09-28;6.05;260;260
REAL;CENA;2026-09-29;4.69;250;250
REAL;CENA;2026-09-30;6.27;250;250
