receta_codigo_sgp;receta;paso
1013;POLL - POLLO A LA JARDINERA;1. Condimentar el pollo con sal, pimienta, comino. Sellar y reservar.
1013;POLL - POLLO A LA JARDINERA;2. Hacer un aderezo de cebolla, ajo, ají, amarillo, agregar el pollo, agua y dejar cocinar.
1013;POLL - POLLO A LA JARDINERA;3. Condimentar la preparación, aromatizar con orégano,  laurel, agregar las verduras y cocinar hasta que estén listas. Ligar la salsa con maicena diluida en agua.
1013;POLL - POLLO A LA JARDINERA;4. Para servir y decorar pimiento y perejil picado.
105;SALPICON DE POLLO;1. Sancochar el pollo en agua con sal. Retirar y deshilachar. Sancochar las verduras refrescar y reservar.
105;SALPICON DE POLLO;2. Mezclar las verduras con el pollo la mayonesa, mostaza, vinagre blanco, condimentar con sal, pimienta.
105;SALPICON DE POLLO;3. Servir el Salpicón.
105;SALPICON DE POLLO;4. Decorar con perejil picado, lechuga, aceituna y huevo sancochado.
1051;CALDO DE RES;1. Colocar la carne de res en una olla con agua y llevar a hervir a fuego medio y con la olla tapada. Retirar la espuma que se vaya formando.
1051;CALDO DE RES;2. Agregar el apio, zanahoria, kion, ajo, sal, la papa y dejar cocinar.
1051;CALDO DE RES;3. Agregar los fideos, orégano, el huevo y cocinar con la olla destapada.
1051;CALDO DE RES;4. Servir la sopa. Decorar, culantro y cebolla china picada.
107;SOLTERITO;1. Sancochar el choclo con el anís, limón, azúcar.
107;SOLTERITO;2. Mezclar el queso, habas, cebolla, choclo, papa, tomate, aceituna, rocoto, sal, pimienta, aceite, jugo de limón, servir sobre una hoja de lechuga decorando con culantro picado.
108;CALDILLO DE HUEVO;1. En una olla con agua sancochar la papa.
108;CALDILLO DE HUEVO;2. Hacer un aderezo, aceite, cebolla, ajo, kion, sal y aromatizar con orégano. Agregarlo a la cocción de la papa.
108;CALDILLO DE HUEVO;3. Agregar el fideo cabello de ángel, cocinar hasta que este a punto. Rectificar sazón.
108;CALDILLO DE HUEVO;4. Finalmente agregar el huevo batido
108;CALDILLO DE HUEVO;5. Servir la sopa con perejil picado.
109;CALDO DE GALLINA;1. Colocar las presas de la gallina, en una olla con agua hirviendo, dejar cocer a fuego medio y con la olla tapada. Retirar la espuma que se vaya formando
109;CALDO DE GALLINA;2. Agregar el apio, kion, papa, sal y dejar cocinar hasta que estén en media cocción.
109;CALDO DE GALLINA;3. Agregar los fideos, dejar cocinar, finalmente agregar el huevo batido y el orégano molido.
109;CALDO DE GALLINA;4. Rectificar sazón y servir la sopa con cebollita china picada.
110;CALDO DE POLLO;1. Colocar las presas de pollo, en una olla con agua hirviendo, dejar cocer a fuego medio y con la olla tapada. Retirar la espuma que se vaya formando.
110;CALDO DE POLLO;2. Agregar el apio, kion, papa, sal y dejar cocinar.
110;CALDO DE POLLO;3. Agregar los fideos, dejar cocinar hasta que estén al dente, finalmente añadir el orégano, huevo.
110;CALDO DE POLLO;4. Rectificar sazón y servir la sopa con la presa, cebollita china picada.
111;CHUPE DE VERDURAS;1. Agregar las verduras, el arroz y continuar con la cocción.
111;CHUPE DE VERDURAS;"3. Aderezo; aceite, cebolla, ajo, ají panca, pasta de tomate, sal, pimienta, orégano, huacatay, agregarlo a la cocción de la sopa."
111;CHUPE DE VERDURAS;4. Agregar huevo batido, queso fresco y leche. Servir.
112;CONSOME DE POLLO;1. En una olla con agua hirviendo sancochar el pollo, agregar el kion machacado, dejar cocer a fuego lento hasta obtener un caldo con sabor.
112;CONSOME DE POLLO;2. Agregar las verduras, a media cocción de estas añadir la papa para evitar así que se destroce.
112;CONSOME DE POLLO;3. Finalmente agregar el fideo, sazonar, con sal y orégano molido.
112;CONSOME DE POLLO;4. Servir caliente y decorar con perejil picado
1120;POLL - POLLO CON CHAMPIGÑONES I;"1. Sazonar el pollo con sal, pimienta, ajo; hornear."
1120;POLL - POLLO CON CHAMPIGÑONES I;2. Disolver la crema de champif1ones en agua y reservar
1120;POLL - POLLO CON CHAMPIGÑONES I;3. llevar a coccion la crema de champif1ones, agua y hervir por unos minutos
1120;POLL - POLLO CON CHAMPIGÑONES I;4. saltear los champif1ones en aceite y margarina. Agregarlo a la salsa.
1120;POLL - POLLO CON CHAMPIGÑONES I;3. Servir el pollo con la salsa y decorar con perejil.
1138;CMIX - PARRILLA MIXTA;1. Marinar el pollo, chorizo. Hot dog, cerdo chuleta, en aceite.ajos,pimienta, comino, ajos, aji panca, oregano,sal,vinagre tinto, sillao
1138;CMIX - PARRILLA MIXTA;2. Calentar la parrilla, agregar un chorro de aceite, emparrilllar las carnes y servir.
123;CREMA DE ESPINACAS;1. En una olla, sudar en aceite y margarina, cebolla, ajo, papa y espinaca, añadir agua y cocinar las verduras hasta que estén suaves.  Licuar y regresar a cocción.
123;CREMA DE ESPINACAS;"2. Dejar que hierva la crema; condimentar con sal, pimienta y orégano."
123;CREMA DE ESPINACAS;3. Ligar la crema con maicena diluida en agua.
123;CREMA DE ESPINACAS;4. Finalmente agregar la leche evaporada.
123;CREMA DE ESPINACAS;5. Servir la crema con pan tostado en margarina. (crotones)
1234;GALL - GALLINA AL HORNO;"1. Sudar en aceite, la cebolla, ajo, zanahoria, apio, poro, sal, pimienta, laurel y oregano; Agregar la gallinar, sellar y agregar el agua; Dejar hervir hasta que este tierna. Luego colar y reservar el liquido."
1234;GALL - GALLINA AL HORNO;2. Pintar la gallina con el ketchup y llevar al horno a 180°c a que tome color.
1234;GALL - GALLINA AL HORNO;3. Ligar el caldo con maicena y servir la gallina decorando con perejil picado.
1247;RES - LOCRO DE PECHO;"1. Sazonar la carne con sal, pimienta y ajo; Sellar agregar el apio, poro, órgano y el agua; Dejar hervir hasta que este tierna.1. Sazonar la carne con sal, pimienta y ajo; Sellar agregar el apio, poro, órgano y el agua; Dejar hervir hasta que este tierna."
126;CREMA DE VERDURAS;1. Sudar en aceite vegetal, los vegetales,  agregar agua y dejar cocinar hasta que est e9n blandos.
126;CREMA DE VERDURAS;"2. Licuar y regresar a cocci f3n, agregar margarina y la harina diluida; dejar hervir y condimentar con sal, pimienta. Aromatizar con or e9gano."
126;CREMA DE VERDURAS;3. Finalmente agregar leche evaporada.
126;CREMA DE VERDURAS;4. Cortar el pan en cubos y tostar con aceite.
126;CREMA DE VERDURAS;5. Servir la crema de verduras  y decorar con perejil picado.
1367;PES - PESCADO ENCEBOLLADO;1. Condimentar el pescado con sal, pimienta, ajo, orégano, enharinar y freír.
1367;PES - PESCADO ENCEBOLLADO;2. Saltear la cebolla, ajo, ají panca, ají amarillo molido, ají amarillo en juliana, condimentar con sal, pimienta, añadir vinagre tinto, azúcar, agua para soltar la salsa, ligar la salsa con maicena diluida.
1367;PES - PESCADO ENCEBOLLADO;3. Servir el pescado con la salsa y decorar con culantro picado.
146;AGUADITO DE POLLO;1. En una olla con agua hirviendo colocar el pollo, dejar cocinar a fuego lento para saborizar el caldo, agregar el kion machacado.
146;AGUADITO DE POLLO;2. Hacer un aderezo,  aceite, cebolla, ajo, culantro, espinaca, ají amarillo, orégano, sal, pimienta y agregarlo a la cocción de la sopa.
146;AGUADITO DE POLLO;3. Agregar el arroz, y a la mitad de cocción agregar la papa, el choclo, zanahoria, arveja. Cocinar hasta que estén cocidos, luego agregar el pimiento y orégano.
146;AGUADITO DE POLLO;5. Servir la sopa caliente.
1485;SOPA DE POLLO CON ZAPALLO MACRE;"1. Sancochar el pollo en agua hasta que este a 3/4 de coccion; Agregar las verduras y continuar con la cocción."
1485;SOPA DE POLLO CON ZAPALLO MACRE;2. Añadir el fideo y cocinar hasta que estén a punto.
1485;SOPA DE POLLO CON ZAPALLO MACRE;3. Aderezo con aceite, cebolla, ajo, kion, sal y orégano. Agregarlo a la cocción de la sopa.
1485;SOPA DE POLLO CON ZAPALLO MACRE;4. Servir la sopa con perejil picado.
1596;POLL - POLLO A LA PIZZAIOLA;1. Para la salsa: Hacer un aderezo de aceite vegetal, cebolla, ajo, tomate, sal, pimienta, pasta de tomate, cocinar por unos minutos  y aromatizar con albahaca, laurel, agregar agua, dejar reducir.
1596;POLL - POLLO A LA PIZZAIOLA;2. Condimentar el pollo con sal, pimienta y sellar en una plancha sin terminar la cocción
1596;POLL - POLLO A LA PIZZAIOLA;3. Colocar el filete de pollo en una bandeja, bañar con la salsa, añadir el orégano y queso mozarella, llevar al horno para que derrita el queso. Servir.
160;SOPA SUSTANCIA DE POLLO CON FIDEOS;1. Echar en agua hirviendo el pollo, apio, zanahoria, sal, cocer.
160;SOPA SUSTANCIA DE POLLO CON FIDEOS;2. A parte preparar un aderezo de aceite, ajo, cebolla, tomate, ají panca, orégano, junto con los fideos, echar a la sopa.
160;SOPA SUSTANCIA DE POLLO CON FIDEOS;3. Finalmente comprobar el punto de la sal, aromatizar con las hierbas picadas. Servir.
166;SOPA PATASCA;1. Cocer el mote en abundante agua, agregar, el mondongo y la carne en el momento oportuno tomando en cuenta que tanto el mote y las carnes deben quedar bastante tiernos.
166;SOPA PATASCA;2. A parte preparar un aderezo de aceite, ajos y agregarlo a la cocción de la sopa.
166;SOPA PATASCA;3. Finalmente añadir la sal, rectificar sazón y aromatizar con las hierbas picadas. Servir.
1665;PES - CEVICHE DE PESCADO;1. Marinar el pescado con sal, pimienta, ajo, ají limo, ají amarillo molido, culantro, jugo de limón.
1665;PES - CEVICHE DE PESCADO;2. Marinar la otra parte de pescado con sal, pimienta, ajo, rocoto molido, culantro, jugo de limón.
1665;PES - CEVICHE DE PESCADO;3. Servir los ceviches con cebolla, lechuga, camote, choclo.
168;SOPA DE QUINUA CON POLLO;"1. Sancochar el pollo en agua hasta que este a 3/4 de coccion; Agregar las verduras y continuar con la cocción."
168;SOPA DE QUINUA CON POLLO;2. Agregar la quinua y continuar con la cocción.
168;SOPA DE QUINUA CON POLLO;3. Aderezo con aceite, cebolla, ajo, orégano, sal, pimienta, ají  panca y culantro. Añadirlo a la cocción de la sopa. Servir.
1943;SALSA GUACAMOLE;1. Hacer un puré con la palta, mezclar con cebolla, tomate, ají, limón, mayonesa, sal, pimienta, jugo de limón.
1943;SALSA GUACAMOLE;2. Servir.
2012;SOPA WOMIN CON POLLO;1. Sancochar el pollo, luego agregar zanahoria, hongos y continuar con la cocción.
2012;SOPA WOMIN CON POLLO;2. Condimentar con sal, canela china, pimienta, sillao, aceite de ajonjolí.
2012;SOPA WOMIN CON POLLO;3. Finalmente agregar huevo y ligar con chuño diluido en agua. Servir.
2129;CORD - PACHAMANCA DE CORDERO;"1. Sazonar la carne con cebolla, ajo, ají panca, comino, pimienta, sal, y vinagre; Sellar; Agregar las hierbas picadas, el agua; Cuando cocine la carne, ligar con maicena."
227;OMELETTE DE VERDURAS;1.Cocer las espinacas y cortarlas.En una sarten con aceite dorar cebolla, tomate,espinaca,pimientos, dejar enfriar y agregar el queso reservar.
227;OMELETTE DE VERDURAS;2.En una sarten caliente agregar los huevos apenas batidos junto con la leche, esperar que cuaje, agregar el relleno de las legumbres.Cuando haya cuajado la mayor parte del huevo y quede solo un poco de liquido alrededor doble por la mitad.
227;OMELETTE DE VERDURAS;3.Servir enseguida decorar con perejil picado.
239;SOPA CHAIRO CON RES I;1. En una olla con agua hirviendo colocar el  chuño, dejar cocinar hasta que estén blandos, agregar la carne de res, luego  agregar el trigo morón, dejar cocinar.
239;SOPA CHAIRO CON RES I;2. Preparar un aderezo de aceite, ajos, cebolla, ají amarillo, sal, orégano. Agregar el aderezo a la cocción de la sopa, luego añadir las verduras: (apio, poro, zanahoria, zapallo, arveja, habas, papa) cocinar.
239;SOPA CHAIRO CON RES I;3. Finalmente agregar la col ,aromatizar con Hierba buena, rectificar sazón y  Servir.
2537;POLL - LOMITO DE POLLO A LA JARDINERA;1. Condimentar el pollo con sal, pimienta, ajo, sillao. Saltear el pollo en aceite caliente.
2537;POLL - LOMITO DE POLLO A LA JARDINERA;"2. Agregar las verduras, zanahoria, vainita, pimiento, cebolla, choclo, agregar vinagre y condimentar con sal y pimienta. Agregar agua para soltar la salsa y hervir por un par de minutos; ligar la preparación con maicena diluida en agua."
2537;POLL - LOMITO DE POLLO A LA JARDINERA;3. Servir y decorar con perejil picado.
255;SOPA DE MORON CON POLLO;1. En una olla con agua hirviendo sancochar el pollo por 40 minutos, luego echar la verdura (apio, poro, zanahoria , papa, zapallo, sal) y el morón, cocer.
255;SOPA DE MORON CON POLLO;2. Aparte preparar un aderezo de aceite, ajos, cebolla, ají panca, sal, pimienta, orégano, agregarlo a la sopa.
255;SOPA DE MORON CON POLLO;3. Finalmente comprobar el punto de la sal, aromatizar con orégano y hierba buena.
255;SOPA DE MORON CON POLLO;4. Servir la sopa con perejil y culantro picado.
260;SOPA DE POLLO CON FIDEOS;1. En una olla con agua hirviendo, sancochar el pollo a fuego lento hasta obtener un caldo con sabor, agregar las verduras y cocinar hasta que estén a punto.
260;SOPA DE POLLO CON FIDEOS;2. Hacer un aderezo, aceite, ajo, kion, sal y aromatizar con orégano.
260;SOPA DE POLLO CON FIDEOS;3. Agregar el aderezo a la cocción de la sopa, y el fideo cocinar al dente.
260;SOPA DE POLLO CON FIDEOS;4. Servir la sopa con perejil picado.
276;PUL - CHANFAINITA;1. Darle una pre cocción al pulmón, aromatizar con hierba buena  y cortar en cubos medianos.
276;PUL - CHANFAINITA;2. Hacer un aderezo, aceite, cebolla, ajo, ají panca, sal, pimienta, comino.
276;PUL - CHANFAINITA;3. Agregar la papa en cubos, añadir agua y cocinar. A mitad de cocción agregar el pulmón y terminar la cocción hasta que quede a punto.
276;PUL - CHANFAINITA;4. Aromatizar la preparación con hierba buena y perejil picado.
290;SOPA DE POLLO CON ARROZ;1. En una olla con agua hirviendo cocer el pollo a fuego lento hasta obtener un caldo con sabor , añadir las verduras (apio, poro, nabo, papa, zanahoria, zapallo, sal), y arroz.
290;SOPA DE POLLO CON ARROZ;2. Finalmente comprobar la sal y aromatizar con hierba buena, perejil y culantro.
296;SOPA DE POLLO CON VERDURAS;1. En una olla con agua hirviendo cocinar el pollo hasta obtener un caldo saborizado, añadir las verduras (apio, poro, nabo, zapallo, zanahoria, papa, choclo, sal ).
296;SOPA DE POLLO CON VERDURAS;2. Aparte preparar un aderezo de aceite, ajo, cebolla, kion, orégano, añadir a las sopa, agregar col, fideos.
296;SOPA DE POLLO CON VERDURAS;3. Finalmente rectificar sazón y aromatizar con perejil.
3;GALL - AJI DE GALLINA;1. Sancochar la gallina en agua y aromatizar con laurel y apio. Retirar y deshilachar.
3;GALL - AJI DE GALLINA;2. Remojar el pan en el liquido de cocción de la gallina. Licuar y reservar.
3;GALL - AJI DE GALLINA;3. Hacer un aderezo, aceite, cebolla, ajo, ají amarillo, agregar el pan licuado y dejar cocinar, luego agregar la gallina deshilachada y continuar la cocción por unos minutos más.  Condimentar con sal, pimienta.
3;GALL - AJI DE GALLINA;4. Finalmente agregar la leche, queso parmesano.
3;GALL - AJI DE GALLINA;5. Servir el ají de gallina con huevo sancochado, aceituna y perejil para decoración.
393;PES - TRUCHA FRITA;1. Condimentar la trucha con sal, pimienta, ajo, comino, orégano.
393;PES - TRUCHA FRITA;2. Enharinar la trucha y freír en aceite caliente.
393;PES - TRUCHA FRITA;3. Servir la trucha.
40;ENSALADA CARIBEÑA I;1. Cortar las verduras y las frutas como indica la técnica, conservar en frío.
40;ENSALADA CARIBEÑA I;"2. A parte preparar en un bowl la vinagreta con los siguientes ingredientes; vinagre, mayonesa, azúcar, mostaza, agua, pimienta, sal."
40;ENSALADA CARIBEÑA I;3. Platear. Colocar la lechuga y el brócoli como base, salpicar el jamón y las frutas sobre la base, acompañar con la vinagreta.
421;CHOCLO CON QUESO;2. Sancochar el choclo en agua con sal, azúcar, anís y jugo de limón.
421;CHOCLO CON QUESO;3. Servir sobre lechuga y con el queso.
432;POLL - ESCABECHE DE POLLO;1. Condimentar el pollo con sal, pimienta, comino, sellar y reservar.
432;POLL - ESCABECHE DE POLLO;2. Hacer un aderezo de aceite, ajo cebolla, ají panca, pasta de tomate, vinagre tinto, azúcar, laurel, pollo y añadir agua, continuar con la cocción.
432;POLL - ESCABECHE DE POLLO;3. Saltear cebolla roja, ají amarillo con vinagre, sal, pimienta y perejil picado. Agregarlo a la cocción, hervir  por 2 minutos.
432;POLL - ESCABECHE DE POLLO;4. Ligar la preparación con maicena diluida en agua.
432;POLL - ESCABECHE DE POLLO;5. Servir el pollo con la salsa y agregar la cebolla, ají amarillo. Decorar con aceituna y huevo sancochado.
438;POLL - POLLO A LA COCA COLA;1. Condimentar el pollo con sal, pimienta, tomillo y una parte del sillao. Hornear y reservar.
438;POLL - POLLO A LA COCA COLA;"2. Hacer un aderezo de cebolla y ajo; Agregar el líquido de la cocción del pollo. Licuar."
438;POLL - POLLO A LA COCA COLA;"3. Regresar a cocción la preparación anterior, agregar coca cola, sillao y agua; Reducir."
438;POLL - POLLO A LA COCA COLA;4. Agregar azúcar  y ligar la salsa  con maicena diluida en agua.
438;POLL - POLLO A LA COCA COLA;5. Servir el pollo con la salsa. Decorar con perejil
442;ENSALADA RUSA;1. Sancochar las verduras y mezclarlas, Reservar. Sancochar el huevo, pelar y cortar en gajos.
442;ENSALADA RUSA;2. Mezclar las verduras con mayonesa, mostaza, sal, pimienta y jugo de limon.
442;ENSALADA RUSA;3. Servir la ensalada y decorar con lechuga y perejil picado.
455;POLL - POLLO A LAS FINAS HIERBAS;1. Condimentar el pollo con sal, ajo, pimienta. Sellar y hornear.
455;POLL - POLLO A LAS FINAS HIERBAS;"2. Derretir margarina, agregar la harina mezclar bien para que no se formen grumos, añadir leche y agua tibia; seguir moviendo constantemente hasta formar la salsa."
455;POLL - POLLO A LAS FINAS HIERBAS;3. Una vez lista la salsa agregar las hierbas aromatizas, tomillo, estragón, romero y orégano.
455;POLL - POLLO A LAS FINAS HIERBAS;4. Servir el pollo con la salsa a la finas hierbas.
457;POLL - POLLADA;1. En un bol realizar una mezcla de ají panca, sal, pimienta, comino, ajo, vinagre tinto, sillao, aceite y orégano.
457;POLL - POLLADA;2. Macerar las presas en la mezcla por lo menos 30 minutos.
457;POLL - POLLADA;3. Freír las presas de pollo en aceite caliente.
457;POLL - POLLADA;4. Servir.
465;POLL - POLLO AL HORNO;1. Condimentar el pollo con sal, ajo, ají panca, mostaza, vinagre tinto, comino, sillao, orégano, pimienta.
465;POLL - POLLO AL HORNO;2. Colocar el pollo en bandejas y encima colocar la margarina.
465;POLL - POLLO AL HORNO;3. Hornear y reservar el liquido de la cocción.
465;POLL - POLLO AL HORNO;4. Hacer un aderezo con aceite, ajo, aji panca, verter el liquido de la cocción, Ligar la salsa con maicena diluida en agua.  Servir bañando el pollo.
477;POLL - POLLO CON VERDURAS CHINAS;"1. Sazonar el pollo con sal, pimienta, kion y ajo; Hornear."
477;POLL - POLLO CON VERDURAS CHINAS;"2. Sudar la cebolla roja, ajo, sillao, mensi, azúcar, añadir agua para soltar la salsa, condimentar con sal y pimienta; Ligar la salsa con maicena diluida en agua."
477;POLL - POLLO CON VERDURAS CHINAS;3. Saltear las verduras chinas. Reservar.
477;POLL - POLLO CON VERDURAS CHINAS;4. Servir el pollo con la salsa y decorar con las verduras chinas.
502;CER - PATITA CON MANI;1. En una olla blanquear la pata de cerdo en agua a punto de ebullición y aromatizar con hierba buena.
502;CER - PATITA CON MANI;2. Hacer un aderezo, aceite, cebolla, ajo, ají panca, sal, pimienta y comino.
502;CER - PATITA CON MANI;3. Agregar papa en cubos y añadir agua dejar cocinar y a mitad de cocción agregar la pata de res y dejar que termine de cocinar.
502;CER - PATITA CON MANI;4. Rectificar el sabor y agregar el maní molido.
502;CER - PATITA CON MANI;5. Servir y decorar con hierba buena y perejil picado.
504;RES - OLLUQUITO CON RES;1. Hacer un aderezo: aceite, cebolla, ajo, ají panca, sal, pimienta y comino. Cocinar por unos minutos.
504;RES - OLLUQUITO CON RES;2. Agregar la carne de res, sellar, luego agregar olluco, papa blanca, agregar agua y continuar con la cocción.
504;RES - OLLUQUITO CON RES;3. Rectificar el sabor y finalmente agregar perejil picado. Servir.
528;SOPA CAZUELA DE GALLINA;"1. En una olla con agua hirviendo sancochar la gallina, una vez que este casi cocida la gallina;"
528;SOPA CAZUELA DE GALLINA;"2. Agregar las verduras; apio, poro, zanahoria, choclo, yuca, papa, nabo, zapallo, choclo, luego de 20 minutos aumentar el arroz y continuar con la cocción."
528;SOPA CAZUELA DE GALLINA;3. Preparar un aderezo de aceite, ajo, ají panca, sal, pimienta, orégano. Agregarlo a la cocción. Finalmente agregar la col.
528;SOPA CAZUELA DE GALLINA;4. Finalmente aromatizar la sopa con hierba buena y culantro picado, comprobar el punto de sal. servir.
542;KEKE DE PLATANO;1. Batir la margarina con el azfacar hasta blanquear la margarina f3 disolver el azfacar.
542;KEKE DE PLATANO;2. Agregar los huevos uno por uno, una vez terminado agregar la harina previamente mezclado con el polvo de hornear y sin dejar de batir agregar la leche, agua y vainilla hasta que se forme una masa ligera. Agregar el ple1tano previamente licuado con ligera cantidad de leche y agua (solo para que se deje licuar).
542;KEKE DE PLATANO;3. Echar en el molde previamente enmantequillado y enharinado, llevar al horno a una temperatura de 180b0C por una hora.
542;KEKE DE PLATANO;4. Enfriar cortar y servir.
5436;SOPA DE ESPINACA CON POLLO;1. Sancochar la carne de res en agua por 40 minutos.
5436;SOPA DE ESPINACA CON POLLO;2. Agregar las verduras, menos a espinaca y cocinar por 20 minutos más. Luego agregar el fideo y continuar con la cocción.
5436;SOPA DE ESPINACA CON POLLO;"3. Aderezo; aceite, cebolla, ajo, pasta de tomate, tocino, sal, pimienta y orégano. Añadirlo a la cocción de la sopa."
5436;SOPA DE ESPINACA CON POLLO;4. Finalmente agregar la espinaca. Servir.
545;CHURROS CON MANJAR BLANCO;1. Poner en una cacerola el agua, leche y margarina. Llevar al fuego y cuando rompa el hervor agregar de golpe la harina.
545;CHURROS CON MANJAR BLANCO;2. Cocinar revolviendo con cuchara hasta que la pasta se despegue de las paredes de la cacerola. Fuera del fuego af1adirle el huevo, vainilla y sal, seguir trabajando hasta integrar todo.
545;CHURROS CON MANJAR BLANCO;3. Poner la pasta en una manga con boquilla rizada gruesa y dejar caer los churros en aceite caliente, corte1ndolos del largo que se desee
545;CHURROS CON MANJAR BLANCO;4. Una vez cocidos y la pasta dorada, retirar con una espumadera, escurrir sobre un papel absorbente. Rellenar con manjar blanco y espolvorear con abundante azfacar
554;PIE DE LIMON I;1. En la mesa de trabajo colocar la harina y margarina, amasarlos hasta que la harina desaparezca.
554;PIE DE LIMON I;2. Disolver el azfacar rubia con agua y vainilla, agregar a la mezcla preparada y amasar.
554;PIE DE LIMON I;3. Estirar la masa al tamaf1o del molde deseado y hornear a 180b0C por un 20 f3 25 minutos y enfriar.
554;PIE DE LIMON I;4. Separar las claras de las yemas y dejarlo en espera.
554;PIE DE LIMON I;5. En un recipiente agregar la leche condensada, af1adirle el jugo de limf3n, las yemas separadas y mezclarlo hasta que se forme una masa homoge9nea.
554;PIE DE LIMON I;6. Verter la mezcla de la leche condensada hacia el molde horneado fredo y llevarlo al horno a una temperatura de 150b0C por un tiempo de 10 minutos o hasta que la preparacif3n cuaje.
554;PIE DE LIMON I;7. Retirar y enfriar, con la clara restante batir con azfacar blanca hasta formar un merengue y af1adirlo con espe1tula encima del pie horneado. Nuevamente llevarlo al horno a temperatura alta para que tome color (si hubiera soplete hacerlo con este).
583;GELATINA DE PIÑA;1. Mezclar la gelatina con agua hervida hasta que se disuelva bien
583;GELATINA DE PIÑA;2. Enfriar y servir.
584;GELATINA DE NARANJA;1. Mezclar la gelatina con agua hervida hasta que se disuelva bien
584;GELATINA DE NARANJA;2. Enfriar y servir.
585;GELATINA DE FRESA;1. Mezclar la gelatina con agua hervida hasta que se disuelva bien
585;GELATINA DE FRESA;2. Verter la gelatina en un recipiente y enfriar hasta que cuaje y servir.
604;RELAMPAGO;1. En una olla agregar leche, agua, sal y margarina, poner a fuego hasta que disuelva la margarina. Incorporar la harina, batir con un cucharf3n hasta que forme una masa que se despegue de la olla.
604;RELAMPAGO;2. Retirar la olla del fuego y con el cucharf3n agregar los huevos uno por uno batie9ndolos hasta que esta masa tome punto de una crema pastelera.
604;RELAMPAGO;3. Manguear esta masa a lo largo de 4 cm cada uno, llevar al horno a una temperatura de 180b0C por un tiempo de 15 a 20 minutos. Retirar y enfriar.
604;RELAMPAGO;4. Batir el chantipack y con una manga con boquilla agregar el chantipack batido por debajo del rele1mpago horneado y baf1arlo con cobertura derretida en baf1o maria. Servir.
608;MANZANA ROJA;1.Lavar, desinfectar  y servir.
609;TUNA ROJA;1. Lavar, desinfectar, pelar y servir.
610;NARANJA DE MESA;1.Lavar, desinfectar  y servir.
611;MANDARINA;1.Lavar, desinfectar  y servir.
614;GELATINA ARCO IRIS;1. Hervir el agua y usar la mitad para la gelatina de piña y la otra mitad para la gelatina de fresa.
614;GELATINA ARCO IRIS;2. Servir en recipiente la gelatina de fresa ya disuelta y cuajar
614;GELATINA ARCO IRIS;3. Luego de cuajar la gelatina de fresa, agregar encima la gelatina de piña previamente fría y poner a enfriar hasta que cuaje
614;GELATINA ARCO IRIS;4. Cortar y servir.
644;SOPA CANUTO CON POLLO;1. Sancochar el pollo en agua por 30 minutos. Agregar las verduras menos la papa, col y continuar con la cocción.
644;SOPA CANUTO CON POLLO;2. Agregar el fideo con la papa y cocinar por 20 minutos más.
644;SOPA CANUTO CON POLLO;"3. Aderezo; aceite, cebolla, ajo, pasta de tomate, sal, pimienta, orégano. Agregarlo a la cocción."
644;SOPA CANUTO CON POLLO;4. Finalmente agregar la col y servir con perejil picado.
655;POLL - POLLO BROASTER;1.Sazonar el pollo con pimienta, sal, ajo, mostaza, vinagre, orégano, luego pasarlo por harina, huevo batido y finalmente por chuño.
655;POLL - POLLO BROASTER;2. Freír el pollo en aceite caliente, eliminar el exceso de grasa.
655;POLL - POLLO BROASTER;3. Servir.
656;POLL - POLLO AL SILLAO;1. Condimentar el pollo con sal, pimienta y una parte de sillao. Sellar y reservar.
656;POLL - POLLO AL SILLAO;2. Hacer un aderezo con aceite, ajo, kion, sillao, salsa de ostion, agregar el pollo y agua, continuar con la cocción.
656;POLL - POLLO AL SILLAO;3. Rectificar el sabor y ligar la salsa con maicena diluida en agua fría.
656;POLL - POLLO AL SILLAO;4. Saltear la cebolla china y el pimiento y agregarlo a la preparación. Servir el pollo con la salsa y las verduras.
666;POLL- POLLO AL LIMON;1. Condimentar el pollo con sal, pimienta. Hornear y reservar el liquido.
666;POLL- POLLO AL LIMON;2. Hacer un aderezo con aceite, margarina, cebolla, ajo, ají amarillo, tomillo, sal, pimienta, agregar agua y el liquido de la cocción del pollo, cocinar por unos minutos. Finalmente agregar el jugo del limón.
666;POLL- POLLO AL LIMON;3. Ligar la preparación con maicena diluida en agua.
666;POLL- POLLO AL LIMON;4. Servir el pollo con la salsa de limón y decorar con perejil picado.
68;RES - PICANTE DE RES;1. Hacer un aderezo, aceite, cebolla, ajo, ají panca, tomate concasse, sal, pimienta, comino, orégano.
68;RES - PICANTE DE RES;2. Agregar la carne de res, sellar. Agregar agua dejar cocinar la carne a mitad de cocción agregar la papa y terminar hasta que este suave la carne.
68;RES - PICANTE DE RES;3. Finalmente rectificar el sabor, agregar la zanahoria, arverjita, choclo y aromatizar con culantro.
68;RES - PICANTE DE RES;4. Servir.
69;RES - MALAYA DORADA;1. Sancochar la malaya en agua con laurel, apio, poro. Una vez que este suave la carne retirar y reservar.
69;RES - MALAYA DORADA;2. Hacer una mezcla de ají panca, ajo, sal, pimienta, comino, vinagre tinto, orégano.
69;RES - MALAYA DORADA;3. Cortar la carne y macerarla en la mezcla anterior.
69;RES - MALAYA DORADA;4. Freír en aceite caliente. Servir.
720;MAZAMORRA DE NARANJA;"1. Hervir en agua con la canela entera y clavo de olor; Cuando este concentrado, agregar el azúcar; Sacar la canela y el clavo; Agregar el jugo de naranja y Ligar con maicena, decorar con canela molida."
721;COCKTAIL DE FRUTAS;1. Hervir agua con clavo de olor, canela y la piña.
721;COCKTAIL DE FRUTAS;2. Agregar la manzana, papaya, azúcar y el colorante de yema de huevo.
721;COCKTAIL DE FRUTAS;3. Finalmente ligar con maicena diluida en agua
721;COCKTAIL DE FRUTAS;4. Servir con canela molida.
722;MAZAMORRA DE MEMBRILLO;"1. Hervir en agua con el membrillo, canela entera y clavo de olor; Cuando la fruta este tierna agregar el azúcar; Sacar la canela y el clavo; Ligar con maicena y decorar con canela molida."
725;MAZAMORRA DE COCHINO;1.En una olla colocar, agua, canela, clavo de olor, leche, cascara de naranja, chancaca y azúcar dejar hervir, agregar la harina disuelta con agua y yemas batiendo fuerte
725;MAZAMORRA DE COCHINO;2.Agregar la esencia de vainilla.
725;MAZAMORRA DE COCHINO;3.Servir en compotera y decorar con coco rallado.
761;POLL - CORDON BLEU DE POLLO;"1. Filetear la pechuga de pollo, condimentar con sal y pimienta; rellenar con queso Edam y jamón, enrollar, pasar por harina, huevo y pan molido."
761;POLL - CORDON BLEU DE POLLO;2. Freír en aceite los enrollados. Servir
825;HUEVO RELLENO DE VERDURAS;1. Sancochar los huevos, la papa y blanquear las verduras.
825;HUEVO RELLENO DE VERDURAS;2. Retirar las yemas, conservar las claras y mezclar las yemas con la mayonesa, las verduras, sal y pimienta.
825;HUEVO RELLENO DE VERDURAS;3. Rellenar las claras con la mezcla de las yemas con las verduras.
825;HUEVO RELLENO DE VERDURAS;4. Mezclar el kétchup con la mayonesa y el azucar.
825;HUEVO RELLENO DE VERDURAS;"5. Sobre una hoja de lechuga poner una rodaja de papa y los dos pedazos de huevos; Pintar con la salsa golf y decorar con perejil picado."
890;RES - BISTECK A LA PARRILLA I;1. Marinar la carne con pimienta, sal, vinagre, romero, orégano y ajo.
890;RES - BISTECK A LA PARRILLA I;2. Freír con aceite vegetal.
951;RES - RES A LA CACEROLA;1. Condimentar la carne con sal, pimienta, comino. Sellar y reservar.
951;RES - RES A LA CACEROLA;2. Hacer un aderezo de cebolla, ajo, tomate, ají panca, ají amarillo.  Añadir la carne,  agua y cocinar hasta que este la carne este cocido.
951;RES - RES A LA CACEROLA;3. Ligar la salsa con maicena diluida en agua, cocinar por unos minutos más. Agregar las verduras y decorar con perejil. Servir.
956;RES - BISTECK APANADO;"1. Marinar la carne con sal, pimienta, ajo, orégano, tomillo y mostaza; Sazonar la harina, el huevo y el pan, con sal y pimienta y pasarla la carne primero por harina, luego por huevo y finalmente por pan. Freír."
956;RES - BISTECK APANADO;2. Sellar en aceite vegetal y freír.
981;POLL - MILANESA DE POLLO;1. Condimentar el filete de pollo con sal, pimienta, mostaza y ajo.
981;POLL - MILANESA DE POLLO;2. Pasar el filete de pollo por harina, huevo y pan molido.
981;POLL - MILANESA DE POLLO;3. En una plancha calentar aceite y freír la milanesa. Pasar la milanesa por papel absorbente para eliminar la grasa.
981;POLL - MILANESA DE POLLO;4. Servir.
