ingrediente;unidad;recetas;producto_sgp_exacto;candidatos_sgp
ACEITE DE AJONJOLI;L;2;;ACEITE DE OLIVA VIRGEN KUSASA 4 LT | ACEITE DE OLIVA LOMAS DE OLIVAR 1 LT | ACEITE DE OLIVA VIRGEN OLIVEZA 4 LT | ACEITE DE OLIVA VIRGEN OLIVEZA 1 LT
ACEITE DE OLIVA;L;1;;ACEITE DE OLIVA VIRGEN KUSASA 4 LT | ACEITE DE OLIVA LOMAS DE OLIVAR 1 LT | ACEITE DE OLIVA VIRGEN OLIVEZA 4 LT | ACEITE DE OLIVA VIRGEN OLIVEZA 1 LT
ACEITE VEGETAL;L;508;;ACEITE VEGETAL CIELO 5 LT | ACEITE VEGETAL CIELO 18 LT | ACEITE VEGETAL DELEITTE 5 LT | ACEITE VEGETAL PRIMOR 5 LT | ACEITE VEGETAL COCINERO 5 LT
ACEITUNA NEGRA;KG;11;;ACEITUNA NEGRA SIN PEPA | ACEITUNA NEGRA RODAJA
ACEITUNA NEGRA EN RODAJA;KG;23;;ACEITUNA NEGRA SIN PEPA | ACEITUNA NEGRA RODAJA
ACEITUNA VERDE;KG;2;SI;ACEITUNA VERDE SIN PEPA | ACEITUNA VERDE RODAJA
ACEITUNA VERDE EN RODAJA;KG;1;;ACEITUNA VERDE | ACEITUNA VERDE SIN PEPA | ACEITUNA VERDE RODAJA
ACELGA;KG;1;SI;
ACELGA REFRIGERADO;KG;3;;
AGUA PARA RECETA;L;604;;
AGUA SAN LUIS SIN GAS 750 ML;UND;1;SI;AGUA SAN LUIS BIDON 20 LT | AGUA SAN LUIS DESCARTABLE BIB 20 LT | AGUA SAN LUIS SIN GAS 2.5 LT | AGUA SAN LUIS CON GAS 625 ML | AGUA SAN LUIS SIN GAS 625 ML
AJI AMARILLO MOLIDO ENVASADO;KG;7;;AJI AMARILLO X KG
AJI AMARILLO REFRIGERADO;KG;56;;AJI AMARILLO X KG
AJI LIMO REFRIGERADO;KG;10;;AJI LIMO
AJI PANCA;KG;1;;AJI PANCA SECO 4 ESTACIONES 1 KG
AJI PANCA MOLIDO ENVASADO;KG;22;;AJI PANCA SECO 4 ESTACIONES 1 KG
AJINOMOTO;KG;73;;
AJO MOLIDO ENVASADO;KG;106;;
AJONJOLI;KG;2;;
ALBAHACA MOLIDA ENVASADA;KG;1;;ALBAHACA MOLIDA X KG
ALBAHACA REFRIGERADO;KG;28;;
ALCACHOFA CORAZON REFRIGERADO;KG;1;;
ALGARROBINA;L;1;;
ANIS FILTRANTE;UND;6;;
ANIS FILTRANTE (KG);KG;5;;
ANIS SECO;KG;9;;ANIS SECO 4 ESTACIONES 1 KG
APIO REFRIGERADO;KG;81;;
ARROZ EXTRA;KG;24;;ARROZ EXTRA NIR DEL NORTE | ARROZ EXTRA PARBOILED | ARROZ EXTRA MOLINO ROJO | ARROZ EXTRA VERDI | ARROZ EXTRA D'AMANTE
ARROZ EXTRA NIR;KG;15;;ARROZ EXTRA NIR DEL NORTE | ARROZ EXTRA PARBOILED | ARROZ EXTRA MOLINO ROJO | ARROZ EXTRA VERDI | ARROZ EXTRA D'AMANTE
ARROZ GRANO QUEBRADO PARA SOPA;KG;21;;
ARVEJA PELADA CONGELADA;KG;17;;
ARVEJA PELADA CONGELADO;KG;54;;
ARVEJA VERDE PARTIDA;KG;1;;ARVEJA VERDE PARTIDA CANTA CLARO BOLSA 500 GR | ARVEJA VERDE PARTIDA BELEN 5 KG | ARVEJA VERDE PARTIDA COSTEÑO 500 GR | ARVEJA VERDE PARTIDA LA SIEMBRA 5 KG | ARVEJA VERDE 1 KG
ATUN EN ACEITE LATA;KG;14;;
AVENA;KG;21;;
AZUCAR BLANCA GRANEL;KG;15;;AZUCAR BLANCA PERSONAL TRES ESPADAS 500 UNIDS | AZUCAR BLANCA | AZUCAR BLANCA PERSONAL SODEXO PAQ (5 GR)1 MILLAR | AZUCAR BLANCA COSTEÑO 1 KG | AZUCAR BLANCA SACO 50 KG
AZUCAR IMPALPABLE;KG;14;;AZUCAR IMPALPABLE HONORA (LEVAPAN) 5 KG | AZUCAR IMPALPABLE NEGUSA 1 KG | AZUCAR IMPALPABLE NEGUSA 1 KG - UNIDAD | AZUCAR IMPALPABLE LA NEGRITA 5 KG
AZUCAR RUBIA;KG;289;SI;AZUCAR RUBIA PERSONAL TRES ESPADAS 500 UNIDS | AZUCAR RUBIA PERSONAL TRES ESPADAS 5 GRM (BOLSA 2.5 MILLAR) | AZUCAR RUBIA PERSONAL ONZA PAQ 1 MILLAR | AZUCAR RUBIA PERSONAL SODEXO PAQ (5 GR) 1 MILLAR | AZUCAR RUBIA POMALCA 1 KG
BASE AMARILLA;KG;21;;
BASE CRIOLLA;KG;46;;
BASE DE TOMATE;KG;30;;
BASE NEUTRA;KG;5;;
BASE NORTEÑA;KG;2;;
BASE ORIENTAL;KG;1;;
BASE VERDE;KG;8;;
BERENJENA REFRIGERADA;KG;4;;
BETERRAGA ENTERA REFRIGERADA;KG;8;;
BETERRAGA ENTERA REFRIGERADO;KG;6;;
BICARBONATO DE SODIO;KG;3;;BICARBONATO DE SODIO 227 GR | BICARBONATO DE SODIO ELYMAR 250 GR | BICARBONATO DE SODIO 4 ESTACIONES 250 GR
BLEND DE DURAZNO QUIMTIA;L;1;;
BLEND DE FRESA QUIMTIA;L;1;;
BLEND DE FRUTOS ROJOS QUIMTIA;L;1;;
BLEND DE GUANABANA QUIMTIA;L;1;;
BLEND DE NARANJA QUIMTIA;L;1;;
BONITO FILETE CON PIEL CONGELADO;KG;9;SI;BONITO FILETE CON PIEL CONGELADO - KGM
BROCOLI 20-40 CONGELADO;KG;32;;
CAFE MOLIDO INSTANTANEO KG;KG;1;;CAFE MOLIDO STANDAR RISSO GRANEL KG | CAFE MOLIDO CAPPUCCINO NESTLE 1 KG | CAFE MOLIDO MOKACCINO NESTLE 1 KG | CAFE MOLIDO NESCAFE TRADICION NESTLE 500 GR | CAFE MOLIDO SELLO ROJO 425 GR
CAFE PARA PASAR MOLIDO;KG;3;;
CAIGUA REFRIGERADA;KG;7;;
CAIGUA REFRIGERADO;KG;3;;
CALABAZA REFRIGERADO;KG;2;;
CALDO DE CARNE;KG;28;;CALDO DE GALLINA KNORR SACHET 1.5 KG | CALDO DE CARNE KNORR SACHET 650 GR
CALDO DE GALLINA;KG;89;;CALDO DE GALLINA KNORR SACHET 1.5 KG | CALDO DE CARNE KNORR SACHET 650 GR
CAMOTE AMARILLO REFRIGERADO;KG;25;;CAMOTE AMARILLO
CANELA CHINA;KG;1;;CANELA CHINA 4 ESTACIONES 1 KG
CANELA ENTERA;KG;110;;CANELA ENTERA 4 ESTACIONES 1 KG | CANELA ENTERA 4 ESTACIONES 500 GR
CANELA MOLIDA;KG;28;;CANELA MOLIDA 4 ESTACIONES 1 KG
CARAMBOLA REFRIGERADO;KG;1;;
CEBADA TOSTADA;KG;2;;CEBADA TOSTADA INSTANTANEA NESTLE ECO 195 GR | CEBADA TOSTADA COSECHA ANDINA 5 KG | CEBADA TOSTADA CANTA CLARO 5 KG | CEBADA TOSTADA INSTANTANEA NESTLE ECCO 170 GR | CEBADA TOSTADA INSTANTANEA NESTLE ECCO 175 GR
CEBOLLA CHINA REFRIGERADA;KG;9;;CEBOLLA CHINA
CEBOLLA CHINA REFRIGERADO;KG;31;;CEBOLLA CHINA
CEBOLLA ROJA REFRIGERADA;KG;105;;CEBOLLA ROJA
CEBOLLA ROJA REFRIGERADO;KG;129;;CEBOLLA ROJA
CEDRON REFRIGERADO;KG;2;;
CERDO PATA CONGELADO;KG;4;;
CERDO PIERNA SIN PIEL Y SIN HUESO CONGELADO;KG;12;;
CERDO PIERNA SIN PIEL Y SIN HUESO REFRIGERADO;KG;3;;
CEREAL ANGEL FIBRA;KG;1;;CEREAL ANGEL FLAKES NATURAL 10 KG | CEREAL ANGEL FLAKES MAIZ 500 GR | CEREAL ANGEL MELI 20 GR
CEREAL ANGEL SHAPE;KG;1;;CEREAL ANGEL FLAKES NATURAL 10 KG | CEREAL ANGEL FLAKES MAIZ 500 GR | CEREAL ANGEL MELI 20 GR
CEREZAS MARRASQUINO;KG;1;;
CHAMPIGÑONES LATA;KG;4;;CHAMPIGÑONES LATA NIRCISSUS 425 GR
CHAMPIGÑONES REFRIGERADO;KG;5;;
CHANCACA;KG;3;;
CHICHARRON DE PRENSA CONGELADO;KG;2;;CHICHARRON DE PRENSA CONGELADO KG | CHICHARRON DE PRENSA SUIZA MOLDE 180G REFRIGERADO KG | CHICHARRON DE PRENSA CONGELADO 500 GR
CHINCHO REFRIGERADO;KG;2;;
CHOCLO AMARILLO;KG;1;;
CHOCLO AMARILLO DESGRANADO CONGELADO;KG;40;;
CHOCLO AMARILLO ENTERO REFRIGERADO;KG;1;;
CHOCLO DESGRANADO CONGELADO;KG;20;SI;CHOCLO DESGRANADO LIBER CONGELADO (G)
CHOCOLATE BARRA CON MANI 32 GR;UND;1;;
CHOCOLATE BLANCO COBERTURA NEGUSA;KG;1;;CHOCOLATE BLANCO COBERTURA NEGUSA 600 GR
CHOCOLATE DE TAZA KG.;KG;1;;
CHOCOLATE PARA TAZA;KG;1;;CHOCOLATE PARA TAZA SOL DEL CUSCO 90 GR | CHOCOLATE PARA TAZA REAL WINTERS 90 GR | CHOCOLATE PARA TAZA SOL DEL CUSCO 90 GR (EMER) | CHOCOLATE PARA TAZA SOL DEL CUZCO 300 GR (E) | CHOCOLATE PARA TAZA CANELA Y CLAVO WINTERS 80 GR
CHORIZO;KG;1;;
CHORIZO PARRILLERO CONGELADO;KG;5;;CHORIZO PARRILLERO CONGELADO KG (C) | CHORIZO PARRILLERO SEGOVIANA CONGELADO KG | CHORIZO PARRILLERO CONGELADO KG - BRAEDT
CHULETA DE CERDO TROZADO 150 GR CONGELADO;KG;1;SI;CHULETA DE CERDO TROZADO 120 GR CONGELADO | CHULETA DE CERDO TROZADO 120 GR CONGELADO - REDONDOS | CHULETA DE CERDO TROZADO 150 GR CONGELADO - REDONDOS | CHULETA DE CERDO TROZADO 200 GR CONGELADO - REDONDOS | CHULETA DE CERDO TROZADO 120 GR CONGELADO (I)
CHULETA DE CERDO TROZADO 200 G CONGELADO;KG;1;;CHULETA DE CERDO TROZADO 150 GR CONGELADO | CHULETA DE CERDO TROZADO 120 GR CONGELADO | CHULETA DE CERDO TROZADO 120 GR CONGELADO - REDONDOS | CHULETA DE CERDO TROZADO 150 GR CONGELADO - REDONDOS | CHULETA DE CERDO TROZADO 200 GR CONGELADO - REDONDOS
CHUÑO;KG;15;;
CHUÑO ENTERO;KG;5;;CHUÑO ENTERO SAN JUAN MASIAS (EX BELEN) 5 KG | CHUÑO ENTERO BLANCO TOÑA 1 KG | CHUÑO ENTERO BLANCO 4 ESTACIONES 1 KG | CHUÑO ENTERO NEGRO 4 ESTACIONES 1 KG
CHUÑO NEGRO MOLIDO;KG;1;;CHUÑO NEGRO SAN JUAN MASIAS (EX BELEN)5 KG | CHUÑO NEGRO MOLIDO SAN JUAN MASIAS (EX BELEN) 5 KG
CHUÑO NEGRO REFRIGERADO;KG;1;;CHUÑO NEGRO SAN JUAN MASIAS (EX BELEN)5 KG | CHUÑO NEGRO MOLIDO SAN JUAN MASIAS (EX BELEN) 5 KG
CLAVO DE OLOR ENTERO;KG;102;;CLAVO DE OLOR ENTERO 4 ESTACIONES 1 KG
COBERTURA BITTER NEGRO;KG;3;;COBERTURA BITTER PURATOS 10 KG | COBERTURA BITTER OBLEAS NEGUSA 1 KG
COCA COLA 0.5 LT;UND;1;;
COCA COLA 3 LT;L;1;;
COCA COLA LT;L;2;;
COCKTAIL DE FRUTA LATA;KG;1;;COCKTAIL DE FRUTAS COMPASS 820 GR | COCKTAIL DE FRUTAS FANNY 820 GR | COCKTAIL DE FRUTAS ACONCAGUA 820/822 GR | COCKTAIL DE FRUTAS COMPASS 822 GR | COCKTAIL DE NUECES VALLEALTO X 90 GR
COCO RALLADO;KG;8;;COCO RALLADO LARGO 4 ESTACIONES 250 GR | COCO RALLADO 4 ESTACIONES 1 KG | COCO RALLADO COCOS Y NUTS 1 KG
COCOA A GRANEL;KG;13;;
COCONA REFRIGERADO;KG;1;;
COL CHINA REFRIGERADO;KG;8;;COL CHINA
COL CRIOLLA REFRIGERADO;KG;22;;
COLA DE CABALLO REFRIGERADO;KG;1;;COLA DE CABALLO
COLANTAO REFRIGERADO;KG;9;;
COLAPIZ EN POLVO;KG;4;;COLAPIZ EN POLVO TOÑA 1 KG | COLAPIZ EN POLVO 4 ESTACIONES 1 KG | COLAPIZ EN POLVO 4 ESTACIONES 250 GR | COLAPIZ EN POLVO 4 ESTACIONES 500 GR
COLIFLOR 20-40 CONGELADO;KG;17;;
COLIFLOR 20-60 CONGELADO;KG;1;;
COMINO MOLIDO;KG;105;;COMINO MOLIDO 4 ESTACIONES 1 KG
CONCENTRADO DE CARAMBOLA;L;1;;
CONCENTRADO DE DURAZNO;L;1;;
CONCENTRADO DE EMOLIENTE 2 LT;L;2;;
CONCENTRADO DE GUANABANA;L;1;;
CONCENTRADO DE MAIZ MORADO;L;4;;
CONCENTRADO DE MANZANA;L;2;;
CONCENTRADO DE MARACUYA;L;3;;
CONCENTRADO DE MEMBRILLO X 1 LT;KG;1;;
CORDERO S/HUESO CONGELADO;KG;2;;
CREMA CHANTILLY;L;8;;CREMA CHANTILLY PRIMAVERA 1 LT | CREMA CHANTILLY MONA LISA BRICKS 1LT
CREMA DE CHAMPIGÑONES DESHIDRATADA;KG;1;;CREMA DE ESPARRAGOS KNORR 1 KG | CREMA DE CHAMPIÑONES MACROFOODS 1 KG | CREMA DE VERDURAS MACROFOODS 1 KG | CREMA DE CHOCLO MACROFOODS 1 KG | CREMA DE POLLO MACROFOODS 1 KG
CREMA DE LECHE;L;1;;CREMA DE ESPARRAGOS KNORR 1 KG | CREMA DE CHAMPIÑONES MACROFOODS 1 KG | CREMA DE VERDURAS MACROFOODS 1 KG | CREMA DE CHOCLO MACROFOODS 1 KG | CREMA DE POLLO MACROFOODS 1 KG
CULANTRO REFRIGERADO;KG;73;;
CURRY;KG;1;;
CUY ENTERO EVISCERADO CONGELADO;KG;1;;CUY ENTERO CONGELADO ANTAMINA | CUY ENTERO CONGELADO
DURAZNO EN ALMIBAR;KG;8;;DURAZNO EN ALMIBAR COMPASS 822 GR | DURAZNO EN ALMIBAR DEL CIELO 820 GR | DURAZNO EN ALMIBAR VALLE NORTE 820 GR | DURAZNO EN ALMIBAR COMPASS 820 GR | DURAZNO EN ALMIBAR FANNY 820 GR
ESCENCIA DE VAINILLA;L;39;;ESCENCIA DE PANETON LEVAPAN 500 CC | ESCENCIA DE VAINILLA NEGRITA 1 LT PET | ESCENCIA DE PLATANO ELEZAN 90 ML | ESCENCIA DE LUCUMA ELEZAN 90 ML | ESCENCIA DE VAINILLA UMSHA 1 LT PET
ESPINACA CONGELADO;KG;8;;
ESPINACA REFRIGERADO;KG;25;;
ESTRAGON;KG;4;;
EUCALIPTO SECO;KG;2;;
FIDEO CABELLO DE ANGEL;KG;10;;FIDEO CABELLO DE ANGEL LAVAGGI 250 GR | FIDEO CABELLO DE ANGEL MOLITALIA 250 GR | FIDEO CABELLO DE ANGEL BENOTI 250 GR
FIDEO CANUTO;KG;8;;FIDEO CANUTO CHICO NICOLINI 250 GR | FIDEO CANUTO RAYADO DON VITTORIO 250 GR | FIDEO CANUTO CHICO DON VITTORIO 250/235 GR | FIDEO CANUTO GRANDE DEL CIELO 250 GR | FIDEO CANUTO MOLITALIA 235 GR
FIDEO CARACOL;KG;2;;FIDEO CARACOL LAVAGGI 250 GR | FIDEO CARACOL CHICO DON VITTORIO 250 GR | FIDEO CARACOL DEL CIELO 250 GR | FIDEO CARACOL CHICO MOLITALIA 235 GR | FIDEO CARACOL CHICO MOLITALIA 250GR
FIDEO CHINO;KG;6;SI;
FIDEO CODITO;KG;3;;FIDEO CODITO CHICO DON VITTORIO 250 GR
FIDEO FETUCCINI;KG;2;;FIDEO FETUCCINI C/HUEVO NICOLINI 500 GR
FIDEO SPAGUETTI;KG;30;;FIDEO SPAGUETTI DON VITTORIO 500 GR | FIDEO SPAGUETTI NICOLINI 500/450 GR | FIDEO SPAGUETTI MOLITALIA 500 GR | FIDEO SPAGUETTI MOLITALIA 450 GR | FIDEO SPAGUETTI DEL CIELO 500 GR
FIDEO TORNILLO;KG;8;;FIDEO TORNILLO DON VITTORIO 250/225 GR | FIDEO TORNILLO NICOLINI 250 GR | FIDEO TORNILLO MOLITALIA 250 GR | FIDEO TORNILLO MOLITALIA 235 GR | FIDEO TORNILLO MOLITALIA 250GR
FLAN DE CHOCOLATE INSTANTANEO;KG;2;;FLAN DE VAINILLA UNIVERSAL 150 GR | FLAN DE VAINILLA MELOSITA 5 KG | FLAN DE CHOCOLATE CEYLAN 5 KG | FLAN DE VAINILLA CEYLAN 5 KG | FLAN DE VAINILLA LEAL 5 KG
FLAN DE VAINILLA INSTANTANEO;KG;2;;FLAN DE VAINILLA UNIVERSAL 150 GR | FLAN DE VAINILLA MELOSITA 5 KG | FLAN DE CHOCOLATE CEYLAN 5 KG | FLAN DE VAINILLA CEYLAN 5 KG | FLAN DE VAINILLA LEAL 5 KG
FRESA PULPA CONGELADO;KG;9;;
FRIJOL BAYO;KG;1;;
FRIJOL CABALLERO;KG;1;;FRIJOL CABALLERO BELEN 5 KG | FRIJOL CABALLERO LA SIEMBRA 5 KG
FRIJOL CANARIO;KG;5;;FRIJOL CANARIO BELEN 5 KG | FRIJOL CANARIO LA SIEMBRA 5 KG | FRIJOL CANARIO KOMILON 5 KG | FRIJOL CANARIO KOMILON 500 GR | FRIJOL CANARIO CANTA CLARO 5 KG
FRIJOL CHINO REFRIGERADO;KG;5;;FRIJOL CHINO
FRIJOL NEGRO;KG;1;;
FRIJOL PANAMITO;KG;2;;FRIJOL PANAMITO BELEN 5 KG | FRIJOL PANAMITO LA SIEMBRA 5 KG
FUDGE DE CHOCOLATE LT;L;1;;FUDGE DE CHOCOLATE BAZO VELARDE 550 GR
GALLETA DE SODA KG;KG;5;;GALLETA DE ANIMALITOS TREN SAN JORGE 150 GR | GALLETA DE AGUA COSTA LIGHT (LINE) 44 GR | GALLETA DE AGUA COSTA LIGHT (LINE) 42 GR | GALLETA DE ANIMALITOS TREN SAN JORGE 60 GR | GALLETA DE ANIMALITOS TARZAN SAYON 55 GR
GALLETA DULCE VAINILLA NABISCO 37 GR;UND;1;;GALLETA DULCE CHOCOLATE CHOMP 42/38 GR | GALLETA DULCE VAINILLA NABISCO (FIELD) 37 GR | GALLETA DULCE VAINILLA TENTACION 45/43 GR | GALLETA DULCE CHOCOLATE TENTACION 45/43 GR | GALLETA DULCE CHOCOLATE GLACITAS 32 GR ( 23434)
GALLETA SALADA SODA SAN JORGE 40 G;UND;8;;GALLETA SALADA CLUB SOCIAL NABISCO 26 GR | GALLETA SALADA RITZ 22.4 GR | GALLETA SALADA CREAM CRAKER NABISCO 75 GR | GALLETA SALADA DE SODA DIA 250 GR | GALLETA SALADA SODA LINE COSTA 40 GR
GALLINA ENTERA CON MENUDENCIA CONGELADO IMPORTADO;KG;15;;GALLINA ENTERA SIN MENUDENCIA CONGELADO - IMPORTADO | GALLINA ENTERA CON MENUDENCIA CONGELADO | GALLINA ENTERA CON MENUDENCIA CONGELADO IMPORT | GALLINA ENTERA SIN MENUDENCIA CONGELADO - GRANEL | GALLINA ENTERA SIN MENUDENCIA CONGELADO
GARBANZO;KG;3;;
GELATINA FRESA QUIMTIA;KG;4;;
GELATINA NARANJA QUIMTIA;KG;1;;
GELATINA PIÑA QUIMTIA;KG;3;;
GRAJEAS;KG;1;;
GRANADILLA REFRIGERADO;KG;1;;
GUINDONES SIN PEPA;KG;2;;GUINDONES SIN PEPA TOÑA 250 GR | GUINDONES SIN PEPA 4 ESTACIONES 250 GR
HABA VERDE PELADO CONGELADO;KG;17;;HABA VERDE
HARINA DE 7 SEMILLAS;KG;1;;HARINA DE KIWICHA 5 KG - UNIDAD | HARINA DE HABAS MOLINOS DEL SOL 5 KG | HARINA DE KIWICHA MOLINOS DEL SOL 5 KG | HARINA DE MACA MOLINOS DEL SOL 5 KG | HARINA DE SOYA MOLINOS DEL SOL 5 KG
HARINA DE ARVERJA;KG;1;;HARINA DE KIWICHA 5 KG - UNIDAD | HARINA DE HABAS MOLINOS DEL SOL 5 KG | HARINA DE KIWICHA MOLINOS DEL SOL 5 KG | HARINA DE MACA MOLINOS DEL SOL 5 KG | HARINA DE SOYA MOLINOS DEL SOL 5 KG
HARINA DE CHOCHOCA;KG;2;;HARINA DE KIWICHA 5 KG - UNIDAD | HARINA DE HABAS MOLINOS DEL SOL 5 KG | HARINA DE KIWICHA MOLINOS DEL SOL 5 KG | HARINA DE MACA MOLINOS DEL SOL 5 KG | HARINA DE SOYA MOLINOS DEL SOL 5 KG
HARINA DE HABAS;KG;1;;HARINA DE KIWICHA 5 KG - UNIDAD | HARINA DE HABAS MOLINOS DEL SOL 5 KG | HARINA DE KIWICHA MOLINOS DEL SOL 5 KG | HARINA DE MACA MOLINOS DEL SOL 5 KG | HARINA DE SOYA MOLINOS DEL SOL 5 KG
HARINA DE KIWICHA;KG;8;;HARINA DE KIWICHA 5 KG - UNIDAD | HARINA DE HABAS MOLINOS DEL SOL 5 KG | HARINA DE KIWICHA MOLINOS DEL SOL 5 KG | HARINA DE MACA MOLINOS DEL SOL 5 KG | HARINA DE SOYA MOLINOS DEL SOL 5 KG
HARINA DE MACA;KG;5;;HARINA DE KIWICHA 5 KG - UNIDAD | HARINA DE HABAS MOLINOS DEL SOL 5 KG | HARINA DE KIWICHA MOLINOS DEL SOL 5 KG | HARINA DE MACA MOLINOS DEL SOL 5 KG | HARINA DE SOYA MOLINOS DEL SOL 5 KG
HARINA DE MAIZ;KG;2;;HARINA DE KIWICHA 5 KG - UNIDAD | HARINA DE HABAS MOLINOS DEL SOL 5 KG | HARINA DE KIWICHA MOLINOS DEL SOL 5 KG | HARINA DE MACA MOLINOS DEL SOL 5 KG | HARINA DE SOYA MOLINOS DEL SOL 5 KG
HARINA DE SOYA;KG;3;;HARINA DE KIWICHA 5 KG - UNIDAD | HARINA DE HABAS MOLINOS DEL SOL 5 KG | HARINA DE KIWICHA MOLINOS DEL SOL 5 KG | HARINA DE MACA MOLINOS DEL SOL 5 KG | HARINA DE SOYA MOLINOS DEL SOL 5 KG
HARINA DE TRIGO ESPECIAL;KG;126;;HARINA DE KIWICHA 5 KG - UNIDAD | HARINA DE HABAS MOLINOS DEL SOL 5 KG | HARINA DE KIWICHA MOLINOS DEL SOL 5 KG | HARINA DE MACA MOLINOS DEL SOL 5 KG | HARINA DE SOYA MOLINOS DEL SOL 5 KG
HIERBA BUENA REFRIGERADO;KG;31;;HIERBA BUENA
HIERBA LUISA SOBRECITO;UND;2;;
HIGO SECO;KG;2;;HIGO SECO 4 ESTACIONES 1 KG | HIGO SECO PREMIUM 4 ESTACIONES 1 KG | HIGO SECO PREMIUM 4 ESTACIONES 1 KG - CAJA | HIGO SECO SELECTO SANTIS 1 KG
HONGO SECO;KG;6;;HONGO SECO 4 ESTACIONES 500 GR | HONGO SECO 4 ESTACIONES 1 KG
HUACATAY REFRIGERADO;KG;26;;
HUACATAY REFRIGERADO (L);L;1;;
HUEVO LIQUIDO CONGELADO;KG;71;;HUEVO LIQUIDO CONGELADO 2 KG
HUEVO ROSADO REFRIGERADO;KG;38;;HUEVO ROSADO LA CALERA (EMER) | HUEVO ROSADO EN BANDEJA X UND | HUEVO ROSADO (LOCAL) | HUEVO ROSADO BANDEJA X 15 UNID | HUEVO ROSADO (CAJA 25.7KG)
HUEVO ROSADO REFRIGERADO CAJA;KG;63;;HUEVO ROSADO LA CALERA (EMER) | HUEVO ROSADO EN BANDEJA X UND | HUEVO ROSADO (LOCAL) | HUEVO ROSADO BANDEJA X 15 UNID | HUEVO ROSADO (CAJA 25.7KG)
INCA KOLA 0.5 LT;UND;1;;
INFUSION ANIS 50 GRM;KG;1;;INFUSION ANIS DEL VALLE 100 SOBRES | INFUSION ANIS 4 ESTACIONES 50 GRM
INFUSION HIERBA LUISA 50 GRM;KG;4;;INFUSION HIERBA LUISA HERBI 100 SOBRES | INFUSION HIERBA LUISA DEL VALLE 100 SOBRES | INFUSION HIERBA LUISA 4 ESTACIONES 50 GRM
INFUSION MANZANILLA 50 GRM;KG;2;;INFUSION MANZANILLA MC COLLINS 100 SOBRES | INFUSION MANZANILLA DEL VALLE 100 SOBRES | INFUSION MANZANILLA 4 ESTACIONES 50 GRM
INFUSION TE NEGRO 50 GRM;KG;3;;INFUSION TE CANELA Y CLAVO HERBI 100 SOBRES | INFUSION TE CANELA Y CLAVO CAJA HORNIMANS (EMER) | INFUSION TE CANELA Y CLAVO DEL VALLE 100 SOBRES | INFUSION TE PURO DEL VALLE 100 SOBRES | INFUSION TE BOLDO DEL VALLE 100 SOBRES
JAMON DE POLLO REFRIGERADO;KG;1;;
JAMON DEL PAIS CONGELADO;KG;2;;JAMON DEL PAIS REFRIGERADO KG | JAMON DEL PAIS CONGELADO KG | JAMON DEL PAIS REFRIGERADO BRAEDT 500 GR | JAMON DEL PAIS CONGELADO 500 GR
JAMON PARA CAFETIN CONGELADO;KG;26;;JAMON PARA CAFETIN CONGELADO 500 GR | JAMON PARA CAFETIN CONGELADO KG
JAMONADA DE POLLO CONGELADO;KG;1;;JAMONADA DE POLLO CONGELADO KG
JUGO DE NARANJA;L;3;;JUGO DE MANZANA WATTS 200/180 ML | JUGO DE MANZANA WATTS 1 LT | JUGO DE NARANJA PASTEURIZADO X 3.8 LT | JUGO DE DURAZNO FRUGOS 1 LT | JUGO DE MANGO WATTS 200 ML
JUGO DE NARANJA PASTEURIZADO;L;6;;JUGO DE MANZANA WATTS 200/180 ML | JUGO DE MANZANA WATTS 1 LT | JUGO DE NARANJA PASTEURIZADO X 3.8 LT | JUGO DE DURAZNO FRUGOS 1 LT | JUGO DE MANGO WATTS 200 ML
KETCHUP;KG;11;;
KION MOLIDO ENVASADO;KG;15;;KION MOLIDO X KG | KION MOLIDO SECO 4 ESTACIONES 250 GR
KION MOLIDO SECO;KG;39;;KION MOLIDO X KG | KION MOLIDO SECO 4 ESTACIONES 250 GR
KION REFRIGERADO;KG;2;;
LAUREL;KG;55;;
LECHE CLASICA EVAPORADA LATA;L;1;;
LECHE CONDENSADA LATA;L;5;;LECHE CONDENSADA NESTLE 100 GR | LECHE CONDENSADA GLORIA 393 GR | LECHE CONDENSADA NESTLE 393 GR
LECHE EVAPORADA;L;78;;LECHE EVAPORADA (CONCENTRADA) LAIVE BOLSITARRO 800 ML | LECHE EVAPORADA LIGHT LAIVE CAJA 400 ML | LECHE EVAPORADA (CONCENTRADA) LAIVE BOLSITARRO 400 ML
LECHE EVAPORADA TETRA;L;46;;LECHE EVAPORADA (CONCENTRADA) LAIVE BOLSITARRO 800 ML | LECHE EVAPORADA LIGHT LAIVE CAJA 400 ML | LECHE EVAPORADA (CONCENTRADA) LAIVE BOLSITARRO 400 ML
LECHE FRESCA UHT LIGHT;UND;1;;
LECHE FRESCA UHT NORMAL;L;1;;
LECHUGA AMERICANA REFRIGERADO;KG;59;;LECHUGA AMERICANA
LECHUGA ORGANICA REFRIGERADO;KG;44;;LECHUGA ORGANICA
LENTEJA;KG;3;;
LEVADURA INSTANTANEA;KG;36;;LEVADURA INSTANTANEA LEVAPAN 500 GR | LEVADURA INSTANTANEA SAF INSTANT DORADA 500 GR | LEVADURA INSTANTANEA MAURIPAN 500 GR (EMER) | LEVADURA INSTANTANEA FLEISCHMANN 500 GR (EMER) | LEVADURA INSTANTANEA OKEDO INSTANT 500 GR
LIMON VERDE REFRIGERADO;KG;55;;LIMON VERDE EXTRA
LINAZA;KG;1;;
LOMO AHUMADO CONGELADO 500 GR;KG;1;;
MACA AVENA;KG;6;;MACA AVENA 3 OSITOS 150 GR | MACA AVENA 3 OSITOS 170 GR
MAICENA;KG;130;;
MAIZ CANCHA;KG;6;;MAIZ CANCHA EL PLEBEYO 5 KG | MAIZ CANCHA CANTA CLARO 5 KG | MAIZ CANCHA VALLESOL 5 KG
MAIZ MOTE;KG;7;;MAIZ MOTE EL PLEBEYO 5 KG | MAIZ MOTE BELEN 5 KG | MAIZ MOTE MOLINOS DEL SOL 5 KG | MAIZ MOTE CANTA CLARO 5 KG | MAIZ MOTE VALLESOL 5 KG
MANDARINA CON PEPA REFRIGERADO;KG;1;;
MANGO EDWARD REFRIGERADO;KG;2;;
MANGO PULPA CONGELADO;KG;1;;
MANI TOSTADO PELADO;KG;15;;MANI TOSTADO PELADO TOÑA 1 KG | MANI TOSTADO PELADO 4 ESTACIONES 1 KG
MANJAR BLANCO KG;KG;8;;MANJAR BLANCO BAZO VELARDE 900 GR | MANJAR BLANCO NESTLE 1 KG
MANTECA GRANEL KG;KG;20;;
MANTEQUILLA CON SAL REFRIGERADA 8 GR;UND;1;;
MANTEQUILLA DE MANI;KG;1;;
MANZANA DE AGUA REFRIGERADO;KG;14;;
MANZANA DELICIA REFRIGERADO;KG;6;;MANZANA DELICIA | MANZANA DELICIA (L)
MANZANA ROJA REFRIGERADO;KG;2;;MANZANA ROJA IMPORTADA
MANZANILLA SOBRECITO;UND;2;;
MARACUYA ENTERA REFRIGERADO;KG;7;;
MARGARINA CON SAL REFRIGERADO GRANEL;KG;1;;
MARGARINA CON SAL REFRIGERADO GRANEL KG;KG;105;;
MARISCO MIXTURA CONGELADO;KG;1;;
MAYONESA;KG;88;;
MAYONESA SACHET 10 GR;UND;2;;
MEJORADOR DE MASA;KG;14;;MEJORADOR DE MASA FLEISCHMAN 5 KG (EMER) | MEJORADOR DE MASA MAGIMIX AMARILLO LESAFRE 5 KG | MEJORADOR DE MASA IBIS KG | MEJORADOR DE MASA FLEISCHMANN 5 KGM
MELON ROSADO REFRIGERADO;KG;4;;
MEMBRILLO REFRIGERADO;KG;9;;
MERMELADA FRESA 14 GR;UND;1;;MERMELADA FRESA COMPASS 350 GR | MERMELADA FRESA A-1 850 GR | MERMELADA FRESA A-1 DOY PACK | MERMELADA FRESA GLORIA DOYPACK 700 GR | MERMELADA FRESA GLORIA DOYPACK X 900 GR
MERMELADA FRESA GRANEL;KG;4;;MERMELADA FRESA COMPASS 350 GR | MERMELADA FRESA A-1 850 GR | MERMELADA FRESA A-1 DOY PACK | MERMELADA FRESA GLORIA DOYPACK 700 GR | MERMELADA FRESA GLORIA DOYPACK X 900 GR
MERMELADA NARANJA 14 GR;UND;1;;MERMELADA NARANJA TRES ESPADAS 16 GR | MERMELADA NARANJA TRES ESPADAS 14 GR
MEZCLA LACTEA;L;13;;MEZCLA LACTEA LAIVE CREMOSA EN CAJA 480 GR | MEZCLA LACTEA LAIVE NUTRILAC BOTELLA 390G | MEZCLA LACTEA IDEAL AMANECER 390 GR | MEZCLA LACTEA VITAMINIZADA LAIVE 160 GR
MIEL DE ABEJA;KG;5;;MIEL DE ABEJA KUMARA FOOD 5 KG | MIEL DE ABEJA KUSASA 600 GR | MIEL DE ABEJA PERSONAL TRES ESPADAS 14 GR
MOLINOS PAN ARABE 60 GR;UND;3;;
MOLINOS PAN FRANCES 35 GR;UND;21;;
MORON;KG;2;;
MORTADELA PARA CAFETIN CONGELADO;KG;1;;MORTADELA PARA CAFETIN CONGELADO 500 GR | MORTADELA PARA CAFETIN CONGELADO KG
MOSTAZA;KG;67;;
N/U POLLO PECHUGA CON HUESO Y PIEL REFRIGERADO;KG;2;;
NABO REFRIGERADO;KG;35;;
NARANJA DE JUGO REFRIGERADO;KG;12;;
NARANJA DE MESA REFRIGERADO;KG;3;;
NUEZ MOSCADA;KG;9;;NUEZ MOSCADA MOLIDA 4 ESTACIONES 50 GR
NUEZ MOSCADA MOLIDA;KG;11;;NUEZ MOSCADA MOLIDA 4 ESTACIONES 50 GR
OLLUCO ENTERO REFRIGERADO;KG;4;;
OREGANO ENTERO;KG;266;;OREGANO ENTERO SAN JUAN MASIAS 1 KG | OREGANO ENTERO 4 ESTACIONES 1 KG
PAC CHOY REFRIGERADO;KG;2;;
PALILLO MOLIDO;KG;9;;PALILLO MOLIDO 4 ESTACIONES 1 KG | PALILLO MOLIDO BADIA 453 GR
PALITOS DE BROCHETA 20 CM;UND;3;;PALITOS DE BROCHETA 24 CM 100 UND | PALITOS DE BROCHETA 20 CM 100 UND | PALITOS DE BROCHETA 24 CM MILLAR
PALITOS DE BROCHETA 24 CM;UND;1;;PALITOS DE BROCHETA 24 CM 100 UND | PALITOS DE BROCHETA 20 CM 100 UND | PALITOS DE BROCHETA 24 CM MILLAR
PALLAR;KG;4;;
PALTA;KG;11;SI;
PALTA FUERTE REFRIGERADO;KG;10;;
PAN ARABE KG.ANDE (60 GR);UND;1;;
PAN CROISSANT MEDIANO KG.;UND;1;;
PAN DE MOLDE BLANCO SUPER PULLMAN C/CORT VERT;UND;8;;
PAN FRANCES 35 GR;UND;1;;
PAN FRANCES MEDIANO;UND;5;;
PAN MOLDE BLANCO KG.;KG;1;;
PAN MOLDE INTEKG.AL KG. (25 GR REBANADA);UND;1;;
PAN MOLIDO KG.;KG;13;;PAN MOLIDO TAKIS 5 KG | PAN MOLIDO BIMBO 250 GR
PANCETA CON HUESO Y SIN PIEL 3 TIRAS CONGELADO;KG;2;;PANCETA CON HUESO Y CON PIEL TIRAS CONGELADO (N) | PANCETA CON HUESO Y CON PIEL TIRAS CONGELADO - REDONDOS | PANCETA CON HUESO Y SIN PIEL TIRAS CONGELADO - REDONDOS | PANCETA CON HUESO Y SIN PIEL TIRAS CONGELADO | PANCETA CON HUESO Y CON PIEL TIRAS CONGELADO
PANELA GRANULADA;KG;4;;PANELA GRANULADA 1KG | PANELA GRANULADA ONZA 1 KG
PAPA AMARILLA REFRIGERADO;KG;4;;PAPA AMARILLA
PAPA BLANCA REFRIGERADO;KG;157;;PAPA BLANCA
PAPA PRE FRITA CONGELADA;KG;8;SI;
PAPA RELLENA CON CARNE 100 G CONGELADO;UND;1;;PAPA RELLENA CON CARNE 100 GR CONGELADO
PAPA SECA;KG;3;;PAPA SECA COSTEÑO 500 GR | PAPA SECA VALLE NORTE 500 GR | PAPA SECA LA SIEMBRA 5 KG | PAPA SECA KOMILON 5 KG | PAPA SECA CANTA CLARO 500 GR
PAPAYA ENTERO REFRIGERADO;KG;3;;
PAPAYA PULPA CONGELADO;KG;5;;
PAPEL MANTECA;UND;3;;PAPEL MANTECA RESMA PAQ 450 HOJAS | PAPEL MANTECA ROLLO
PAPRIKA;KG;8;;
PASAS NEGRAS SECAS;KG;27;;
PASTA DE AJI AMARILLO;KG;19;;PASTA DE AJO CONCENTRADA EMIC 1 KG | PASTA DE AJI AMARILLO EMIC 1 KG | PASTA DE AJI PANCA EMIC 1 KG | PASTA DE AJO EMIC 1 KG | PASTA DE ROCOTO EMIC 1 KG
PASTA DE AJI PANCA;KG;27;;PASTA DE AJO CONCENTRADA EMIC 1 KG | PASTA DE AJI AMARILLO EMIC 1 KG | PASTA DE AJI PANCA EMIC 1 KG | PASTA DE AJO EMIC 1 KG | PASTA DE ROCOTO EMIC 1 KG
PASTA DE AJO;KG;150;;PASTA DE AJO CONCENTRADA EMIC 1 KG | PASTA DE AJI AMARILLO EMIC 1 KG | PASTA DE AJI PANCA EMIC 1 KG | PASTA DE AJO EMIC 1 KG | PASTA DE ROCOTO EMIC 1 KG
PASTA DE ROCOTO EMIC;KG;1;;PASTA DE AJO CONCENTRADA EMIC 1 KG | PASTA DE AJI AMARILLO EMIC 1 KG | PASTA DE AJI PANCA EMIC 1 KG | PASTA DE AJO EMIC 1 KG | PASTA DE ROCOTO EMIC 1 KG
PASTA DE TOMATE;KG;45;;PASTA DE AJO CONCENTRADA EMIC 1 KG | PASTA DE AJI AMARILLO EMIC 1 KG | PASTA DE AJI PANCA EMIC 1 KG | PASTA DE AJO EMIC 1 KG | PASTA DE ROCOTO EMIC 1 KG
PASTA WANTAN CONGELADO;KG;3;;PASTA WANTAN CONGELADA
PASTIPAN PAN CIABATTA INTEGRAL 10 X 5;UND;1;;
PASTIPAN PAN DE HAMBURGUESA;UND;3;;
PASTIPAN PAN DE YEMA;UND;6;;
PATE DE POLLO REFRIGERADO;KG;1;;
PATO ENTERO EVIS S/PATAS Y S/CABEZA CONG;KG;1;;PATO ENTERO SIN EXTREMIDADES CONGELADO
PAVO ENTERO;KG;1;;PAVO ENTERO CON MENUDENCIA CONGELADO | PAVO ENTERO CON MENUDENCIA CONGELADO 10 KG (N)
PAVO PECHUGA CON HUESO CONGELADO;KG;1;;
PEANA PELADA VALLE ALTO X 90 GR;UND;3;;
PECANAS PELADAS;KG;7;;
PECHUGA DE PAVO SIN HUESO CONGELADO;KG;16;;PECHUGA DE PAVO CON HUESO CONGELADO | PECHUGA DE POLLO C/HUESO Y PIEL CONGELADO | PECHUGA DE PAVO SAN FERNANDO | PECHUGA DE PAVO DESHUESADA (N) | PECHUGA DE PAVO DESHUESADA
PECHUGA DE POLLO S/HUESO S/PIEL CONGELADO;KG;40;;PECHUGA DE PAVO CON HUESO CONGELADO | PECHUGA DE POLLO C/HUESO Y PIEL CONGELADO | PECHUGA DE PAVO SAN FERNANDO | PECHUGA DE PAVO DESHUESADA (N) | PECHUGA DE PAVO DESHUESADA
PEPINILLO REFRIGERADO;KG;20;;
PERA PACKHAMS REFRIGERADO;KG;1;;PERA PACKHAMS IMPORTADA
PEREJIL LIZO REFRIGERADO;KG;202;;
PEZ PERICO FILETE SIN PIEL CONGELADO;KG;11;;
PICKLES;KG;1;;
PIMIENTA NEGRA ENTERA;KG;1;;PIMIENTA NEGRA ENTERA 4 ESTACIONES 1 KG | PIMIENTA NEGRA MOLIDA 4 ESTACIONES 1 KG
PIMIENTA NEGRA MOLIDA;KG;471;;PIMIENTA NEGRA ENTERA 4 ESTACIONES 1 KG | PIMIENTA NEGRA MOLIDA 4 ESTACIONES 1 KG
PIMIENTO ROJO REFRIGERADO;KG;124;;PIMIENTO ROJO
PIÑA EN RODAJAS LATA;KG;1;;PIÑA EN RODAJAS FANNY 567 GR | PIÑA EN RODAJAS COMPASS 560 GR
PIÑA PULPA CONGELADO;KG;8;;
PIÑA SELVA REFRIGERADO;KG;23;;
PLATANO BELLACO REFRIGERADO;KG;8;;
PLATANO DE LA ISLA REFRIGERADO;KG;1;;PLATANO DE ISLA | PLATANO DE SEDA | PLATANO DE FREIR (BELLACO)
PLATANO SEDA REFRIGERADO;KG;17;;
POLLO ALAS CONGELADO;KG;4;;
POLLO ENTERO SIN MENUDENCIA CONGELADO KG;KG;1;;
POLLO HAMBURGUESA CONGELADO;KG;1;;
POLLO PECHUGA FILETE ECONOMICO REFRIGERADO;KG;1;;
POLLO PECHUGA FILETE SIN PIEL CONGELADO;KG;12;;
POLLO PIERNA CON ENCUENTRO CONGELADO;KG;93;;
POLLO SIN MENUDENCIA CONGELADO 1.2 KG;KG;1;;POLLO SIN MENUDENCIA CONGELADO RANGO 1.428 - 1.611 KG (SAN FERNANDO) | POLLO SIN MENUDENCIA CONGELADO RANGO 1.75 A 1.85 KG | POLLO SIN MENUDENCIA CONGELADO RANGO 2 KG | POLLO SIN MENUDENCIA CONGELADO RANGO 1.6 A 1.8 KG | POLLO SIN MENUDENCIA TROZADO EN 8 CONGELADO RANGO 1.6 KG
POLLO SIN MENUDENCIA CONGELADO 1.68 KG;KG;46;;POLLO SIN MENUDENCIA CONGELADO RANGO 1.428 - 1.611 KG (SAN FERNANDO) | POLLO SIN MENUDENCIA CONGELADO RANGO 1.75 A 1.85 KG | POLLO SIN MENUDENCIA CONGELADO RANGO 2 KG | POLLO SIN MENUDENCIA CONGELADO RANGO 1.6 A 1.8 KG | POLLO SIN MENUDENCIA TROZADO EN 8 CONGELADO RANGO 1.6 KG
POLVO DE HORNEAR;KG;19;;POLVO DE HORNEAR LEVAPAN 4 KG | POLVO DE HORNEAR LESAFFRE INVENTIS 5 KG | POLVO DE HORNEAR FLEISCHMAN 5 KG (EMER) | POLVO DE HORNEAR FLEICHMANN 1 KG
PORO REFRIGERADO;KG;64;;
PRE ELABORADO RAM FRIJOL CANARIO SIN ADEREZO;KG;4;;PRE ELABORADO CONSERVA FRIJOL CANARIO 1 KG OLIVEZA | PRE ELABORADO CONSERVA LENTEJA 1 KG OLIVEZA | PRE ELABORADO CONSERVA FRIJOL PANAMITO 1 KG OLIVEZA | PRE ELABORADO CONSERVA GARBANZO 1 KG OLIVEZA | PRE ELABORADO CONSERVA FRIJOL CANARIO 1 KG OLIVEZA BOLSA
PRE ELABORADO RAM GARBANZO SIN ADEREZO;KG;5;;PRE ELABORADO CONSERVA FRIJOL CANARIO 1 KG OLIVEZA | PRE ELABORADO CONSERVA LENTEJA 1 KG OLIVEZA | PRE ELABORADO CONSERVA FRIJOL PANAMITO 1 KG OLIVEZA | PRE ELABORADO CONSERVA GARBANZO 1 KG OLIVEZA | PRE ELABORADO CONSERVA FRIJOL CANARIO 1 KG OLIVEZA BOLSA
PREMEZCLA INVENTIS CHIFFON;KG;1;;PREMEZCLA INVENTIS PAN DE YEMA 25 KG | PREMEZCLA INVENTIS PAN CIABATTA 10 KG | PREMEZCLA INVENTIS BIZCOCHUELO TRES LECHES 5 KG | PREMEZCLA INVENTIS CHIFFON 5 KG | PREMEZCLA INVENTIS TORTA DE CHOCOLATE INTENSO 10 KG
PREMEZCLA INVENTIS PAN CIABATTA;KG;14;;PREMEZCLA INVENTIS PAN DE YEMA 25 KG | PREMEZCLA INVENTIS PAN CIABATTA 10 KG | PREMEZCLA INVENTIS BIZCOCHUELO TRES LECHES 5 KG | PREMEZCLA INVENTIS CHIFFON 5 KG | PREMEZCLA INVENTIS TORTA DE CHOCOLATE INTENSO 10 KG
PREMEZCLA INVENTIS TORTA DE CHOCOLATE INTENSO;KG;1;;PREMEZCLA INVENTIS PAN DE YEMA 25 KG | PREMEZCLA INVENTIS PAN CIABATTA 10 KG | PREMEZCLA INVENTIS BIZCOCHUELO TRES LECHES 5 KG | PREMEZCLA INVENTIS CHIFFON 5 KG | PREMEZCLA INVENTIS TORTA DE CHOCOLATE INTENSO 10 KG
PUDIN CHOCOLATE INSTANTANEO;KG;1;;
PULPA DE ARANDANOS CONGELADO;KG;5;;PULPA DE FRESA CONGELADO | PULPA DE MANGO CONGELADO | PULPA DE PIÑA CONGELADO | PULPA DE MARACUYA CONGELADO | PULPA DE PAPAYA CONGELADO
PULPA DE PAPAYA CONGELADA;KG;12;;PULPA DE FRESA CONGELADO | PULPA DE MANGO CONGELADO | PULPA DE PIÑA CONGELADO | PULPA DE MARACUYA CONGELADO | PULPA DE PAPAYA CONGELADO
PULPA DE PAPAYA CONGELADA ALIPOFRESCO;KG;1;;PULPA DE FRESA CONGELADO | PULPA DE MANGO CONGELADO | PULPA DE PIÑA CONGELADO | PULPA DE MARACUYA CONGELADO | PULPA DE PAPAYA CONGELADO
PULPA DE PIÑA CONGELADA;KG;4;;PULPA DE FRESA CONGELADO | PULPA DE MANGO CONGELADO | PULPA DE PIÑA CONGELADO | PULPA DE MARACUYA CONGELADO | PULPA DE PAPAYA CONGELADO
PULPA DE PIÑA CONGELADA ALIPOFRESCO;KG;1;;PULPA DE FRESA CONGELADO | PULPA DE MANGO CONGELADO | PULPA DE PIÑA CONGELADO | PULPA DE MARACUYA CONGELADO | PULPA DE PAPAYA CONGELADO
PURATOS EASY PAN DE FIBRA;KG;2;;PURATOS EASY PAN FIBRA 5 KG | PURATOS EASY PAN SUAVE 5 KG | PURATOS EASY CIABATTA 10 KG | PURATOS EASY PAN FIBRA 10 KG | PURATOS EASY PAN SUAVE 10 KG
PURE DE PAPA DESHIDRATADA;KG;6;;PURE DE PAPAS KNORR 2 KG | PURE DE PAPA MENU 1 KG | PURE DE PAPAS KNORR 2 KG- UNIDAD | PURE DE PAPA AMARILLA MACROFOOD 1 KG | PURE DE PAPAS KNORR 1 KG
QUESO CREMA;KG;2;;
QUESO EDAM CONGELADO;KG;7;;QUESO EDAM EN MOLDE REFRIGERADO | QUESO EDAM EN TAJADAS X 500 GR REFRIGERADO | QUESO EDAM EN TAJADAS X 500 GR CONGELADO | QUESO EDAM EN TAJADAS SANCOR 500 GR REFRIGERADO | QUESO EDAM LAIVE 440 GR REFRIGERADO
QUESO EDAM REFRIGERADO;KG;6;;QUESO EDAM EN MOLDE REFRIGERADO | QUESO EDAM EN TAJADAS X 500 GR REFRIGERADO | QUESO EDAM EN TAJADAS X 500 GR CONGELADO | QUESO EDAM EN TAJADAS SANCOR 500 GR REFRIGERADO | QUESO EDAM LAIVE 440 GR REFRIGERADO
QUESO FRESCO REFRIGERADO;KG;68;;QUESO FRESCO BONLE MOLDE REFRIGERADO KG | QUESO FRESCO LAIVE MOLDE REFRIGERADO KG | QUESO FRESCO DELICE KG | QUESO FRESCO PASTEURIZADO KALAS KG | QUESO FRESCO GLORIA MOLDE REFRIGERADO KG
QUESO MOZARELLA CONGELADO;KG;6;SI;QUESO MOZARELLA REFRIGERADO | QUESO MOZARELLA CONGELADO PREMIUM | QUESO MOZARELLA MILKUNZ REFRIGERADO | QUESO MOZARELLA LAIVE REFRIGERADO KG | QUESO MOZARELLA RALLADO LA PAULINA REFRIGERADO 3 KG
QUESO MOZARELLA REFRIGERADO;KG;3;SI;QUESO MOZARELLA CONGELADO | QUESO MOZARELLA CONGELADO PREMIUM | QUESO MOZARELLA MILKUNZ REFRIGERADO | QUESO MOZARELLA LAIVE REFRIGERADO KG | QUESO MOZARELLA RALLADO LA PAULINA REFRIGERADO 3 KG
QUESO PARMESANO REFRIGERADO;KG;25;;QUESO PARMESANO LAIVE 35 GR | QUESO PARMESANO RALLADO LA PAULINA REFRIGERADO 1 KG | QUESO PARMESANO RALLADO LA PAULINA (LACTAFOOD)REFRIGERADO 500 GR
QUINUA;KG;17;;
RABANITO REFRIGERADO;KG;11;;
RES - BISTECK CONGELADO;KG;7;;RES - BISTECK (DON GOYO) | RES - GUISO CONGELADO (DON GOYO) | RES - SOPAS S/HUESO (DON GOYO) | RES - ASADO (OXAPAMPA) | RES - BISTECK (OXAPAMPA)
RES - GUISO CONGELADO;KG;18;SI;RES - BISTECK (DON GOYO) | RES - GUISO CONGELADO (DON GOYO) | RES - SOPAS S/HUESO (DON GOYO) | RES - ASADO (OXAPAMPA) | RES - BISTECK (OXAPAMPA)
RES - MALAYA CONGELADO;KG;1;;RES - BISTECK (DON GOYO) | RES - GUISO CONGELADO (DON GOYO) | RES - SOPAS S/HUESO (DON GOYO) | RES - ASADO (OXAPAMPA) | RES - BISTECK (OXAPAMPA)
RES - SOPAS S/HUESO CONGELADO;KG;18;;RES - BISTECK (DON GOYO) | RES - GUISO CONGELADO (DON GOYO) | RES - SOPAS S/HUESO (DON GOYO) | RES - ASADO (OXAPAMPA) | RES - BISTECK (OXAPAMPA)
RES ASADO CUADRADO CONGELADO NACIONAL;KG;1;;
RES CARNE MOLIDA CONGELADO;KG;12;;
RES CORAZON CONGELADO;KG;2;;
RES HAMBURGUESA CONGELADO;KG;1;;
RES HIGADO CONGELADO;KG;1;;
RES MONDONGO ENTERO CONGELADO;KG;4;;
RES NALGA DE ADENTRO S/TAPA CONGELADO NACIONAL;KG;2;;
RES PULMON CORTE CHANFAINITA CONGELADA;KG;1;;
ROCOTO MOLIDO ENVASADO;KG;1;;
ROCOTO NORMAL REFRIGERADO;KG;14;;
ROCOTO PARA RELLENO REFRIGERADO;UND;1;;
ROMERO;KG;14;;
ROMERO FRESCO;KG;3;;
SAL DE COCINA;KG;644;;SAL DE MESA (MARINA) EMSAL 1 KG | SAL DE MESA MARINA 1 KG | SAL DE COCINA SALINA 1 KG | SAL DE MESA JJD´MAR 1 KG | SAL DE COCINA JJD'MAR 1 KG
SALCHICHA HOT DOG CONGELADO;KG;12;;
SALCHICHA HUACHANA REFRIGERADO;KG;2;;
SALSA BLANCA;KG;3;;SALSA BLANCA EMIC 1 KG
SALSA DE AJI CASERO 10 GR;UND;1;;SALSA DE AJI CASERO TRESA 5 GR | SALSA DE AJI CASERO TRESA 8/10 GR | SALSA DE AJI TARI 10/8 GR | SALSA DE AJI SODEXO 5 GR | SALSA DE ROCOTO SODEXO 5 GR
SALSA DE OSTION;L;4;;SALSA DE AJI CASERO TRESA 5 GR | SALSA DE AJI CASERO TRESA 8/10 GR | SALSA DE AJI TARI 10/8 GR | SALSA DE AJI SODEXO 5 GR | SALSA DE ROCOTO SODEXO 5 GR
SALSA INGLESA;KG;3;;SALSA INGLESA LEA PEARRINS 290 ML | SALSA INGLESA LUREN 295 ML | SALSA INGLESA LUREN 295 ML PET
SALSA MENSI;KG;2;;SALSA MENSI KIKKO 350 ML PET
SALSA MENSI (L);L;1;;SALSA MENSI KIKKO 350 ML PET
SALSA OSTION;L;9;;SALSA OSTION LEE KUN KEE 510/480 GR | SALSA OSTION HADAY 700 ML (VIDRIO) | SALSA OSTION HADAY X 260 ML | SALSA OSTION HADAY X 260 ML - UNIDAD | SALSA OSTION HADAY X 250 ML
SALSA SILLAO;L;60;;SALSA SILLAO LOPESA 5 LT
SALVADO DE TRIGO;KG;1;;SALVADO DE TRIGO KUMARA 5 KG
SANDIA REFRIGERADO;KG;1;;
SEMOLA;KG;13;;
SEMOLA (L);L;1;;
TAMALES CERDO REFRIGERADO 140 GR;KG;1;;
TE BOLDO SOBRECITO;UND;2;;
TE CANELA Y CLAVO SOBRECITO;UND;3;;
TE ROJO SOBRECITO;UND;1;;
TEQUEÑOS DE LOMITO 20 G CONGELADO;UND;3;;TEQUEÑOS DE QUESO 20 GR CONGELADO (EMER) | TEQUEÑOS DE LOMITO 20 GR CONGELADO
TOCINO;KG;1;;
TOCINO AHUMADO CONGELADO;KG;8;;TOCINO AHUMADO CONGELADO KG
TOCINO AHUMADO REFRIGERADO;KG;9;;TOCINO AHUMADO CONGELADO KG
TOMATE CRIOLLO REFRIGERADO;KG;105;;
TOMILLO;KG;23;;
TORONJIL SECO;KG;1;;
TRIGO PELADO;KG;11;;TRIGO PELADO EL PLEBEYO 5 KG | TRIGO PELADO CANTA CLARO 5 KG - UNIDAD | TRIGO PELADO LA SIEMBRA 5 KG | TRIGO PELADO CANTA CLARO 5 KG | TRIGO PELADO VALLESOL 5 KG
TRUCHA ENTERA EVISCERADA CONGELADA 100 - 400 GR;KG;6;SI;TRUCHA ENTERA EVISCERADA CONGELADO GRANEL 100 - 400 GR
TUNA ROJA REFRIGERADO;KG;1;;
UVA NEGRA REFRIGERADO;KG;1;;UVA NEGRA
UÑA DE GATO SOBRECITO;UND;1;;
VAINITA ENTERO REFRIGERADO;KG;55;;
VAINITA TROZOS CONGELADO;KG;2;;
VINAGRE BLANCO;L;71;;VINAGRE BLANCO TRESA 4 LT | VINAGRE BLANCO A-1 1 LT | VINAGRE BLANCO FANNY 500 ML | VINAGRE BLANCO TRESA 3.8 LT
VINAGRE DE MANZANA;L;1;;VINAGRE DE MANZANA OLIVOS DEL SUR 4 LT PET
VINAGRE TINTO;L;36;;VINAGRE TINTO TRESA 4 LT | VINAGRE TINTO FANNY 500 ML | VINAGRE TINTO A-1 4 LT | VINAGRE TINTO TRESA 3.8 LT | VINAGRE TINTO A-1 1 LT
VINAGRE TINTO (KG);KG;1;;VINAGRE TINTO TRESA 4 LT | VINAGRE TINTO FANNY 500 ML | VINAGRE TINTO A-1 4 LT | VINAGRE TINTO TRESA 3.8 LT | VINAGRE TINTO A-1 1 LT
WANTAN REFRIGERADO;KG;2;;
YACON REFRIGERADO;KG;1;;
YUCA AMARILLA CONGELADO;KG;3;;
YUCA AMARILLA REFRIGERADO;KG;7;;
ZANAHORIA REFRIGERADO;KG;182;;
ZANAHORIA RODAJAS CONGELADO;KG;1;;
ZAPALLO ITALIANO REFRIGERADO;KG;27;;
ZAPALLO MACRE REFRIGERADO;KG;47;;ZAPALLO MACRE | ZAPALLO MACRE EN CUBO LIBER 1.5 X 1.5 CM CONGELADO
ZUMO DE LIMON CONGELADO;KG;57;SI;
