receta;tipo;detalle
ACEITUNA NEGRA;FICHA_DIFIERE_DE_RECETON;"se usa la ficha revisada; solo en ficha: ACEITUNA NEGRA; solo en receton: ACEITUNA NEGRA EN RODAJA"
AJIACO DE ACELGA;FICHA_DIFIERE_DE_RECETON;"se usa la ficha revisada; solo en ficha: ACELGA, AJI PANCA, AJO MOLIDO ENVASADO, CEBOLLA ROJA REFRIGERADA, CHOCLO AMARILLO; solo en receton: ACELGA REFRIGERADO, BASE AMARILLA, COMINO MOLIDO, MEZCLA LACTEA; cantidad distinta: ACEITE VEGETAL 0.003000->0.005000, PAPA BLANCA REFRIGERADO 0.050000->0.080000, PIMIENTA NEGRA MOLIDA 0.000060->0.000120, QUESO FRESCO REFRIGERADO 0.010000->0.005000, SAL DE COCINA 0.001000->0.003000"
AJIACO DE OLLUCO;FICHA_DIFIERE_DE_RECETON;"se usa la ficha revisada; solo en ficha: AJI PANCA MOLIDO ENVASADO, AJO MOLIDO ENVASADO, CEBOLLA ROJA REFRIGERADA, LECHE EVAPORADA TETRA; solo en receton: BASE AMARILLA, LECHE EVAPORADA, PASTA DE AJI PANCA; cantidad distinta: ACEITE VEGETAL 0.002000->0.005000, PIMIENTA NEGRA MOLIDA 0.000060->0.000120, SAL DE COCINA 0.001000->0.003000"
AJIACO DE PAPA;FICHA_DIFIERE_DE_RECETON;"se usa la ficha revisada; solo en ficha: AJI AMARILLO MOLIDO ENVASADO, AJO MOLIDO ENVASADO, CEBOLLA ROJA REFRIGERADA, LECHE EVAPORADA TETRA, OREGANO ENTERO; solo en receton: BASE CRIOLLA, LECHE EVAPORADA, PEREJIL LIZO REFRIGERADO; cantidad distinta: ACEITE VEGETAL 0.002000->0.005000, COMINO MOLIDO 0.000120->0.000060, PAPA BLANCA REFRIGERADO 0.090000->0.120000, SAL DE COCINA 0.002000->0.003000"
AJIACO DE VERDURAS;FICHA_DIFIERE_DE_RECETON;"se usa la ficha revisada; solo en ficha: AJI PANCA MOLIDO ENVASADO, AJO MOLIDO ENVASADO, CEBOLLA ROJA REFRIGERADA, CHOCLO DESGRANADO CONGELADO, LECHE EVAPORADA TETRA; solo en receton: CEBOLLA ROJA REFRIGERADO, CHOCLO AMARILLO DESGRANADO CONGELADO, LECHE EVAPORADA, PASTA DE AJI PANCA, PASTA DE AJO; cantidad distinta: ACEITE VEGETAL 0.002000->0.005000, HABA VERDE PELADO CONGELADO 0.020000->0.005000, HUACATAY REFRIGERADO 0.003000->0.003000"
AJIACO DE VERDURAS;UNIDAD_DISTINTA_A_LA_HABITUAL;"HUACATAY REFRIGERADO en L (lo habitual es KG); revisar la cantidad"
ANIS FILTRANTE;INGREDIENTE_VARIAS_UNIDADES;"UND en 6 recetas, KG en 5 recetas; se mantiene UND y los otros usos pasan a 'ANIS FILTRANTE (UNIDAD)'"
ARROZ A LA JARDINERA;FICHA_DIFIERE_DE_RECETON;"se usa la ficha revisada; solo en ficha: AJI AMARILLO MOLIDO ENVASADO, AJO MOLIDO ENVASADO, ARROZ EXTRA, ARVEJA PELADA CONGELADA, CEBOLLA ROJA REFRIGERADA; solo en receton: ARROZ EXTRA NIR, ARVEJA PELADA CONGELADO, BASE AMARILLA, CHOCLO AMARILLO DESGRANADO CONGELADO; cantidad distinta: ACEITE VEGETAL 0.003000->0.005000, PIMIENTA NEGRA MOLIDA 0.000060->0.000120, PIMIENTO ROJO REFRIGERADO 0.003000->0.010000, SAL DE COCINA 0.001000->0.003000, ZANAHORIA REFRIGERADO 0.003000->0.010000"
ARROZ AMARILLO;FICHA_DIFIERE_DE_RECETON;"se usa la ficha revisada; solo en ficha: AJO MOLIDO ENVASADO, ARROZ EXTRA, CEBOLLA ROJA REFRIGERADA; solo en receton: ARROZ EXTRA NIR, ARVEJA PELADA CONGELADO, PIMIENTO ROJO REFRIGERADO; cantidad distinta: PIMIENTA NEGRA MOLIDA 0.000060->0.000120, SAL DE COCINA 0.001000->0.003000"
ARROZ BLANCO;FICHA_DIFIERE_DE_RECETON;"se usa la ficha revisada; solo en ficha: AJO MOLIDO ENVASADO, ARROZ EXTRA; solo en receton: ARROZ EXTRA NIR, PASTA DE AJO; cantidad distinta: ACEITE VEGETAL 0.006000->0.005000, AGUA PARA RECETA 0.120000->0.300000, SAL DE COCINA 0.005000->0.003000"
ARROZ BLANCO;RECETON_VARIAS_VERSIONES;"2 versiones en 15 bloques; se toma la que aparece 10 veces. Diferencias: ARROZ EXTRA NIR 0.100000 KG, ARROZ EXTRA NIR 0.120000 KG, SAL DE COCINA 0.003000 KG, SAL DE COCINA 0.005000 KG"
ARROZ CHAUFA CON VERDURAS;FICHA_DIFIERE_DE_RECETON;"se usa la ficha revisada; solo en ficha: AGUA PARA RECETA, AJO MOLIDO ENVASADO, ARROZ EXTRA, CEBOLLA CHINA REFRIGERADA, COLANTAO REFRIGERADO; solo en receton: ARROZ EXTRA NIR, CEBOLLA CHINA REFRIGERADO, HUEVO LIQUIDO CONGELADO, KION MOLIDO SECO, PASTA DE AJO; cantidad distinta: ACEITE VEGETAL 0.005000->0.010000, AZUCAR RUBIA 0.024000->0.001000, PIMIENTA NEGRA MOLIDA 0.001000->0.000120, PIMIENTO ROJO REFRIGERADO 0.003000->0.015000, SAL DE COCINA 0.001000->0.002000"
ARROZ CON ARVEJAS;FICHA_DIFIERE_DE_RECETON;"se usa la ficha revisada; solo en ficha: AJO MOLIDO ENVASADO, ARROZ EXTRA, ARVEJA PELADA CONGELADA, LAUREL, LIMON VERDE REFRIGERADO; solo en receton: ARROZ EXTRA NIR, ARVEJA PELADA CONGELADO, PASTA DE AJO; cantidad distinta: AGUA PARA RECETA 0.110000->0.300000"
ARROZ CON CHOCLO;FICHA_DIFIERE_DE_RECETON;"se usa la ficha revisada; solo en ficha: AJO MOLIDO ENVASADO, ANIS FILTRANTE, ARROZ EXTRA, AZUCAR RUBIA, CHOCLO DESGRANADO CONGELADO; solo en receton: ARROZ EXTRA NIR, CHOCLO AMARILLO DESGRANADO CONGELADO, PASTA DE AJO; cantidad distinta: AGUA PARA RECETA 0.110000->0.300000"
ARROZ CON PEREJIL;FICHA_DIFIERE_DE_RECETON;"se usa la ficha revisada; solo en ficha: AJO MOLIDO ENVASADO, ARROZ EXTRA; solo en receton: ARROZ EXTRA NIR, PASTA DE AJO, ZUMO DE LIMON CONGELADO; cantidad distinta: AGUA PARA RECETA 0.250000->0.300000, SAL DE COCINA 0.002500->0.003000"
ARROZ CON PEREJIL;RECETON_VARIAS_VERSIONES;"2 versiones en 13 bloques; se toma la que aparece 10 veces. Diferencias: ACEITE VEGETAL 0.005000 LT, ACEITE VEGETAL 0.006000 LT, AGUA PARA RECETA 0.120000 LT, AGUA PARA RECETA 0.250000 LT, ARROZ EXTRA NIR 0.100000 KG, ARROZ EXTRA NIR 0.120000 KG"
ARROZ CON ZANAHORIA;FICHA_DIFIERE_DE_RECETON;"se usa la ficha revisada; solo en ficha: AJO MOLIDO ENVASADO, ARROZ EXTRA, LAUREL, SAL DE COCINA; solo en receton: ARROZ EXTRA NIR, ZUMO DE LIMON CONGELADO"
ARROZ CON ZANAHORIA;RECETON_VARIAS_VERSIONES;"2 versiones en 13 bloques; se toma la que aparece 10 veces. Diferencias: AGUA PARA RECETA 0.110000 LT, AGUA PARA RECETA 0.300000 LT, ARROZ EXTRA NIR 0.100000 KG, ARROZ EXTRA NIR 0.120000 KG, PASTA DE AJO 0.003000 KG, SAL DE COCINA 0.003000 KG"
ARVEJA PARTIDA GUISADA;FICHA_DIFIERE_DE_RECETON;"se usa la ficha revisada; solo en ficha: ACEITE VEGETAL, AJI PANCA MOLIDO ENVASADO, AJO MOLIDO ENVASADO, CEBOLLA ROJA REFRIGERADA, COMINO MOLIDO; solo en receton: BASE CRIOLLA, HARINA DE TRIGO ESPECIAL; cantidad distinta: ARVEJA VERDE PARTIDA 0.080000->0.060000, OREGANO ENTERO 0.000080->0.000120, SAL DE COCINA 0.000270->0.003000"
AVENA CON MACA;FICHA_DIFIERE_DE_RECETON;"se usa la ficha revisada; cantidad distinta: AZUCAR RUBIA 0.015000->0.025000, MACA AVENA 0.012000->0.020000"
AVENA CON MANZANA;FICHA_DIFIERE_DE_RECETON;"se usa la ficha revisada; cantidad distinta: AZUCAR RUBIA 0.015000->0.020000"
AVENA CON MEMBRILLO;FICHA_DIFIERE_DE_RECETON;"se usa la ficha revisada; cantidad distinta: AZUCAR RUBIA 0.015000->0.020000"
AVENA CON PIÑA;FICHA_DIFIERE_DE_RECETON;"se usa la ficha revisada; cantidad distinta: AZUCAR RUBIA 0.015000->0.020000, PIÑA SELVA REFRIGERADO 0.020000->0.030000"
AVENA CON QUINUA;FICHA_DIFIERE_DE_RECETON;"se usa la ficha revisada; cantidad distinta: AVENA 0.010000->0.008000, AZUCAR RUBIA 0.015000->0.020000, QUINUA 0.012000->0.008000"
CAFE PASADO;FICHA_DIFIERE_DE_RECETON;"se usa la ficha revisada; solo en ficha: AZUCAR RUBIA, CAFE PARA PASAR MOLIDO; solo en receton: CAFE MOLIDO PARA PASAR KG"
CALDO DE GALLINA;RECETON_VARIAS_VERSIONES;"2 versiones en 14 bloques; se toma la que aparece 9 veces. Diferencias: GALLINA ENTERA CON MENUDENCIA CONGELADO IMPORTADO 0.070000 KG, GALLINA ENTERA CON MENUDENCIA CONGELADO IMPORTADO 0.130000 KG, HUEVO ROSADO REFRIGERADO CAJA 0.030000 KG, HUEVO ROSADO REFRIGERADO CAJA 0.060000 KG"
CALDO DE POLLO;RECETON_VARIAS_VERSIONES;"2 versiones en 11 bloques; se toma la que aparece 10 veces. Diferencias: APIO REFRIGERADO 0.010000 KG, APIO REFRIGERADO 0.011000 KG, POLLO PIERNA CON ENCUENTRO CONGELADO 0.075000 KG, POLLO PIERNA CON ENCUENTRO CONGELADO 0.150000 KG"
CAMOTE AL HORNO;FICHA_DIFIERE_DE_RECETON;"se usa la ficha revisada; solo en ficha: AZUCAR RUBIA, MARGARINA CON SAL REFRIGERADO GRANEL KG"
CAMOTE AL HORNO;RECETON_VARIAS_VERSIONES;"2 versiones en 13 bloques; se toma la que aparece 9 veces. Diferencias: CAMOTE AMARILLO REFRIGERADO 0.100000 KG, CAMOTE AMARILLO REFRIGERADO 0.120000 KG"
CAMOTE ASADO;RECETON_VARIAS_VERSIONES;"2 versiones en 4 bloques; se toma la que aparece 3 veces. Diferencias: CAMOTE AMARILLO REFRIGERADO 0.100000 KG, CAMOTE AMARILLO REFRIGERADO 0.120000 KG"
CAMOTE FRITO;FICHA_DIFIERE_DE_RECETON;"se usa la ficha revisada; cantidad distinta: ACEITE VEGETAL 0.005000->0.020000"
CAMOTE SANCOCHADO;FICHA_DIFIERE_DE_RECETON;"se usa la ficha revisada; solo en ficha: AZUCAR RUBIA, CANELA ENTERA"
CAMOTE SANCOCHADO;RECETON_VARIAS_VERSIONES;"2 versiones en 15 bloques; se toma la que aparece 10 veces. Diferencias: CAMOTE AMARILLO REFRIGERADO 0.100000 KG, CAMOTE AMARILLO REFRIGERADO 0.120000 KG"
CHICHA MORADA;FICHA_DIFIERE_DE_RECETON;"se usa la ficha revisada; solo en ficha: LIMON VERDE REFRIGERADO; solo en receton: AZUCAR RUBIA, ZUMO DE LIMON CONGELADO; cantidad distinta: AGUA PARA RECETA 0.212710->0.241000, CONCENTRADO DE MAIZ MORADO 0.021190->0.034000"
CHOCLO SALTADO;UNIDAD_DISTINTA_A_LA_HABITUAL;"VINAGRE TINTO en KG (lo habitual es L); revisar la cantidad"
CHORIZO;FICHA_DIFIERE_DE_RECETON;"se usa la ficha revisada; solo en receton: ANIS SECO; cantidad distinta: ACEITE VEGETAL 0.002000->0.003000, CHORIZO PARRILLERO CONGELADO 0.030000->0.100000"
CHORIZO;RECETON_VARIAS_VERSIONES;"2 versiones en 10 bloques; se toma la que aparece 5 veces. Diferencias: ANIS SECO 0.000100 KG, CHORIZO PARRILLERO CONGELADO 0.030000 KG, CHORIZO PARRILLERO CONGELADO 0.100000 KG"
ENSALADA AFRODISIACA;INGREDIENTE_REPETIDO;"PIMIENTO ROJO REFRIGERADO aparece dos veces; se suman 0.005000 + 0.005000"
ENSALADA CAMPESINA;UNIDAD_DEDUCIDA;"JAMON PARA CAFETIN CONGELADO: unidad 'PQT' no valida; se usa KG (la habitual del ingrediente)"
ENSALADA DE ATUN II;CODIGO_EN_NOMBRE;"el nombre traia el codigo SGP 1.05.1.02.0100; se quito del nombre"
ENSALADA DE CHOCLO CON ESPINACAS;UNIDAD_DISTINTA_A_LA_HABITUAL;"ANIS FILTRANTE en KG (lo habitual es UND); revisar la cantidad"
ENSALADA DE CHOCLO, ESPINACA Y ZANAHORIA;UNIDAD_DISTINTA_A_LA_HABITUAL;"ANIS FILTRANTE en KG (lo habitual es UND); revisar la cantidad"
ENSALADA DE COLIFLOR CON CHOCLO;UNIDAD_DISTINTA_A_LA_HABITUAL;"ANIS FILTRANTE en KG (lo habitual es UND); revisar la cantidad"
ENSALADA DE COLIFLOR, CHOCLO, PEP Y ZANA;UNIDAD_DISTINTA_A_LA_HABITUAL;"ANIS FILTRANTE en KG (lo habitual es UND); revisar la cantidad"
ENSALADA DE LEGUMBRES;FICHA_DIFIERE_DE_RECETON;"se usa la ficha revisada; solo en ficha: ARVEJA PELADA CONGELADA; solo en receton: ARVEJA PELADA CONGELADO; cantidad distinta: OREGANO ENTERO 0.000100->0.000120, ZANAHORIA REFRIGERADO 0.010000->0.015000"
ENSALADA FRESCA GUAR;FICHA_DIFIERE_DE_RECETON;"se usa la ficha revisada; solo en ficha: LECHUGA ORGANICA REFRIGERADO, LIMON VERDE REFRIGERADO, RABANITO REFRIGERADO; solo en receton: LECHUGA AMERICANA REFRIGERADO, ZANAHORIA REFRIGERADO, ZUMO DE LIMON CONGELADO; cantidad distinta: ACEITE VEGETAL 0.005000->0.010000"
ENSALADA JARDINERA;UNIDAD_DISTINTA_A_LA_HABITUAL;"ANIS FILTRANTE en KG (lo habitual es UND); revisar la cantidad"
ENSALADA MEDITERRANEA;INGREDIENTE_REPETIDO;"LECHUGA ORGANICA REFRIGERADO aparece dos veces; se suman 0.020000 + 0.020000"
ENSALADA ORIENTAL FEST;FICHA_DIFIERE_DE_RECETON;"se usa la ficha revisada; solo en ficha: ACEITE VEGETAL, AJO MOLIDO ENVASADO, CEBOLLA CHINA REFRIGERADA, MANTEQUILLA DE MANI, MIEL DE ABEJA; solo en receton: AZUCAR RUBIA, CHAMPIGÑONES LATA, ESPINACA REFRIGERADO, LECHUGA AMERICANA REFRIGERADO, MAYONESA; cantidad distinta: KION MOLIDO ENVASADO 0.002000->0.000120, PIMIENTO ROJO REFRIGERADO 0.030000->0.040000, SALSA SILLAO 0.005000->0.001000"
ENSALADA PRIMAVERAL CON POLLO TL;FICHA_DIFIERE_DE_RECETON;"se usa la ficha revisada; solo en ficha: COL CRIOLLA REFRIGERADO, POLLO PECHUGA FILETE SIN PIEL CONGELADO, VAINITA ENTERO REFRIGERADO; solo en receton: AGUA PARA RECETA, PECHUGA DE POLLO S/HUESO S/PIEL CONGELADO, VAINITA TROZOS CONGELADO; cantidad distinta: LECHUGA AMERICANA REFRIGERADO 0.010000->0.012000, MAYONESA 0.010000->0.015000"
ENSALADA SODEXO FEST;FICHA_DIFIERE_DE_RECETON;"se usa la ficha revisada; solo en ficha: ALCACHOFA CORAZON REFRIGERADO, CHAMPIGÑONES REFRIGERADO, LECHUGA ORGANICA REFRIGERADO, PALTA FUERTE REFRIGERADO, PIMIENTA NEGRA MOLIDA; solo en receton: AGUA PARA RECETA, CHAMPIGÑONES LATA, PALTA, PASTA WANTAN CONGELADO, PECHUGA DE POLLO S/HUESO S/PIEL CONGELADO; cantidad distinta: ACEITE VEGETAL 0.002000->0.008000, LECHUGA AMERICANA REFRIGERADO 0.060000->0.015000, SAL DE COCINA 0.003000->0.002000, TOMATE CRIOLLO REFRIGERADO 0.040000->0.015000, VINAGRE BLANCO 0.003000->0.004000"
ENSALADA TROPICAL CON POLLO FEST;FICHA_DIFIERE_DE_RECETON;"se usa la ficha revisada; solo en ficha: CHOCLO DESGRANADO CONGELADO, NARANJA DE MESA REFRIGERADO, PECANAS PELADAS, POLLO PECHUGA FILETE SIN PIEL CONGELADO, WANTAN REFRIGERADO; solo en receton: CHOCLO AMARILLO DESGRANADO CONGELADO, PASTA WANTAN CONGELADO, PECHUGA DE POLLO S/HUESO S/PIEL CONGELADO; cantidad distinta: ACEITE VEGETAL 0.002000->0.008000, AZUCAR RUBIA 0.005000->0.003000, ESPINACA REFRIGERADO 0.030000->0.025000, LECHUGA AMERICANA REFRIGERADO 0.080000->0.025000, PIMIENTO ROJO REFRIGERADO 0.030000->0.005000"
FIDEOS AL GRATIN;UNIDAD_DEDUCIDA;"JAMON PARA CAFETIN CONGELADO: unidad 'PQT' no valida; se usa KG (la habitual del ingrediente)"
FRIJOL CANARIO GUISADO;FICHA_DIFIERE_DE_RECETON;"se usa la ficha revisada; solo en ficha: ACEITE VEGETAL, AJI PANCA MOLIDO ENVASADO, AJO MOLIDO ENVASADO, CEBOLLA ROJA REFRIGERADA, COMINO MOLIDO; solo en receton: HARINA DE TRIGO ESPECIAL, PRE ELABORADO RAM FRIJOL CANARIO SIN ADEREZO; cantidad distinta: AGUA PARA RECETA 0.048000->0.250000, OREGANO ENTERO 0.000080->0.000120, SAL DE COCINA 0.000270->0.003000"
FRIJOL PANAMITO GUISADO;FICHA_DIFIERE_DE_RECETON;"se usa la ficha revisada; solo en ficha: ACEITE VEGETAL, AJI PANCA MOLIDO ENVASADO, AJO MOLIDO ENVASADO, CEBOLLA ROJA REFRIGERADA, COMINO MOLIDO; solo en receton: HARINA DE TRIGO ESPECIAL, PRE ELABORADO RAM FRIJOL PANAMITO SIN ADEREZO 1 KG; cantidad distinta: AGUA PARA RECETA 0.048000->0.250000, OREGANO ENTERO 0.000060->0.000120, SAL DE COCINA 0.000260->0.003000"
GUISO DE LENTEJA;FICHA_DIFIERE_DE_RECETON;"se usa la ficha revisada; solo en ficha: ACEITE VEGETAL, AJI PANCA MOLIDO ENVASADO, AJO MOLIDO ENVASADO, CEBOLLA ROJA REFRIGERADA, COMINO MOLIDO; solo en receton: BASE CRIOLLA, HARINA DE TRIGO ESPECIAL, PRE ELABORADO RAM LENTEJA SIN ADEREZO 1 KG; cantidad distinta: AGUA PARA RECETA 0.048000->0.250000, OREGANO ENTERO 0.000080->0.000120, SAL DE COCINA 0.000260->0.003000"
HABAS;FICHA_DIFIERE_DE_RECETON;"se usa la ficha revisada; solo en ficha: HABA VERDE PELADO CONGELADO; solo en receton: HABA VERDE EN VAINA REFRIGERADO; cantidad distinta: SAL DE COCINA 0.001000->0.003000"
HABAS Y CAMOTE SANCOCHADO;FICHA_DIFIERE_DE_RECETON;"se usa la ficha revisada; solo en ficha: AZUCAR RUBIA, CANELA ENTERA, HABA VERDE PELADO CONGELADO, SAL DE COCINA; solo en receton: HABA VERDE EN VAINA REFRIGERADO; cantidad distinta: CAMOTE AMARILLO REFRIGERADO 0.080000->0.100000"
HOT DOG;FICHA_DIFIERE_DE_RECETON;"se usa la ficha revisada; cantidad distinta: ACEITE VEGETAL 0.002000->0.003000, SALCHICHA HOT DOG CONGELADO 0.030000->0.050000"
HUACATAY REFRIGERADO;INGREDIENTE_VARIAS_UNIDADES;"KG en 26 recetas, L en 1 recetas; se mantiene KG y los otros usos pasan a 'HUACATAY REFRIGERADO (UNIDAD)'"
HUEVO FRITO;FICHA_DIFIERE_DE_RECETON;"se usa la ficha revisada; solo en ficha: HUEVO ROSADO REFRIGERADO; solo en receton: HUEVO ROSADO REFRIGERADO CAJA; cantidad distinta: ACEITE VEGETAL 0.003000->0.010000, SAL DE COCINA 0.002000->0.001000"
HUEVO FRITO;RECETON_VARIAS_VERSIONES;"2 versiones en 10 bloques; se toma la que aparece 5 veces. Diferencias: ACEITE VEGETAL 0.002000 LT, ACEITE VEGETAL 0.003000 LT, HUEVO ROSADO REFRIGERADO CAJA 0.120000 KG, HUEVO ROSADO REFRIGERADO CAJA 0.140000 KG"
HUEVOS A LA ORDEN;FICHA_DIFIERE_DE_RECETON;"se usa la ficha revisada; solo en ficha: HUEVO ROSADO REFRIGERADO; solo en receton: HUEVO ROSADO REFRIGERADO CAJA; cantidad distinta: ACEITE VEGETAL 0.003000->0.015000, SAL DE COCINA 0.001000->0.002000"
HUEVOS REVUELTOS;FICHA_DIFIERE_DE_RECETON;"se usa la ficha revisada; solo en ficha: HUEVO ROSADO REFRIGERADO, LECHE EVAPORADA TETRA; solo en receton: HUEVO LIQUIDO CONGELADO, LECHE EVAPORADA; cantidad distinta: ACEITE VEGETAL 0.003000->0.005000"
INFUSIONES;FICHA_DIFIERE_DE_RECETON;"se usa la ficha revisada; solo en ficha: ANIS FILTRANTE; solo en receton: ANIS SOBRECITO, AZUCAR RUBIA, UÑA DE GATO SOBRECITO; cantidad distinta: HIERBA LUISA SOBRECITO 0.142880->1.000000, MANZANILLA SOBRECITO 0.142800->1.000000, TE BOLDO SOBRECITO 0.142800->1.000000, TE CANELA Y CLAVO SOBRECITO 0.142800->1.000000, TE ROJO SOBRECITO 0.142800->1.000000"
INFUSIONES;RECETON_VARIAS_VERSIONES;"2 versiones en 7 bloques; se toma la que aparece 5 veces. Diferencias: HIERBA LUISA SOBRECITO 0.142800 UND, HIERBA LUISA SOBRECITO 0.142880 UND"
JUGO DE FRESA;FICHA_DIFIERE_DE_RECETON;"se usa la ficha revisada; cantidad distinta: AGUA PARA RECETA 0.150000->0.125000, AZUCAR RUBIA 0.015000->0.005000, FRESA PULPA CONGELADO 0.122450->0.125000"
JUGO DE FRESA CON PIÑA;FICHA_DIFIERE_DE_RECETON;"se usa la ficha revisada; solo en ficha: AZUCAR RUBIA, PIÑA PULPA CONGELADO; solo en receton: AZUCAR BLANCA GRANEL, PIÑA SELVA REFRIGERADO; cantidad distinta: AGUA PARA RECETA 0.125000->0.120000, FRESA PULPA CONGELADO 0.050000->0.065000"
JUGO DE NARANJA;FICHA_DIFIERE_DE_RECETON;"se usa la ficha revisada; solo en ficha: AZUCAR RUBIA, JUGO DE NARANJA; solo en receton: NARANJA DE JUGO REFRIGERADO; cantidad distinta: AGUA PARA RECETA 0.150000->0.125000"
JUGO DE PAPAYA;FICHA_DIFIERE_DE_RECETON;"se usa la ficha revisada; solo en ficha: PULPA DE PAPAYA CONGELADA; solo en receton: AZUCAR RUBIA, PAPAYA ENTERO REFRIGERADO, ZUMO DE LIMON CONGELADO; cantidad distinta: AGUA PARA RECETA 0.150000->0.125000"
JUGO DE PAPAYA CON LECHE;CODIGO_EN_NOMBRE;"el nombre traia el codigo SGP 1.11.4.38.0010; se quito del nombre"
JUGO DE PAPAYA CON MANZANA;FICHA_DIFIERE_DE_RECETON;"se usa la ficha revisada; solo en ficha: PULPA DE PAPAYA CONGELADA; solo en receton: PAPAYA PULPA CONGELADO"
JUGO DE PAPAYA CON NARANJA;FICHA_DIFIERE_DE_RECETON;"se usa la ficha revisada; solo en ficha: NARANJA DE JUGO REFRIGERADO, PULPA DE PAPAYA CONGELADA; solo en receton: JUGO DE NARANJA PASTEURIZADO, PAPAYA ENTERO REFRIGERADO; cantidad distinta: AGUA PARA RECETA 0.041600->0.125000, AZUCAR RUBIA 0.010000->0.015000"
JUGO DE PAPAYA CON PIÑA;FICHA_DIFIERE_DE_RECETON;"se usa la ficha revisada; solo en ficha: AZUCAR RUBIA, PIÑA PULPA CONGELADO, PULPA DE PAPAYA CONGELADA; solo en receton: AZUCAR BLANCA GRANEL, PAPAYA PULPA CONGELADO, PIÑA SELVA REFRIGERADO"
JUGO DE PIÑA;FICHA_DIFIERE_DE_RECETON;"se usa la ficha revisada; solo en ficha: PIÑA PULPA CONGELADO; solo en receton: PIÑA SELVA REFRIGERADO; cantidad distinta: AGUA PARA RECETA 0.153100->0.130000, AZUCAR RUBIA 0.015000->0.020000"
JUGO DE PIÑA CON MANZANA;FICHA_DIFIERE_DE_RECETON;"se usa la ficha revisada; solo en ficha: CANELA ENTERA, CLAVO DE OLOR ENTERO, PIÑA PULPA CONGELADO; solo en receton: PIÑA SELVA REFRIGERADO; cantidad distinta: AGUA PARA RECETA 0.150000->0.125000, AZUCAR RUBIA 0.015000->0.025000, MANZANA DE AGUA REFRIGERADO 0.100000->0.080000"
JUGO DE YACON;CODIGO_EN_NOMBRE;"el nombre traia el codigo SGP 1.11.4.56.0010; se quito del nombre"
JUGO DE YACON;UNIDAD_DEDUCIDA;"AGUA PARA RECETA: unidad '' no valida; se usa L (la habitual del ingrediente)"
KIWICHA CON MANZANA;FICHA_DIFIERE_DE_RECETON;"se usa la ficha revisada; cantidad distinta: AZUCAR RUBIA 0.015000->0.025000, HARINA DE KIWICHA 0.012000->0.020000, MANZANA DE AGUA REFRIGERADO 0.010000->0.020000"
KIWICHA CON MEMBRILLO;FICHA_DIFIERE_DE_RECETON;"se usa la ficha revisada; cantidad distinta: AZUCAR RUBIA 0.015000->0.025000, HARINA DE KIWICHA 0.012000->0.020000, MEMBRILLO REFRIGERADO 0.010000->0.020000"
KIWICHA CON PIÑA;FICHA_DIFIERE_DE_RECETON;"se usa la ficha revisada; cantidad distinta: AZUCAR RUBIA 0.015000->0.025000, PIÑA SELVA REFRIGERADO 0.020000->0.050000"
LECHE FRIA LIGHT;UNIDAD_INVALIDA;"LECHE FRESCA UHT LIGHT: unidad '' sin equivalente; se usa UND"
LEGUMBRES AL VAPOR;FICHA_DIFIERE_DE_RECETON;"se usa la ficha revisada; solo en ficha: ARVEJA PELADA CONGELADA, COLIFLOR 20-40 CONGELADO, VINAGRE BLANCO; solo en receton: ARVEJA PELADA CONGELADO, CHOCLO AMARILLO DESGRANADO CONGELADO; cantidad distinta: VAINITA ENTERO REFRIGERADO 0.020000->0.030000"
LEGUMBRES SALTEADAS;FICHA_DIFIERE_DE_RECETON;"se usa la ficha revisada; solo en ficha: BROCOLI 20-40 CONGELADO, CHOCLO DESGRANADO CONGELADO; solo en receton: ARVEJA PELADA CONGELADO, CHOCLO AMARILLO DESGRANADO CONGELADO; cantidad distinta: ACEITE VEGETAL 0.002000->0.007000, OREGANO ENTERO 0.000100->0.000120, PIMIENTA NEGRA MOLIDA 0.000100->0.000120, PIMIENTO ROJO REFRIGERADO 0.010000->0.015000, SAL DE COCINA 0.003000->0.002000"
LIMONADA;COLUMNAS_INVERTIDAS;AGUA PARA RECETA: cantidad y unidad estaban intercambiadas
LIMONADA;COLUMNAS_INVERTIDAS;AZUCAR BLANCA GRANEL: cantidad y unidad estaban intercambiadas
LIMONADA;COLUMNAS_INVERTIDAS;ZUMO DE LIMON CONGELADO: cantidad y unidad estaban intercambiadas
LIMONADA;FICHA_DIFIERE_DE_RECETON;"se usa la ficha revisada; solo en ficha: AZUCAR BLANCA GRANEL; solo en receton: AZUCAR RUBIA; cantidad distinta: AGUA PARA RECETA 0.220800->0.220848, ZUMO DE LIMON CONGELADO 0.007070->0.007067"
LOCRO DE ZAPALLO;FICHA_DIFIERE_DE_RECETON;"se usa la ficha revisada; solo en ficha: AJI AMARILLO MOLIDO ENVASADO, AJO MOLIDO ENVASADO, CEBOLLA ROJA REFRIGERADA, CHOCLO DESGRANADO CONGELADO, LECHE EVAPORADA TETRA; solo en receton: BASE AMARILLA, CHOCLO AMARILLO DESGRANADO CONGELADO, LECHE EVAPORADA; cantidad distinta: ACEITE VEGETAL 0.003000->0.005000, PIMIENTA NEGRA MOLIDA 0.000060->0.000120, SAL DE COCINA 0.001000->0.003000, ZAPALLO MACRE REFRIGERADO 0.044000->0.080000"
LOCRO DE ZAPALLO;RECETON_VARIAS_VERSIONES;"2 versiones en 8 bloques; se toma la que aparece 5 veces. Diferencias: ACEITE VEGETAL 0.002000 LT, ACEITE VEGETAL 0.003000 LT, ZAPALLO MACRE REFRIGERADO 0.044000 KG, ZAPALLO MACRE REFRIGERADO 0.080000 KG"
MACAAVENA CON LECHE;FICHA_DIFIERE_DE_RECETON;"se usa la ficha revisada; solo en ficha: LECHE EVAPORADA TETRA; solo en receton: LECHE EVAPORADA; cantidad distinta: AGUA PARA RECETA 0.010000->0.280000, AZUCAR RUBIA 0.015000->0.025000"
MON - CAU CAU CRIOLLO;RECETON_VARIAS_VERSIONES;"2 versiones en 8 bloques; se toma la que aparece 4 veces. Diferencias: RES MONDONGO ENTERO CONGELADO 0.135000 KG, RES MONDONGO ENTERO CONGELADO 0.170000 KG"
MOTE;FICHA_DIFIERE_DE_RECETON;"se usa la ficha revisada; cantidad distinta: MAIZ MOTE 0.030000->0.020000, SAL DE COCINA 0.002000->0.001000"
MOTE Y SALSA CRIOLLA;FICHA_DIFIERE_DE_RECETON;"se usa la ficha revisada; solo en ficha: CEBOLLA ROJA REFRIGERADA, LIMON VERDE REFRIGERADO; solo en receton: CEBOLLA ROJA REFRIGERADO, ZUMO DE LIMON CONGELADO; cantidad distinta: ACEITE VEGETAL 0.001000->0.002000"
PAPA AL HORNO;FICHA_DIFIERE_DE_RECETON;"se usa la ficha revisada; cantidad distinta: ACEITE VEGETAL 0.001000->0.003000"
PAPA DORADA;FICHA_DIFIERE_DE_RECETON;"se usa la ficha revisada; cantidad distinta: ACEITE VEGETAL 0.005000->0.010000"
PAPA DORADA;RECETON_VARIAS_VERSIONES;"2 versiones en 7 bloques; se toma la que aparece 5 veces. Diferencias: PAPA BLANCA REFRIGERADO 0.100000 KG, PAPA BLANCA REFRIGERADO 0.120000 KG"
PAPA DORADA Y SALSA CRIOLLA;FICHA_DIFIERE_DE_RECETON;"se usa la ficha revisada; solo en ficha: CEBOLLA ROJA REFRIGERADA, LIMON VERDE REFRIGERADO, VINAGRE TINTO; solo en receton: CEBOLLA ROJA REFRIGERADO, VINAGRE BLANCO, ZUMO DE LIMON CONGELADO; cantidad distinta: PAPA BLANCA REFRIGERADO 0.070000->0.060000"
PAPA PANADERA;INGREDIENTE_REPETIDO;"PIMIENTO ROJO REFRIGERADO aparece dos veces; se suman 0.005000 + 0.005000"
PAPA SANCOCHADA;RECETON_VARIAS_VERSIONES;"2 versiones en 13 bloques; se toma la que aparece 10 veces. Diferencias: PAPA BLANCA REFRIGERADO 0.100000 KG, PAPA BLANCA REFRIGERADO 0.120000 KG"
PAPA Y ENSALADA FRESCA GUAR;FICHA_DIFIERE_DE_RECETON;"se usa la ficha revisada; solo en ficha: LECHUGA ORGANICA REFRIGERADO; solo en receton: AGUA PARA RECETA, LECHUGA AMERICANA REFRIGERADO; cantidad distinta: MAYONESA 0.003350->0.005000, OREGANO ENTERO 0.001200->0.000120, PAPA BLANCA REFRIGERADO 0.120000->0.100000"
PAPAS AL PEREJIL;FICHA_DIFIERE_DE_RECETON;"se usa la ficha revisada; cantidad distinta: SAL DE COCINA 0.001000->0.002000"
PAPAS FRITAS;FICHA_DIFIERE_DE_RECETON;"se usa la ficha revisada; solo en ficha: PAPA BLANCA REFRIGERADO; solo en receton: PAPA PRE FRITA CONGELADA; cantidad distinta: ACEITE VEGETAL 0.005000->0.015000"
PAV - PAVO AL HORNO;RECETON_VARIAS_VERSIONES;"2 versiones en 8 bloques; se toma la que aparece 6 veces. Diferencias: PECHUGA DE PAVO SIN HUESO CONGELADO 0.130000 KG, PECHUGA DE PAVO SIN HUESO CONGELADO 0.160000 KG"
PEPIAN;FICHA_DIFIERE_DE_RECETON;"se usa la ficha revisada; solo en ficha: AJI AMARILLO MOLIDO ENVASADO, AJO MOLIDO ENVASADO, CEBOLLA ROJA REFRIGERADA, CHOCLO DESGRANADO CONGELADO; solo en receton: BASE AMARILLA, CHOCLO AMARILLO DESGRANADO CONGELADO; cantidad distinta: ACEITE VEGETAL 0.002000->0.005000, PIMIENTA NEGRA MOLIDA 0.000060->0.000120, SAL DE COCINA 0.001000->0.003000"
PES - PESCADO A LA CHORRILLANA;RECETON_VARIAS_VERSIONES;"2 versiones en 8 bloques; se toma la que aparece 4 veces. Diferencias: BONITO FILETE CON PIEL CONGELADO 0.100000 KG, BONITO FILETE CON PIEL CONGELADO 0.190000 KG"
POLL - ESTOFADO DE POLLO;RECETON_VARIAS_VERSIONES;"2 versiones en 8 bloques; se toma la que aparece 5 veces. Diferencias: POLLO PIERNA CON ENCUENTRO CONGELADO 0.150000 KG, POLLO PIERNA CON ENCUENTRO CONGELADO 0.217000 KG, POLLO SIN MENUDENCIA CONGELADO 1.68 KG 0.066000 KG"
POLL - GUISO DE POLLO NORTEÑO;RECETON_VARIAS_VERSIONES;"2 versiones en 6 bloques; se toma la que aparece 3 veces. Diferencias: POLLO PIERNA CON ENCUENTRO CONGELADO 0.150000 KG, POLLO PIERNA CON ENCUENTRO CONGELADO 0.217000 KG, POLLO SIN MENUDENCIA CONGELADO 1.68 KG 0.066000 KG"
POLL - MILANESA DE POLLO;RECETON_VARIAS_VERSIONES;"2 versiones en 9 bloques; se toma la que aparece 8 veces. Diferencias: ACEITE VEGETAL 0.005000 LT, ACEITE VEGETAL 0.020000 LT, HUEVO LIQUIDO CONGELADO 0.075000 KG, HUEVO ROSADO REFRIGERADO 0.020000 KG, OREGANO ENTERO 0.000120 KG, PASTA DE AJO 0.002000 KG"
POLL - PICANTE DE POLLO;RECETON_VARIAS_VERSIONES;"2 versiones en 5 bloques; se toma la que aparece 3 veces. Diferencias: PECHUGA DE POLLO S/HUESO S/PIEL CONGELADO 0.130000 KG, PECHUGA DE POLLO S/HUESO S/PIEL CONGELADO 0.160000 KG"
POLL - POLLO A LA CACEROLA;RECETON_VARIAS_VERSIONES;"2 versiones en 11 bloques; se toma la que aparece 8 veces. Diferencias: POLLO PIERNA CON ENCUENTRO CONGELADO 0.150000 KG, POLLO PIERNA CON ENCUENTRO CONGELADO 0.217000 KG, POLLO SIN MENUDENCIA CONGELADO 1.68 KG 0.066000 KG"
POLL - POLLO A LA JARDINERA;RECETON_VARIAS_VERSIONES;"2 versiones en 11 bloques; se toma la que aparece 9 veces. Diferencias: POLLO PIERNA CON ENCUENTRO CONGELADO 0.150000 KG, POLLO PIERNA CON ENCUENTRO CONGELADO 0.217000 KG, POLLO SIN MENUDENCIA CONGELADO 1.68 KG 0.066000 KG"
POLL - POLLO A LA PLANCHA;RECETON_VARIAS_VERSIONES;"2 versiones en 6 bloques; se toma la que aparece 5 veces. Diferencias: PECHUGA DE POLLO S/HUESO S/PIEL CONGELADO 0.130000 KG, PECHUGA DE POLLO S/HUESO S/PIEL CONGELADO 0.160000 KG"
POLL - POLLO AL HORNO;RECETON_VARIAS_VERSIONES;"2 versiones en 15 bloques; se toma la que aparece 10 veces. Diferencias: POLLO PIERNA CON ENCUENTRO CONGELADO 0.150000 KG, POLLO PIERNA CON ENCUENTRO CONGELADO 0.217000 KG, POLLO SIN MENUDENCIA CONGELADO 1.68 KG 0.066000 KG"
POLL - SALTADO CRIOLLO CON POLLO;RECETON_VARIAS_VERSIONES;"2 versiones en 9 bloques; se toma la que aparece 7 veces. Diferencias: PECHUGA DE POLLO S/HUESO S/PIEL CONGELADO 0.130000 KG, PECHUGA DE POLLO S/HUESO S/PIEL CONGELADO 0.160000 KG"
POLL - TALLARINES ROJOS CON POLLO;RECETON_VARIAS_VERSIONES;"2 versiones en 8 bloques; se toma la que aparece 5 veces. Diferencias: PASTA DE TOMATE 0.005000 KG, PIMIENTA NEGRA MOLIDA 0.000060 KG, PIMIENTA NEGRA MOLIDA 0.000120 KG, POLLO PIERNA CON ENCUENTRO CONGELADO 0.150000 KG, POLLO PIERNA CON ENCUENTRO CONGELADO 0.217000 KG, POLLO SIN MENUDENCIA CONGELADO 1.68 KG 0.066000 KG"
PONCHE DE HABAS;FICHA_DIFIERE_DE_RECETON;"se usa la ficha revisada; solo en ficha: LECHE EVAPORADA TETRA; solo en receton: LECHE EVAPORADA; cantidad distinta: AZUCAR RUBIA 0.015000->0.020000"
PURE DE ESPINACA CON PAPA BLANCA;FICHA_DIFIERE_DE_RECETON;"se usa la ficha revisada; solo en ficha: AJO MOLIDO ENVASADO, ESPINACA REFRIGERADO, LECHE EVAPORADA TETRA, NUEZ MOSCADA, PAPA BLANCA REFRIGERADO; solo en receton: ESPINACA CONGELADO, LECHE EVAPORADA, NUEZ MOSCADA MOLIDA, PURE DE PAPA DESHIDRATADA"
PURE DE PAPA BLANCA;FICHA_DIFIERE_DE_RECETON;"se usa la ficha revisada; solo en ficha: AJO MOLIDO ENVASADO, LECHE EVAPORADA TETRA, NUEZ MOSCADA, PAPA BLANCA REFRIGERADO, PIMIENTA NEGRA MOLIDA; solo en receton: LECHE EVAPORADA, NUEZ MOSCADA MOLIDA, PURE DE PAPA DESHIDRATADA; cantidad distinta: AGUA PARA RECETA 0.175000->0.010000, MARGARINA CON SAL REFRIGERADO GRANEL KG 0.003000->0.005000"
PURE DE PAPA DESHIDRATADA;FICHA_DIFIERE_DE_RECETON;"se usa la ficha revisada; solo en ficha: AJO MOLIDO ENVASADO, LECHE EVAPORADA TETRA, NUEZ MOSCADA, PIMIENTA NEGRA MOLIDA; solo en receton: MEZCLA LACTEA, NUEZ MOSCADA MOLIDA; cantidad distinta: AGUA PARA RECETA 0.175000->0.020000, MARGARINA CON SAL REFRIGERADO GRANEL KG 0.003000->0.005000"
PURE DE PAPA DESHIDRATADA;RECETON_VARIAS_VERSIONES;"2 versiones en 7 bloques; se toma la que aparece 5 veces. Diferencias: LECHE EVAPORADA 0.015000 LT, MEZCLA LACTEA 0.015000 LT"
QUINUA CON MANZANA;FICHA_DIFIERE_DE_RECETON;"se usa la ficha revisada; cantidad distinta: AZUCAR RUBIA 0.015000->0.020000, MAICENA 0.003000->0.002000"
QUINUA CON MEMBRILLO;FICHA_DIFIERE_DE_RECETON;"se usa la ficha revisada; cantidad distinta: AZUCAR RUBIA 0.015000->0.020000"
QUINUA GUISADA;FICHA_DIFIERE_DE_RECETON;"se usa la ficha revisada; solo en ficha: AJI PANCA MOLIDO ENVASADO, AJO MOLIDO ENVASADO, CEBOLLA ROJA REFRIGERADA, COMINO MOLIDO, LAUREL; solo en receton: BASE CRIOLLA, CALDO DE GALLINA; cantidad distinta: ACEITE VEGETAL 0.002000->0.005000, PEREJIL LIZO REFRIGERADO 0.002000->0.003000, PIMIENTA NEGRA MOLIDA 0.000060->0.000120, SAL DE COCINA 0.002000->0.003000"
REFRESCO DE CARAMBOLA;FICHA_DIFIERE_DE_RECETON;"se usa la ficha revisada; cantidad distinta: AGUA PARA RECETA 0.212710->0.241000, AZUCAR RUBIA 0.012710->0.006200, CONCENTRADO DE CARAMBOLA 0.021180->0.034000"
REFRESCO DE CEBADA;FICHA_DIFIERE_DE_RECETON;"se usa la ficha revisada; solo en ficha: CEBADA TOSTADA, LIMON VERDE REFRIGERADO; solo en receton: CONCENTRADO DE EMOLIENTE 2 LT, ZUMO DE LIMON CONGELADO; cantidad distinta: AGUA PARA RECETA 0.262000->0.260000, AZUCAR RUBIA 0.015000->0.025000"
REFRESCO DE MANZANA;FICHA_DIFIERE_DE_RECETON;"se usa la ficha revisada; cantidad distinta: AGUA PARA RECETA 0.212710->0.241000, AZUCAR RUBIA 0.012710->0.008000, CONCENTRADO DE MANZANA 0.021180->0.034000"
REFRESCO DE MARACUYA;FICHA_DIFIERE_DE_RECETON;"se usa la ficha revisada; cantidad distinta: AGUA PARA RECETA 0.212710->0.241000, AZUCAR RUBIA 0.012710->0.006200, CONCENTRADO DE MARACUYA 0.021180->0.034000"
REFRESCO DE MEMBRILLO;FICHA_DIFIERE_DE_RECETON;"se usa la ficha revisada; solo en ficha: CONCENTRADO DE MEMBRILLO X 1 LT; solo en receton: MEMBRILLO REFRIGERADO"
RES - ESPAGUETTI A LA BOLOGNESA;RECETON_VARIAS_VERSIONES;"2 versiones en 6 bloques; se toma la que aparece 3 veces. Diferencias: PASTA DE TOMATE 0.005000 KG, RES CARNE MOLIDA CONGELADO 0.085000 KG, RES CARNE MOLIDA CONGELADO 0.160000 KG"
RES - OLLUQUITO CON RES;RECETON_VARIAS_VERSIONES;"2 versiones en 5 bloques; se toma la que aparece 3 veces. Diferencias: RES - GUISO CONGELADO 0.130000 KG, RES - GUISO CONGELADO 0.160000 KG"
REVUELTO DE CHUÑO;RECETON_VARIAS_VERSIONES;"2 versiones en 7 bloques; se toma la que aparece 5 veces. Diferencias: HUEVO LIQUIDO CONGELADO 0.005000 KG, HUEVO ROSADO REFRIGERADO CAJA 0.005000 KG"
SALAD BAR II;FICHA_DIFIERE_DE_RECETON;"se usa la ficha revisada; solo en ficha: ACEITE VEGETAL, ARVEJA PELADA CONGELADA, FIDEO TORNILLO, LECHUGA ORGANICA REFRIGERADO, MAYONESA; solo en receton: LECHUGA AMERICANA REFRIGERADO, ZANAHORIA REFRIGERADO"
SALAD BAR III;FICHA_DIFIERE_DE_RECETON;"se usa la ficha revisada; solo en ficha: BETERRAGA ENTERA REFRIGERADA, BROCOLI 20-40 CONGELADO, LECHUGA ORGANICA REFRIGERADO, MAYONESA, OREGANO ENTERO; solo en receton: RABANITO REFRIGERADO; cantidad distinta: PEPINILLO REFRIGERADO 0.050000->0.015000, ZANAHORIA REFRIGERADO 0.040000->0.015000"
SALAD BAR IV;FICHA_DIFIERE_DE_RECETON;"se usa la ficha revisada; solo en ficha: HUEVO ROSADO REFRIGERADO, LECHUGA ORGANICA REFRIGERADO, MAYONESA, MOSTAZA, OREGANO ENTERO; solo en receton: ARVEJA PELADA CONGELADO, COLIFLOR 20-60 CONGELADO, TOMATE CRIOLLO REFRIGERADO"
SALCHICHA DE HUACHO;FICHA_DIFIERE_DE_RECETON;"se usa la ficha revisada; solo en ficha: HUEVO ROSADO REFRIGERADO, SALCHICHA HUACHANA REFRIGERADO; solo en receton: HUEVO LIQUIDO CONGELADO, SALCHICHA DE HUACHO CONGELADO"
SALSA MENSI;INGREDIENTE_VARIAS_UNIDADES;"KG en 2 recetas, L en 1 recetas; se mantiene KG y los otros usos pasan a 'SALSA MENSI (UNIDAD)'"
SALTADO DE VAINITA Y ZANAHORIA;FICHA_DIFIERE_DE_RECETON;"se usa la ficha revisada; solo en ficha: AJO MOLIDO ENVASADO, KION MOLIDO ENVASADO; solo en receton: KION MOLIDO SECO, PASTA DE AJO; cantidad distinta: VAINITA ENTERO REFRIGERADO 0.070000->0.050000, ZANAHORIA REFRIGERADO 0.040000->0.050000"
SANDWICH CON HAMBURGUESA DE RES;FICHA_DIFIERE_DE_RECETON;"se usa la ficha revisada; solo en ficha: LECHUGA ORGANICA REFRIGERADO, MOSTAZA, PASTIPAN PAN DE HAMBURGUESA, RES HAMBURGUESA CONGELADO; solo en receton: AGUA PARA RECETA, CEBOLLA ROJA REFRIGERADO, COMINO MOLIDO, HARINA DE TRIGO ESPECIAL, LECHUGA AMERICANA REFRIGERADO; cantidad distinta: ACEITE VEGETAL 0.010000->0.005000, TOMATE CRIOLLO REFRIGERADO 0.010000->0.015000"
SANDWICH DOBLE DE ACEITUNA Y HUEVO;FICHA_DUPLICADA;hoja SANDWICH FRIOS fila 234 repite la ficha de la fila 218
SANDWICH MORO;UNIDAD_DEDUCIDA;"MAYONESA: unidad '' no valida; se usa KG (la habitual del ingrediente)"
SANDWICH MORO;UNIDAD_DEDUCIDA;"QUESO FRESCO REFRIGERADO: unidad '' no valida; se usa KG (la habitual del ingrediente)"
SANDWICH MORO;UNIDAD_DEDUCIDA;"TOMATE CRIOLLO REFRIGERADO: unidad '' no valida; se usa KG (la habitual del ingrediente)"
SANDWICH MORO;UNIDAD_INVALIDA;"PASTIPAN PAN CIABATTA INTEGRAL 10 X 5: unidad '' sin equivalente; se usa UND"
SEMOLA;INGREDIENTE_VARIAS_UNIDADES;"KG en 13 recetas, L en 1 recetas; se mantiene KG y los otros usos pasan a 'SEMOLA (UNIDAD)'"
SEMOLA CON MEMBRILLO;UNIDAD_DISTINTA_A_LA_HABITUAL;"SEMOLA en L (lo habitual es KG); revisar la cantidad"
SOPA CALDO BLANCO CON POLLO;RECETON_VARIAS_VERSIONES;"2 versiones en 5 bloques; se toma la que aparece 4 veces. Diferencias: POLLO PIERNA CON ENCUENTRO CONGELADO 0.075000 KG, POLLO PIERNA CON ENCUENTRO CONGELADO 0.150000 KG"
SOPA CALDO BLANCO CON RES I;RECETON_VARIAS_VERSIONES;"2 versiones en 9 bloques; se toma la que aparece 5 veces. Diferencias: PRE ELABORADO RAM GARBANZO SIN ADEREZO 0.010000 KG, PRE ELABORADO RAM GARBANZO SIN ADEREZO 0.030000 KG, RES - SOPAS S/HUESO CONGELADO 0.065000 KG, RES - SOPAS S/HUESO CONGELADO 0.130000 KG, ZANAHORIA REFRIGERADO 0.008000 KG, ZANAHORIA REFRIGERADO 0.010000 KG"
SOPA CHAIRO CON RES I;RECETON_VARIAS_VERSIONES;"2 versiones en 4 bloques; se toma la que aparece 3 veces. Diferencias: AGUA PARA RECETA 0.250000 LT, AGUA PARA RECETA 0.300000 LT, ARVEJA PELADA CONGELADO 0.003000 KG, ARVEJA PELADA CONGELADO 0.005000 KG, CHUÑO ENTERO 0.010000 KG, CHUÑO ENTERO 0.015000 KG"
SOPA DE TRIGO CON POLLO;RECETON_VARIAS_VERSIONES;"2 versiones en 4 bloques; se toma la que aparece 3 veces. Diferencias: APIO REFRIGERADO 0.010000 KG, APIO REFRIGERADO 0.015000 KG, POLLO PIERNA CON ENCUENTRO CONGELADO 0.075000 KG, POLLO PIERNA CON ENCUENTRO CONGELADO 0.150000 KG"
SOPA PATASCA;RECETON_VARIAS_VERSIONES;"2 versiones en 7 bloques; se toma la que aparece 4 veces. Diferencias: RES - SOPAS S/HUESO CONGELADO 0.030000 KG, RES - SOPAS S/HUESO CONGELADO 0.040000 KG, RES MONDONGO ENTERO CONGELADO 0.035000 KG, RES MONDONGO ENTERO CONGELADO 0.045000 KG"
SOYA;FICHA_DIFIERE_DE_RECETON;"se usa la ficha revisada; cantidad distinta: AZUCAR RUBIA 0.015000->0.025000, HARINA DE SOYA 0.020000->0.025000"
TACACHO;CODIGO_EN_NOMBRE;"el nombre traia el codigo SGP 1.04.5.46.0010; se quito del nombre"
TALLARIN SALTADO CON VERDURAS CHINAS;UNIDAD_DISTINTA_A_LA_HABITUAL;"SALSA MENSI en L (lo habitual es KG); revisar la cantidad"
TALLARINES VERDES;FICHA_DIFIERE_DE_RECETON;"se usa la ficha revisada; solo en ficha: AJO MOLIDO ENVASADO, CEBOLLA ROJA REFRIGERADA, ESPINACA REFRIGERADO, LECHE EVAPORADA TETRA; solo en receton: BASE NEUTRA, ESPINACA CONGELADO, LECHE EVAPORADA; cantidad distinta: ACEITE VEGETAL 0.002000->0.010000, FIDEO SPAGUETTI 0.090000->0.120000, PIMIENTA NEGRA MOLIDA 0.000060->0.000120, QUESO PARMESANO REFRIGERADO 0.001000->0.003000, SAL DE COCINA 0.001000->0.003000"
TORTILLA DE HUEVO;FICHA_DIFIERE_DE_RECETON;"se usa la ficha revisada; solo en ficha: HUEVO ROSADO REFRIGERADO; solo en receton: HUEVO ROSADO REFRIGERADO CAJA"
VERDURAS CHINAS AL KION;FICHA_DIFIERE_DE_RECETON;"se usa la ficha revisada; solo en ficha: AJO MOLIDO ENVASADO, CEBOLLA CHINA REFRIGERADA, CEBOLLA ROJA REFRIGERADA, CHAMPIGÑONES REFRIGERADO, KION MOLIDO ENVASADO; solo en receton: CEBOLLA CHINA REFRIGERADO, CEBOLLA ROJA REFRIGERADO, KION MOLIDO SECO, PASTA DE AJO; cantidad distinta: BROCOLI 20-40 CONGELADO 0.020000->0.030000, PIMIENTO ROJO REFRIGERADO 0.020000->0.015000"
VERDURAS COCIDAS;FICHA_DIFIERE_DE_RECETON;"se usa la ficha revisada; solo en ficha: ARVEJA PELADA CONGELADA; solo en receton: ARVEJA PELADA CONGELADO; cantidad distinta: PAPA BLANCA REFRIGERADO 0.100000->0.030000, VAINITA ENTERO REFRIGERADO 0.020000->0.025000, ZANAHORIA REFRIGERADO 0.015000->0.020000"
VERDURAS SALTEADAS;FICHA_DIFIERE_DE_RECETON;"se usa la ficha revisada; solo en ficha: COLIFLOR 20-40 CONGELADO; solo en receton: COLIFLOR 20-60 CONGELADO; cantidad distinta: ACEITE VEGETAL 0.003000->0.010000"
VINAGRE TINTO;INGREDIENTE_VARIAS_UNIDADES;"L en 36 recetas, KG en 1 recetas; se mantiene L y los otros usos pasan a 'VINAGRE TINTO (UNIDAD)'"
YUCA DORADA;FICHA_DIFIERE_DE_RECETON;"se usa la ficha revisada; solo en ficha: YUCA AMARILLA REFRIGERADO; solo en receton: YUCA AMARILLA CONGELADO; cantidad distinta: ACEITE VEGETAL 0.005000->0.010000"
YUCA SANCOCHADA;FICHA_DIFIERE_DE_RECETON;"se usa la ficha revisada; solo en ficha: YUCA AMARILLA REFRIGERADO; solo en receton: YUCA AMARILLA CONGELADO"
