n;archivo_original;pantalla
01;Captura de pantalla 2026-08-18 170117.png;Traspaso Entre Contratos (reporte impreso/vista previa)
02;Captura de pantalla 2026-10-02 160732.png;Planificación Teórica (diálogo de selección de periodo)
03;Captura de pantalla 2026-10-02 160736.png;Histórico Planificación Teórica
04;Captura de pantalla 2026-10-02 160743.png;Planificación Teórica (grilla semanal/mensual, almuerzo)
05;Captura de pantalla 2026-10-02 160759.png;"Receta, pestaña ""Detalle Receta x Regimen"" (ENSALADA RUSA II)"
06;Captura de pantalla 2026-10-02 160806.png;"Receta, pestaña ""Detalle Receta Patrón"" (ENSALADA RUSA II)"
07;Captura de pantalla 2026-10-02 160810.png;"Receta, pestaña ""Detalle Receta Local"" (ENSALADA RUSA II)"
08;Captura de pantalla 2026-10-02 160818.png;"Receta, pestaña ""Detalle Receta x Regimen"" (repetición de 05)"
09;Captura de pantalla 2026-10-02 160841.png;Planificación Real (grilla)
10;Captura de pantalla 2026-10-03 092851.png;"Receta, pestaña ""Detalle Receta x Regimen"" (AJI - CREMA DE ROCOTO)"
11;Captura de pantalla 2026-10-03 092916.png;Planificación Teórica, servicio Cena Normal 1 (Agosto 2026) con resumen al pie
12;Captura de pantalla 2026-10-03 092948.png;Aporte Planificación Teórica
13;Captura de pantalla 2026-10-03 093015.png;Frecuencia Planificación Teórica
14;Captura de pantalla 2026-10-03 093818.png;Salida y Devolución de Producción (parámetros de informe)
15;Captura de pantalla 2026-10-03 093842.png;"Menú ""Informes Transacciones Ent/Sal"" (barra de menú principal)"
16;Captura de pantalla 2026-10-03 171718.png;Recorte de cabecera de Orden de Compra / Pedido impreso (PDF)
17;Captura de pantalla 2026-10-03 171737.png;Recorte de cabecera de Orden de Compra / Pedido impreso
18;Captura de pantalla 2026-10-03 171753.png;Recorte de cabecera de Orden de Compra / Pedido impreso
19;Captura de pantalla 2026-10-04 131508.png;Ventana principal SGP Peru v4.08.0059 (menu y calendario del mes)
20;Captura de pantalla 2026-10-04 131521.png;Planificacion Teorica (dialogo de seleccion)
21;Captura de pantalla 2026-10-04 131531.png;"Planificacion Teorica + ""Historico Planificacion Teorica"""
22;Captura de pantalla 2026-10-04 131545.png;Planificacion Teorica (grilla de menu, vista superior)
23;Captura de pantalla 2026-10-04 131557.png;Planificacion Teorica con panel de totales (mismo dia 1/10)
24;Captura de pantalla 2026-10-04 131603.png;Planificacion Teorica, ultima semana del mes (26 a 31/10/2026)
25;Captura de pantalla 2026-10-04 131614.png;"Menu desplegable ""Menu"" de Planificacion Teorica"
26;Captura de pantalla 2026-10-04 131622.png;"Menu desplegable ""Plato Menu"""
27;Captura de pantalla 2026-10-04 131638.png;Planificacion Real (dialogo de seleccion, vacio)
28;Captura de pantalla 2026-10-04 131647.png;"Planificacion Real + ""Historico Planificacion Real"""
29;Captura de pantalla 2026-10-04 131654.png;Planificacion Real con servicio seleccionado
30;Captura de pantalla 2026-10-04 131700.png;Planificacion Real (grilla de menu)
31;Captura de pantalla 2026-10-04 131716.png;Planificacion Real (semana 27/10 a 31/10/2026)
32;Captura de pantalla 2026-10-04 131721.png;Planificacion Real (semana 01/10 a 06/10/2026, con dias bloqueados)
33;Captura de pantalla 2026-10-04 131731.png;"Receta (pestana ""Detalle Receta x Regimen"", abierta desde Planificacion Real)"
34;Captura de pantalla 2026-10-04 131751.png;Generar Minuta Real
35;Captura de pantalla 2026-10-04 131758.png;Pedido Manual
36;Captura de pantalla 2026-10-04 131828.png;"Pedidos Extras (con dialogo ""Guia despacho y Factura - Venta directa"")"
37;Captura de pantalla 2026-10-04 131845.png;Pedido (carga de pedido por archivo)
38;Captura de pantalla 2026-10-04 131852.png;"Menu ""Transacciones Ent/Sal"" (desplegable)"
39;Captura de pantalla 2026-10-04 131905.png;Toma de Inventario (principal)
40;Captura de pantalla 2026-10-04 131915.png;Toma de Inventario (lista desplegable de fechas)
41;Captura de pantalla 2026-10-04 131922.png;Imprimir Toma de Inventario
42;Captura de pantalla 2026-10-04 132007.png;Devolucion de Produccion para Bodega
43;Captura de pantalla 2026-10-04 132017.png;Salida de Bodega a Produccion (nueva, vacia)
44;Captura de pantalla 2026-10-04 132024.png;Salida de Bodega a Produccion (documento con datos)
45;Captura de pantalla 2026-10-04 132036.png;Salida de Bodega a Produccion - dialogo de busqueda de documentos
46;Captura de pantalla 2026-10-04 132043.png;"Vista previa del reporte ""Salida de Bodega a Produccion (Resumido)"""
47;Captura de pantalla 2026-10-04 132106.png;Control de Raciones, octubre 2026
48;Captura de pantalla 2026-10-04 132112.png;Control de Raciones, septiembre 2026 (primera semana)
49;Captura de pantalla 2026-10-04 132119.png;Control de Raciones, septiembre 2026 (final de mes)
50;Captura de pantalla 2026-10-04 132132.png;Venta Servicio Contado (vacia, octubre 2026)
51;Captura de pantalla 2026-10-04 132147.png;Venta Servicio Contado (septiembre 2026 con datos)
52;Captura de pantalla 2026-10-04 132200.png;Registro de Venta Cafeteria
53;Captura de pantalla 2026-10-04 132219.png;Menu desplegable de Almacen/Bodega
54;Captura de pantalla 2026-10-04 132228.png;Submenu Stock
55;Captura de pantalla 2026-10-04 132239.png;Salida y Devolucion de Produccion (filtro de reporte)
56;Captura de pantalla 2026-10-04 132250.png;Informe Traspasos
57;Captura de pantalla 2026-10-04 132259.png;Informe de Compras por Periodo
58;Captura de pantalla 2026-10-04 132309.png;Documento Proveedor (vacio)
59;Captura de pantalla 2026-10-04 132323.png;Documento Proveedor (con datos)
60;Captura de pantalla 2026-10-04 132345.png;Food Cost (filtro)
61;Captura de pantalla 2026-10-04 132411.png;"Preview ""Food Cost (Alimento)"""
62;Captura de pantalla 2026-10-04 132425.png;"Ventana ""Plan. Teórico & Realizado"" (filtros de informes de costos)"
63;Captura de pantalla 2026-10-04 132430.png;"Lista desplegable ""Informes"""
64;Captura de pantalla 2026-10-04 132447.png;"Preview ""Costo Plan. Teórico & Realizado (Alimentación) 09/2026"""
65;Captura de pantalla 2026-10-04 132516.png;"Preview ""Previsión de Consumo (Total del Periodo)"" - un dia"
66;Captura de pantalla 2026-10-04 132526.png;"Preview ""Previsión de Consumo (Total del Periodo)"" - varios dias"
67;Captura de pantalla 2026-10-04 132553.png;"Preview menu impreso ""ALMUERZO NORMAL 1"" (estructura del servicio y platos de un dia)"
68;Captura de pantalla 2026-10-04 132610.png;"Preview ""Costo Detallado (Teórico) 10/2026"""
69;Captura de pantalla 2026-10-04 132625.png;"Preview de equivalencias ""Ingredientes / Productos"""
70;Captura de pantalla 2026-10-04 132643.png;"Preview ""Costos Detalle Período Realizado"" (documento de salida de almacen, pagina 1)"
71;Captura de pantalla 2026-10-04 132650.png;"Preview ""Costos Detalle Período Realizado"" (documento, desplazado)"
72;Captura de pantalla 2026-10-05 092657.png;"Ventana ""Planificación Real"" (1 a 6 oct 2026)"
73;Captura de pantalla 2026-10-05 092704.png;Planificación Real (7 a 12 oct 2026)
74;Captura de pantalla 2026-10-05 092709.png;Planificación Real (27 a 31 oct 2026)
75;Captura de pantalla 2026-10-05 092719.png;Planificación Real con panel de totales al pie (27 a 31 oct 2026)
