variante_codigo;descripcion;presentacion;stock_envases;precio_envase;unidad_base;contenido_envase;cantidad_base;valor
PRD00003;LECHE CONDENSADA GLORIA 393 GR;LATA;80.000000;4.338000;KG;0.393;31.44;347.040000
PRD00008;COCKTAIL DE FRUTAS FANNY 820 GR;LATA;19.000000;11.164000;KG;0.82;15.58;212.116000
PRD00010;ACEITE VEGETAL CIELO 5 LT;BIDON;42.000000;34.120000;L;5;210;1433.040000
PRD00011;ACEITE AJONJOLI OLIVOS DEL SUR 220 ML PET;BOTELLA;12.000000;14.109000;L;0.22;2.64;169.308000
PRD00020;HIERBA BUENA;KILOGRAMO;7.040000;6.910000;KG;1;7.04;48.646400
PRD00021;ARVEJA VERDE PARTIDA CANTA CLARO BOLSA 500 GR;BOLSA;88.000000;3.300000;KG;0.5;44;290.400000
PRD00043;FIDEO CABELLO DE ANGEL MOLITALIA 250 GR;PAQUETE;96.000000;1.210000;KG;0.25;24;116.160000
PRD00056;ARROZ COSTEÑO EXTRA HOJA REDONDA AÑEJO 50 KG;SACO;40.000000;209.347528;KG;50;2000;8373.901120
PRD00081;MACA AVENA 3 OSITOS 150 GR;BOLSA;97.000000;1.316000;KG;0.15;14.55;127.652000
PRD00090;AVENA 3 OSITOS 10 KG;BOLSA;7.000000;39.076000;KG;10;70;273.532000
PRD00091;CAFE MOLIDO STANDAR RISSO GRANEL KG;KILOGRAMO;23.000000;48.305000;KG;1;23;1111.015000
PRD00107;CAFE MOLIDO NESCAFE TRADICION NESTLE 500 GR;BOLSA;2.000000;140.355000;KG;0.5;1;280.710000
PRD00114;GALLETA CLASICA OREO 36 GR;PAQUETE;131.000000;0.790000;UND;1;131;103.490000
PRD00118;AZUCAR BLANCA PERSONAL SODEXO PAQ (5 GR)1 MILLAR;BOLSA;28.000000;29.000000;UND;1000;28000;812.000000
PRD00119;EDULCORANTE PERSONAL SODEXO 1 GR X MILLAR;PAQUETE;0.700000;72.500000;UND;1000;700;50.750000
PRD00124;AZUCAR RUBIA SACO 50 KG;SACO;34.000000;135.816741;KG;50;1700;4617.769194
PRD00130;FIDEO CARACOL DEL CIELO 250 GR;PAQUETE;160.000000;0.780000;KG;0.25;40;124.800000
PRD00131;FIDEO CANUTO GRANDE DEL CIELO 250 GR;PAQUETE;440.000000;0.780056;KG;0.25;110;343.224640
PRD00137;FIDEO SPAGUETTI MOLITALIA 950 GR;PAQUETE;176.000000;4.553000;KG;0.95;167.2;801.328000
PRD00142;FIDEO TORNILLO MOLITALIA 250GR;PAQUETE;218.000000;1.210000;KG;0.25;54.5;263.780000
PRD00156;GALLETA DULCE CHOCOLATE CHOMP 42/38 GR;PAQUETE;96.000000;0.791000;UND;1;96;75.936000
PRD00160;MANI TOSTADO PELADO TOÑA 1 KG;BOLSA;13.000000;17.650000;KG;1;13;229.450000
PRD00162;KETCHUP B&D 4 LT;BALDE;3.000000;16.510000;L;4;12;49.530000
PRD00163;MOSTAZA B&D 4 KG;BALDE;5.000000;15.330001;KG;4;20;76.650005
PRD00165;SAL PERSONAL SODEXO (0.5GR) 1 MILLAR;PAQUETE;55.000000;17.500000;UND;1000;55000;962.500000
PRD00195;HARINA ESPECIAL DEL CIELO GRANEL SACO 50 KG;SACO;18.000000;136.780000;KG;50;900;2462.040000
PRD00222;GRAJEA DE PANADERIA TOÑA 1 KG;BOLSA;1.000000;8.820000;KG;1;1;8.820000
PRD00229;CHUÑO POLVO TOÑA 1 KG;BOLSA;22.000000;8.470000;KG;1;22;186.340000
PRD00230;CHUÑO NEGRO MOLIDO SAN JUAN MASIAS (EX BELEN) 5 KG;BOLSA;7.000000;29.840000;KG;5;35;208.880000
PRD00234;HARINA DE KIWICHA 5 KG;BOLSA;6.000000;83.330000;KG;5;30;499.980000
PRD00237;MAICENA INGREDION 25 KG;BOLSA;7.000000;109.030000;KG;25;175;763.210000
PRD00238;HARINA DE MAIZ INGREDION 25 KG;BOLSA;1.000000;92.202000;KG;25;25;92.202000
PRD00239;HARINA DE SOYA SAN JUAN MASIAS 5 KG;BOLSA;9.000000;44.890000;KG;5;45;404.010000
PRD00240;HARINA DE MACA SAN JUAN MASIAS (EX BELEN) 5 KG;BOLSA;16.000000;83.800000;KG;5;80;1340.800000
PRD00241;HARINA DE HABAS 5 KG;BOLSA;2.000000;60.555151;KG;5;10;121.110302
PRD00244;HARINA DE CHOCHOCA KUMARA 5 KG;BOLSA;13.000000;67.780000;KG;5;65;881.140000
PRD00251;CHUÑO ENTERO BLANCO 4 ESTACIONES 1 KG;BOLSA;19.000000;21.300000;KG;1;19;404.700000
PRD00270;LECHE EVAPORADA (CONCENTRADA) LAIVE BOLSITARRO 800 ML;BOLSA;402.000000;5.690000;L;0.8;321.6;2287.380000
PRD00279;GALLETA DULCE VAINILLA NABISCO (FIELD) 37 GR;UNIDAD;114.000000;0.714000;UND;1;114;81.396000
PRD00284;GALLETA DULCE CHOCOLATE TENTACION 45/43 GR;PAQUETE;36.000000;0.790000;UND;1;36;28.440000
PRD00290;CARAMELO CON LOGO SODEXO 100 UNID;BOLSA;18.000000;8.500000;UND;100;1800;153.000000
PRD00294;GALLETA RELLENA FRESA CASINO 51/43 GR;PAQUETE;46.000000;0.790000;UND;1;46;36.340000
PRD00295;GALLETA RELLENA LUCUMA CASINO 51/43 GR;PAQUETE;60.000000;0.790000;UND;1;60;47.400000
PRD00299;PAPA SECA VALLE NORTE 500 GR;BOLSA;89.000000;5.949000;KG;0.5;44.5;529.461000
PRD00300;LENTEJA CRIMSON CANTA CLARO 5 KG;BOLSA;9.000000;30.826610;KG;5;45;277.439490
PRD00302;PALLAR COSECHA ANDINA 5 KG;BOLSA;13.000000;54.570713;KG;5;65;709.419269
PRD00305;MAIZ MOTE MOLINOS DEL SOL 5 KG;BOLSA;32.000000;68.240000;KG;5;160;2183.680000
PRD00322;CHUPETE CHUPETIN COLORADO (TUTTI FRUTI) AMBROSOLI (24 UNID);BOLSA;13.000000;5.020000;UND;25;325;65.260000
PRD00323;CARAMELO AMBROSOLI GAJOS DE LIMON 100 UND;BOLSA;16.000000;4.221000;UND;100;1600;67.536000
PRD00367;QUINUA CANTA CLARO 5 KG;BOLSA;15.000000;60.984632;KG;5;75;914.769480
PRD00370;MORON AMERICANO CANTA CLARO 5 KG;BOLSA;10.000000;29.300000;KG;5;50;293.000000
PRD00373;FRIJOL CANARIO CANTA CLARO 5 KG;BOLSA;8.000000;54.000000;KG;5;40;432.000000
PRD00378;MAIZ CANCHA CANTA CLARO 5 KG;BOLSA;12.000000;57.620000;KG;5;60;691.440000
PRD00381;TRIGO PELADO CANTA CLARO 5 KG;BOLSA;7.000000;29.942685;KG;5;35;209.598795
PRD00402;BOLSAS PAPEL POLIGRASA 50 X 70;PAQUETE;36.000000;22.000000;UND;1;36;792.000000
PRD00405;CUCHARA ACRILICO DESCARTABLE 100 UND;PAQUETE;20.000000;12.728282;UND;100;2000;254.565640
PRD00418;ALBAHACA;KILOGRAMO;4.000000;5.530000;KG;1;4;22.120000
PRD00419;APIO;KILOGRAMO;9.260000;3.800000;KG;1;9.26;35.188000
PRD00420;CAMOTE AMARILLO;KILOGRAMO;160.000000;2.000000;KG;1;160;320.000000
PRD00421;CEBOLLA ROJA;KILOGRAMO;60.290000;3.330000;KG;1;60.29;200.765700
PRD00422;CEBOLLA CHINA;KILOGRAMO;10.900000;5.260000;KG;1;10.9;57.334000
PRD00423;CHOCLO BLANCO;KILOGRAMO;80.500000;7.740000;KG;1;80.5;623.070000
PRD00424;COL;KILOGRAMO;8.000000;2.800000;KG;1;8;22.400000
PRD00425;CULANTRO;KILOGRAMO;3.300000;5.530000;KG;1;3.3;18.249000
PRD00426;KION;KILOGRAMO;7.000000;5.530000;KG;1;7;38.710000
PRD00429;PAPA BLANCA;KILOGRAMO;898.750000;2.500000;KG;1;898.75;2246.875000
PRD00430;PEPINILLO;KILOGRAMO;33.560000;3.990000;KG;1;33.56;133.904400
PRD00431;PEREJIL;KILOGRAMO;7.350000;5.600000;KG;1;7.35;41.160000
PRD00432;PIMIENTO ROJO;KILOGRAMO;18.730000;7.500000;KG;1;18.73;140.475000
PRD00433;PORO;KILOGRAMO;1.440000;5.470000;KG;1;1.44;7.876800
PRD00434;RABANITO;KILOGRAMO;7.100000;5.710000;KG;1;7.1;40.541000
PRD00435;TOMATE;KILOGRAMO;74.600000;4.300000;KG;1;74.6;320.780000
PRD00436;ZANAHORIA;KILOGRAMO;67.500000;2.500000;KG;1;67.5;168.750000
PRD00437;ZAPALLITO ITALIANO;KILOGRAMO;34.100000;4.840000;KG;1;34.1;165.044000
PRD00438;ROCOTO;KILOGRAMO;14.850000;6.500000;KG;1;14.85;96.525000
PRD00439;HUACATAY;KILOGRAMO;7.910000;5.000000;KG;1;7.91;39.550000
PRD00442;AJI AMARILLO X KG;KILOGRAMO;30.210000;5.500000;KG;1;30.21;166.155000
PRD00443;COL CHINA;KILOGRAMO;5.000000;4.800000;KG;1;5;24.000000
PRD00444;FIDEO CHINO;KILOGRAMO;12.000000;5.760000;KG;1;12;69.120000
PRD00445;PAPA AMARILLA;KILOGRAMO;27.800000;6.500000;KG;1;27.8;180.700000
PRD00447;BETERRAGA FRESCA;KILOGRAMO;120.030000;1.930000;KG;1;120.03;231.657900
PRD00449;ESPINACA FRESCA;KILOGRAMO;15.600000;5.330000;KG;1;15.6;83.148000
PRD00450;FRIJOL CHINO;KILOGRAMO;2.000000;5.230000;KG;1;2;10.460000
PRD00452;OLLUQUITO FRESCO;KILOGRAMO;44.000000;8.500000;KG;1;44;374.000000
PRD00453;ZAPALLO MACRE;KILOGRAMO;106.000000;2.500000;KG;1;106;265.000000
PRD00456;CALABAZA;KILOGRAMO;5.500000;3.590000;KG;1;5.5;19.745000
PRD00465;PALTA;KILOGRAMO;22.500000;10.000000;KG;1;22.5;225.000000
PRD00476;CAFE INSTANTANEO NESCAFE TRADICION STICK 2 GR;UNIDAD;555.978000;0.270000;UND;1;555.978;150.114060
PRD00479;MERMELADA FRESA GLORIA DOYPACK 700 GR;SACHET;10.000000;6.890000;KG;0.7;7;68.900000
PRD00482;COCOA LA ABUELITA WINTERS 150 GR;BOLSA;43.000000;3.380000;KG;0.15;6.45;145.340000
PRD00483;CHOCOLATE PARA TAZA CANELA Y CLAVO WINTERS 80 GR;UNIDAD;96.000000;1.691000;KG;0.08;7.68;162.336000
PRD00493;CAFE INSTANTANEO KIRMA NESTLE 180 GR;UNIDAD;15.000000;18.369400;KG;0.18;2.7;275.541000
PRD00503;INFUSION TE CANELA Y CLAVO DEL VALLE 100 SOBRES;CAJA;1.000000;5.150000;UND;100;100;5.150000
PRD00504;INFUSION TE PURO DEL VALLE 100 SOBRES;CAJA;42.000000;5.150000;UND;100;4200;216.300000
PRD00505;INFUSION MANZANILLA DEL VALLE 100 SOBRES;CAJA;61.000000;4.360000;UND;100;6100;265.960000
PRD00506;INFUSION TE BOLDO DEL VALLE 100 SOBRES;CAJA;4.000000;6.230000;UND;100;400;24.920000
PRD00507;INFUSION UÑA DE GATO DEL VALLE 100 SOBRES;CAJA;34.000000;6.230000;UND;100;3400;211.820000
PRD00508;INFUSION ANIS DEL VALLE 100 SOBRES;CAJA;25.000000;4.360000;UND;100;2500;109.000000
PRD00509;INFUSION HIERBA LUISA DEL VALLE 100 SOBRES;CAJA;19.000000;4.360000;UND;100;1900;82.840000
PRD00531;INFUSION HIERBA LUISA 4 ESTACIONES 50 GRM;BOLSA;23.000000;1.840000;KG;0.05;1.15;42.320000
PRD00537;CEREAL BAR CHIP COSTA 18/21 GR;GRANO;816.000000;0.503000;UND;1;816;410.448000
PRD00546;BARRA DE QUINUA GRANOLIN 25 GR;UNIDAD;1400.000000;0.840000;UND;1;1400;1176.000000
PRD00554;MERMELADA FRESA TRES ESPADAS 14 GR;GRAMO;2000.000000;0.260000;UND;1;2000;520.000000
PRD00558;LIMON VERDE EXTRA;KILOGRAMO;64.600000;4.500000;KG;1;64.6;290.700000
PRD00560;MANZANA ROJA IMPORTADA;KILOGRAMO;169.640000;7.790000;KG;1;169.64;1321.495600
PRD00564;NARANJA PARA JUGO;KILOGRAMO;208.200000;2.770000;KG;1;208.2;576.714000
PRD00565;PAPAYA;KILOGRAMO;172.000000;4.500000;KG;1;172;774.000000
PRD00566;PERA PACKHAMS IMPORTADA;KILOGRAMO;17.000000;8.500000;KG;1;17;144.500000
PRD00567;PIÑA;KILOGRAMO;262.800000;3.330000;KG;1;262.8;875.124000
PRD00568;PLATANO DE SEDA;KILOGRAMO;11.000000;5.000000;KG;1;11;55.000000
PRD00569;SANDIA;KILOGRAMO;99.000000;3.030000;KG;1;99;299.970000
PRD00570;UVA NEGRA;KILOGRAMO;90.500000;7.740000;KG;1;90.5;700.470000
PRD00571;MEMBRILLO;KILOGRAMO;4.500000;6.500000;KG;1;4.5;29.250000
PRD00573;PLATANO DE FREIR (BELLACO);KILOGRAMO;55.500000;4.200000;KG;1;55.5;233.100000
PRD00575;GRANADILLA;KILOGRAMO;52.000000;7.500000;KG;1;52;390.000000
PRD00578;MANZANA VERDE PARA JUGO;KILOGRAMO;23.500000;4.170000;KG;1;23.5;97.995000
PRD00579;PULPA DE FRESA CONGELADO;KILOGRAMO;356.000000;8.132450;KG;1;356;2895.152200
PRD00580;PULPA DE MANGO CONGELADO;KILOGRAMO;8.000000;6.500000;KG;1;8;52.000000
PRD00584;PULPA DE PAPAYA CONGELADO;KILOGRAMO;408.000000;8.011187;KG;1;408;3268.564296
PRD00585;TUNAS;KILOGRAMO;37.000000;5.000000;KG;1;37;185.000000
PRD00586;CREMA DE CHAMPIÑONES MACROFOODS 1 KG;BOLSA;5.000000;18.900000;KG;1;5;94.500000
PRD00628;TAMAL DE MAIZ 150 GR;PAQUETE;591.000000;2.482000;UND;1;591;1466.862000
PRD00636;PRE ELABORADO EMIC BASE CRIOLLA 1 KG;BOLSA;61.500000;12.000000;KG;1;61.5;738.000000
PRD00637;PRE ELABORADO EMIC BASE NEUTRAL 1 KG;BOLSA;12.000000;12.500000;KG;1;12;150.000000
PRD00638;PRE ELABORADO EMIC BASE NORTEÑA 1 KG;BOLSA;1.000000;13.400000;KG;1;1;13.400000
PRD00639;PRE ELABORADO EMIC BASE ORIENTAL 1 KG;BOLSA;9.000000;12.800000;KG;1;9;115.200000
PRD00642;PASTA DE AJI AMARILLO EMIC 1 KG;BOLSA;81.000000;17.841514;KG;1;81;1445.162634
PRD00643;PASTA DE AJI PANCA EMIC 1 KG;BOLSA;28.000000;9.550000;KG;1;28;267.400000
PRD00644;PASTA DE AJO EMIC 1 KG;BOLSA;30.000000;12.200000;KG;1;30;366.000000
PRD00645;PASTA DE ROCOTO EMIC 1 KG;BOLSA;6.000000;14.000000;KG;1;6;84.000000
PRD00647;SALSA PESTO (VERDE) EMIC 1 KG;BOLSA;18.000000;13.000000;KG;1;18;234.000000
PRD00648;SALSA BLANCA EMIC 1 KG;BOLSA;20.000000;10.500000;KG;1;20;210.000000
PRD00654;PRE ELABORADO RAM (CONSERVA) FRIJOL CANARIO SIN ADEREZO 1 KG;BOLSA;54.000000;8.870894;KG;1;54;479.028276
PRD00657;PRE ELABORADO RAM (CONSERVA)GARBANZO SIN ADEREZO 1 KG;BOLSA;170.000000;7.860000;KG;1;170;1336.200000
PRD00658;PRE ELABORADO RAM (CONSERVA) LENTEJA SIN ADEREZO 1 KG;BOLSA;48.000000;7.450000;KG;1;48;357.600000
PRD00660;CALDO CONCENTRADO CARNE MACRO FOOD 1 KG;BOLSA;1.000000;17.560000;KG;1;1;17.560000
PRD00661;CALDO CONCENTRADO GALLINA MACRO FOOD 1 KG;BOLSA;45.000000;17.560000;KG;1;45;790.200000
PRD00669;QUESO EDAM EN TAJADAS X 500 GR CONGELADO;PAQUETE;72.000000;18.110000;KG;0.5;36;1303.920000
PRD00675;JUGO DE NARANJA PASTEURIZADO X 3.8 LT;BOTELLA;12.000000;18.000000;L;3.8;45.6;216.000000
PRD00685;GALLETA DE AGUA COSTA LIGHT (LINE) 42 GR;PAQUETE;145.000000;0.484000;UND;1;145;70.180000
PRD00688;GALLETA SALADA DE SODA FIELD RECETA ORIGINAL NABISCO 32 GR;UNIDAD;2233.000000;0.540000;UND;1;2233;1205.820000
PRD00700;GALLETA CHOCOCHIPS CHIPS AHOY 37 GR;PAQUETE;61.000000;1.070000;UND;1;61;65.270000
PRD00709;CHOCOLATE NEGRO SUBLIME 26 GR;UNIDAD;388.000000;1.400000;UND;1;388;543.200000
PRD00753;GALLETA INTEGRALES INTEGRAKERS SALVADO DE TRIGO 30 GR;PAQUETE;97.000000;0.560000;UND;1;97;54.320000
PRD00763;GALLETA SALADA CREAM CRAKER NABISCO 73.5 GR;PAQUETE;350.000000;1.245515;UND;1;350;435.930250
PRD00792;JAMONADA DE POLLO CONGELADO KG;KILOGRAMO;38.000000;11.577000;KG;1;38;439.926000
PRD00796;CHICHARRON DE PRENSA CONGELADO KG;KILOGRAMO;28.000000;17.366000;KG;1;28;486.248000
PRD00797;TOCINO AHUMADO CONGELADO KG;KILOGRAMO;14.000000;22.310000;KG;1;14;312.340000
PRD00799;SALCHICHA HUACHO CONGELADO KG;KILOGRAMO;30.000000;17.578000;KG;1;30;527.340000
PRD00801;COCKTAIL DE FRUTAS ACONCAGUA 820/822 GR;LATA;6.000000;11.120000;KG;0.822;4.932;66.720000
PRD00802;PIÑA EN RODAJAS FANNY 567 GR;LATA;12.000000;6.960000;KG;0.567;6.804;83.520000
PRD00809;CHAMPIGÑONES WOKI 425 GR;LATA;65.000000;4.690000;KG;0.425;27.625;304.850000
PRD00812;ATUN TROZOS COMPASS 140 GR;LATA;1870.000000;3.860000;KG;0.14;261.8;7218.200000
PRD00813;DURAZNO EN ALMIBAR VALLE NORTE 820 GR;LATA;14.000000;6.670000;KG;0.82;11.48;93.380000
PRD00828;CEREZA MARRASQUINO ROJO SANTIS 283 GR;FRASCO;7.000000;15.420045;KG;0.283;1.981;107.940315
PRD00838;KION MOLIDO X KG;KILOGRAMO;24.000000;6.730000;KG;1;24;161.520000
PRD00840;PAPRIKA TOÑA 500 GR;BOLSA;1.000000;10.590000;KG;0.5;0.5;10.590000
PRD00844;COCKTAIL DE NUECES VALLEALTO X 90 GR;BOLSA;202.000000;5.100000;UND;1;202;1030.200000
PRD00846;PECANA PELADA VALLEALTO X 90 GR;BOLSA;39.000000;11.190000;UND;1;39;436.410000
PRD00852;SAL LOPESA 1 KG;BOLSA;475.000000;0.848000;KG;1;475;402.800000
PRD00862;ALMENDRAS 4 ESTACIONES 1 KG;BOLSA;1.000000;48.420000;KG;1;1;48.420000
PRD00863;ANIS SECO 4 ESTACIONES 1 KG;BOLSA;1.000000;30.000000;KG;1;1;30.000000
PRD00865;CANELA ENTERA 4 ESTACIONES 1 KG;BOLSA;2.000000;90.000000;KG;1;2;180.000000
PRD00867;CANELA MOLIDA 4 ESTACIONES 1 KG;BOLSA;1.000000;87.390000;KG;1;1;87.390000
PRD00868;CASTAÑAS 4 ESTACIONES 1 KG;BOLSA;1.000000;57.000000;KG;1;1;57.000000
PRD00870;CLAVO DE OLOR ENTERO 4 ESTACIONES 1 KG;BOLSA;3.000000;64.999998;KG;1;3;194.999994
PRD00872;COCO RALLADO 4 ESTACIONES 1 KG;BOLSA;4.000000;20.500000;KG;1;4;82.000000
PRD00873;COMINO MOLIDO 4 ESTACIONES 1 KG;BOLSA;2.000000;27.500000;KG;1;2;55.000000
PRD00876;LAUREL 4 ESTACIONES 1 KG;BOLSA;1.000000;174.711000;KG;1;1;174.711000
PRD00880;PALILLO MOLIDO 4 ESTACIONES 1 KG;BOLSA;3.000000;18.499867;KG;1;3;55.499601
PRD00886;ROMERO TIPO PIZZA 4 ESTACIONES 250 GR;BOLSA;1.000000;10.000000;KG;0.25;0.25;10.000000
PRD00888;KION MOLIDO SECO 4 ESTACIONES 250 GR;BOLSA;13.000000;7.230000;KG;0.25;3.25;93.990000
PRD00892;NUEZ ENTERA PELADA 4 ESTACIONES 1 KG;BOLSA;1.000000;58.000000;KG;1;1;58.000000
PRD00899;EUCALIPTO (HOJAS) 4 ESTACIONES 250 GRM;BOLSA;1.000000;12.500000;KG;0.25;0.25;12.500000
PRD00915;PAN BLANCO XL EXTRA GRANDE BIMBO 770 GR;BOLSA;2.000000;10.230000;KG;0.77;1.54;20.460000
PRD00925;PANELA GRANULADA ONZA 1 KG;KILOGRAMO;13.000000;12.750000;KG;1;13;165.750000
PRD00940;FUDGE DE CHOCOLATE BAZO VELARDE 550 GR;BOTELLA;17.000000;17.090000;KG;0.55;9.35;290.530000
PRD00949;FLAN DE VAINILLA UNIVERSAL 150 GR;BOLSA;22.000000;3.473560;KG;0.15;3.3;76.418320
PRD00954;PREMEZCLA INVENTIS BIZCOCHUELO TRES LECHES 5 KG;BOLSA;1.000000;34.110000;KG;5;5;34.110000
PRD00956;PREMEZCLA INVENTIS TORTA DE CHOCOLATE INTENSO 10 KG;SACO;4.000000;67.700000;KG;10;40;270.800000
PRD00963;ESCENCIA DE VAINILLA UMSHA 1 LT PET;BOTELLA;12.000000;10.386947;L;1;12;124.643364
PRD00965;AZUCAR IMPALPABLE NEGUSA 1 KG;BOLSA;18.000000;9.549999;KG;1;18;171.899982
PRD00966;LEVADURA INSTANTANEA SAF INSTANT DORADA 500 GR;BOLSA;4.000000;7.351444;KG;0.5;2;29.405776
PRD00967;POLVO DE HORNEAR LESAFFRE INVENTIS 5 KG;BOLSA;2.000000;36.780000;KG;5;10;73.560000
PRD00971;COBERTURA BITTER OBLEAS NEGUSA 1 KG;BOLSA;5.000000;16.220000;KG;1;5;81.100000
PRD00972;BICARBONATO DE SODIO ELYMAR 250 GR;BOLSA;3.000000;2.510000;KG;0.25;0.75;7.530000
PRD00947;PUDIN DE CHOCOLATE UNIVERSAL 100 GR;BOLSA;18.000000;2.140000;KG;0.1;1.8;38.520000
PRD00987;GELATINA SABOR LIMON MACROFOOD 1KG;BOLSA;10.000000;20.780000;KG;1;10;207.800000
PRD00988;GELATINA SABOR FRESA MACROFOOD 1KG;BOLSA;11.000000;20.780000;KG;1;11;228.580000
PRD00989;GELATINA SABOR NARANJA MACROFOOD 1KG;BOLSA;36.000000;20.780000;KG;1;36;748.080000
PRD00990;GELATINA SABOR PIÑA MACROFOOD 1KG;BOLSA;24.000000;20.780000;KG;1;24;498.720000
PRD01007;GUINDONES SIN PEPA TOÑA 250 GR;BOLSA;2.000000;8.240000;KG;0.25;0.5;16.480000
PRD01008;FLAN DE CHOCOLATE CEYLAN 5 KG;BOLSA;1.000000;49.530000;KG;5;5;49.530000
PRD01021;MEJORADOR DE MASA MAGIMIX AMARILLO LESAFRE 5 KG;BOLSA;5.000000;26.790000;KG;5;25;133.950000
PRD01029;COLAPIZ EN POLVO 4 ESTACIONES 1 KG;BOLSA;6.000000;47.200000;KG;1;6;283.200000
PRD01037;COLORANTE FRATELLO LIQUIDO VERDE HOJA 250 ML;FRASCO;1.000000;14.694667;L;0.25;0.25;14.694667
PRD01042;ESCENCIA DE NARANJA SOLUBLE FRATELLO 250 ML PET;BOTELLA;1.000000;15.580000;L;0.25;0.25;15.580000
PRD01052;VINAGRE BLANCO TRESA 3.8 LT;GALON;15.000000;8.900000;L;3.8;57;133.500000
PRD01053;VINAGRE TINTO TRESA 3.8 LT;GALON;6.000000;8.900000;L;3.8;22.8;53.400000
PRD01055;SALSA DE AJI CASERO TRESA 8/10 GR;SACHET;2520.000000;0.089000;UND;1;2520;224.280000
PRD01060;SALSA OSTION HADAY X 260 ML - UNIDAD;FRASCO;7.000000;5.083000;L;0.26;1.82;35.581000
PRD01063;SALSA SILLAO LOPESA 5 LT;GALON;7.000000;19.070000;L;5;35;133.490000
PRD01075;MAYONESA TRESA PERSONAL 10 GR;SACHET;4536.000000;0.127000;UND;1;4536;576.072000
PRD01076;MOSTAZA TRESA PERSONAL 10 GR;SACHET;2520.000000;0.079094;UND;1;2520;199.316880
PRD01077;KETCHUP TRESA PERSONAL 10 GR;SACHET;3528.000000;0.083000;UND;1;3528;292.824000
PRD01139;CANCHA SALADA PIKADITOS 100 GR;BOLSA;273.000000;3.200000;UND;1;273;873.600000
PRD01144;CHIFLES SALADO KARINTO 28 GR;UNIDAD;95.000000;1.164000;UND;1;95;110.580000
PRD01189;MAYONESA SCALA EMIC 3.8 KG;BOLSA;12.000000;34.580000;KG;3.8;45.6;414.960000
PRD01194;ARVEJA GRANO PELADA CONGELADO;KILOGRAMO;259.000000;7.298580;KG;1;259;1890.332220
PRD01197;CHOCLO DESGRANADO CONGELADO;KILOGRAMO;425.000000;11.540309;KG;1;425;4904.631325
PRD01198;ESPINACA CONGELADA;KILOGRAMO;2.000000;5.840000;KG;1;2;11.680000
PRD01199;VAINITA EN TROZOS CONGELADA;KILOGRAMO;127.000000;6.355828;KG;1;127;807.190156
PRD01200;YUCA CONGELADA;KILOGRAMO;115.000000;7.464496;KG;1;115;858.417040
PRD01204;HABAS VERDES PELADAS CONGELADA;KILOGRAMO;195.000000;23.085876;KG;1;195;4501.745820
PRD01208;CARNE MOLIDA CONGELADA;KILOGRAMO;124.000000;13.393000;KG;1;124;1660.732000
PRD01209;CHULETA DE CERDO TROZADO 150 GR CONGELADO;KILOGRAMO;215.700000;15.350000;KG;1;215.7;3310.995000
PRD01210;CORAZON DE RES CONGELADO;KILOGRAMO;65.400000;13.594736;KG;1;65.4;889.095734
PRD01212;GALLINA ENTERA SIN MENUDENCIA CONGELADO - IMPORTADO;KILOGRAMO;452.500000;6.488000;KG;1;452.5;2935.820000
PRD01215;HIGADO DE RES CONGELADO;KILOGRAMO;36.910000;8.645233;KG;1;36.91;319.095550
PRD01216;MONDONGO CONGELADO;KILOGRAMO;171.800000;9.199624;KG;1;171.8;1580.495403
PRD01218;PIERNA DE CERDO SIN PIEL Y SIN HUESO CONGELADO;KILOGRAMO;297.250000;13.200000;KG;1;297.25;3923.700000
PRD01228;PATO ENTERO SIN EXTREMIDADES CONGELADO;KILOGRAMO;59.800000;33.500000;KG;1;59.8;2003.300000
PRD01240;CHULETA DE CERDO TROZADO 120 GR CONGELADO;KILOGRAMO;77.500000;15.350000;KG;1;77.5;1189.625000
PRD01245;PERICO FILETE SIN PIEL CONGELADO- KGM;KILOGRAMO;265.000000;34.510000;KG;1;265;9145.150000
PRD01246;BONITO FILETE CON PIEL CONGELADO - KGM;KILOGRAMO;233.110000;14.469356;KG;1;233.11;3372.951577
PRD01256;GASEOSA INCA KOLA 3 LT;BOTELLA;11.000000;7.790000;L;3;33;85.690000
PRD01262;GASEOSA COCA COLA 3 LT;BOTELLA;4.000000;7.790000;L;3;12;31.160000
PRD01300;PAPEL MANTECA RESMA PAQ 450 HOJAS;PAQUETE;2.000000;88.140000;UND;450;900;176.280000
PRD01302;PAPEL DE ALUMINIO UTIL 12 X 300 MT;CAJA;1.000000;155.853000;UND;1;1;155.853000
PRD01310;PAPEL HIGIENICO DOBLE HOJA SUAVE RESISTEMAX 15 MT (30242657);ROLLO;260.000000;0.765340;UND;1;260;198.988400
PRD01317;PAPEL HIGIENICO JUMBO BLANCO SCOTT 550 MT (30228044);ROLLO;15.000000;9.150000;UND;1;15;137.250000
PRD01325;PAPEL TOALLA AIRFLEX BLANCO BASIC SCOTT 200 MT (30242645 - 30228197);UNIDAD;32.000000;17.420000;UND;1;32;557.440000
PRD01330;SERVILLETA POP UP AIRFLEX SCOTT 120 UND ( 30209601 );UNIDAD;270.000000;1.060000;UND;120;32400;286.200000
PRD01348;PRE ELABORADO NATURALE CONCENTRADO CHICHA MORADA 2 LT;BOLSA;14.000000;12.269023;L;2;28;171.766322
PRD01350;PRE ELABORADO NATURALE CONCENTRADO MARACUYA 2 LT;BOLSA;55.000000;18.119044;L;2;110;996.547420
PRD01353;PRE ELABORADO NATURALE CONCENTRADO CARAMBOLA 2 LT;BOLSA;17.000000;13.140000;L;2;34;223.380000
PRD01358;PRE ELABORADO NATURALE CONCENTRADO MANZANA 2 LT;BOLSA;34.000000;12.250917;L;2;68;416.531178
PRD01372;JABON DOVE ORIGINAL 90 GR;GRANO;42.000000;3.927000;UND;1;42;164.934000
PRD01382;ESPONJA NARANJA 746 P/GRIDDLE CLEANER S/B / 70071593647 3M;UNIDAD;66.000000;4.480000;UND;1;66;295.680000
PRD01384;ESPONJA CERO RAYAS INSTITUCIONAL BLANCO 3M SCOTH BRITE UND;UNIDAD;10.000000;3.674000;UND;1;10;36.740000
PRD01387;ESPONJA TRABAJO PESADO N.88 SCOTCH BRITE;UNIDAD;162.000000;8.550000;UND;1;162;1385.100000
PRD01402;FRANELA BALLERINA VIRUTEX;UNIDAD;100.000000;1.750000;UND;1;100;175.000000
PRD01435;SANIT 10 GARRAFA- 5 LITROS SPARTAN;UNIDAD;6.000000;83.330000;L;5;30;499.980000
PRD01438;CR2+ PRESENTACION 1 GALON;UNIDAD;8.000000;71.060000;L;4;32;568.480000
PRD01440;ALCA DETER X 4L [B2-4L];LITRO;6.000000;20.900000;L;4;24;125.400000
PRD01456;POT & PAN - GARRAFA 5 LITROS -SPARTAN;UNIDAD;30.000000;77.810000;L;5;150;2334.300000
PRD01459;PASTILLAS DESCALCIFICADORAS RATIONAL MODELO NO. 56.00.562;BALDE;1.000000;479.807335;UND;1;1;479.807335
PRD01461;PASTILLAS DE LAVADO RATIONAL MODELO NO. 56.00.210;BALDE;1.000000;443.230000;UND;1;1;443.230000
PRD01471;BOLSA TRANSPARENTE ROLLOMATIC 5 X 10;ROLLO;12.780000;13.242000;UND;1;12.78;169.232760
PRD01486;AGUA SAN LUIS SIN GAS 750 ML;BOTELLA;1169.000000;0.950000;UND;1;1169;1110.550000
PRD01498;JUGO DE MANGO FRUGOS 235 ML;CAJA;14.000000;0.880000;UND;1;14;12.320000
PRD01519;PRE ELABORADO NATURALE CONCENTRADO EMOLIENTE 2 LT;BOLSA;16.000000;12.270000;L;2;32;196.320000
PRD01537;GASEOSA PERSONAL COCA COLA 500 ML;BOTELLA;445.000000;1.550000;UND;1;445;689.750000
PRD01538;GASEOSA PERSONAL INCA KOLA 500 ML;BOTELLA;356.000000;1.550000;UND;1;356;551.800000
PRD01547;JOHNSON DIVERSEY SUMA CRYSTAL 20 LT;BIDON;1.000000;521.400000;L;20;20;521.400000
PRD01548;JOHNSON DIVERSEY SUMA NOVA 20 LT;BIDON;2.000000;497.040000;L;20;40;994.080000
PRD01570;JABON ANTIBACTERIAL PROTEX 75 GR-LIMPIEZA PROFUNDA;GRANO;12.000000;2.440000;UND;1;12;29.280000
PRD01603;PALO MOPERO RUBBERMAID H125;UNIDAD;2.000000;56.200000;UND;1;2;112.400000
PRD01683;PASTA WANTAN CONGELADA;KILOGRAMO;6.000000;8.150000;KG;1;6;48.900000
PRD01691;ALPACA ENTERA TROZADA CONGELADA (LA GRANJA);KILOGRAMO;4.400000;30.280000;KG;1;4.4;133.232000
PRD01694;CORDERO DESHUESADO CONGELADO - KGM;KILOGRAMO;124.680000;34.045989;KG;1;124.68;4244.853909
PRD01707;MANITAS DE CERDO (IMPORTACION);KILOGRAMO;188.600000;7.026433;KG;1;188.6;1325.185264
PRD01713;PANCETA CON HUESO Y SIN PIEL TIRAS CONGELADO;KILOGRAMO;16.150000;18.100000;KG;1;16.15;292.315000
PRD01718;CHULETA DE CERDO TROZADO 200 GR CONGELADO;KILOGRAMO;48.300000;15.011000;KG;1;48.3;725.031300
PRD01725;MIXTURA DE MARISCOS ECONOMICA;KILOGRAMO;115.000000;18.240000;KG;1;115;2097.600000
PRD01746;TRUCHA ENTERA EVISCERADA CONGELADA 100 - 400 GR;KILOGRAMO;270.000000;25.400000;KG;1;270;6858.000000
PRD01755;PECHUGA DE POLLO S/HUESO S/PIEL CONGELADO - IMPORTACION;KILOGRAMO;1040.000000;9.236004;KG;1;1040;9605.444160
PRD01756;PIERNA DE POLLO CON ENCUENTRO CONGELADO (BLOQUE) IMPORT;KILOGRAMO;5597.200000;4.787328;KG;1;5597.2;26795.632282
PRD01762;POLLO SIN MENUDENCIA CONGELADO 1.1 - 1.4 KG - PERDIX;KILOGRAMO;272.320000;7.011935;KG;1;272.32;1909.490139
PRD01777;POLLO SIN MENUDENCIA CONGELADO RANGO 1.68 KG;KILOGRAMO;326.810000;9.198430;KG;1;326.81;3006.138908
PRD01790;RES - BISTECK (DON GOYO);KILOGRAMO;297.450000;31.380000;KG;1;297.45;9333.981000
PRD01791;RES - GUISO CONGELADO (DON GOYO);KILOGRAMO;538.730000;25.989990;KG;1;538.73;14001.587313
PRD01792;RES - SOPAS S/HUESO (DON GOYO);KILOGRAMO;550.850000;23.109871;KG;1;550.85;12730.072440
PRD01803;LOMO FINO SIN CORDON CONGELADO BRASILERO;KILOGRAMO;4.000000;71.994000;KG;1;4;287.976000
PRD01807;CHANFAINITA CONGELADO;KILOGRAMO;75.000000;7.739000;KG;1;75;580.425000
PRD01818;RES - MALAYA (DON GOYO);KILOGRAMO;215.344500;24.290532;KG;1;215.3445;5230.832468
PRD01831;LOMO FINO SIN CORDON CONGELADO;KILOGRAMO;14.000000;73.163000;KG;1;14;1024.282000
PRD01841;CHORIZO PARRILLERO SEGOVIANA CONGELADO KG;KILOGRAMO;128.000000;16.370000;KG;1;128;2095.360000
PRD01844;JAMON PARA CAFETIN CONGELADO KG;KILOGRAMO;97.000000;12.834000;KG;1;97;1244.898000
PRD01849;HOT DOG CONGELADO KG;KILOGRAMO;132.000000;10.216000;KG;1;132;1348.512000
PRD01854;JUGO DE DURAZNO FRUGOS 235 ML;CAJA;83.000000;0.880000;UND;1;83;73.040000
PRD01860;COLIFLOR PRE COCIDO CONGELADO;KILOGRAMO;100.000000;7.112000;KG;1;100;711.200000
PRD01862;ZUMO DE LIMON CONGELADO;KILOGRAMO;87.000000;8.690726;KG;1;87;756.093162
PRD01863;PAPA PRE FRITA CONGELADA;KILOGRAMO;430.000000;6.020093;KG;1;430;2588.639990
PRD01864;MIX DE SOPA COMPLETO CONGELADO - KGM;KILOGRAMO;462.000000;5.950415;KG;1;462;2749.091730
PRD01865;BROCOLI PRE COCIDO 20/40 CONGELADO;KILOGRAMO;238.000000;10.464321;KG;1;238;2490.508398
PRD01868;PULPA DE ARANDANO CONGELADO;KILOGRAMO;116.000000;9.301588;KG;1;116;1078.984208
PRD01922;HELADO SANDWICH CREMA VAINILLA LUCUMA YAMBOLY 67 ML (40 GR);UNIDAD;170.000000;0.960000;UND;1;170;163.200000
PRD01925;HELADO YAMBITO CREMA CHOCOLATE YAMBOLY 54 ML (40 GR);UNIDAD;120.000000;0.570000;UND;1;120;68.400000
PRD01951;CHURRO RELLENO MANJAR BLANCO 12 CM CONGELADO;UNIDAD;80.000000;1.380000;UND;1;80;110.400000
PRD01961;DONUT BERLINA DE CHOCOLATE 90 GRM;UNIDAD;72.000000;2.480000;UND;1;72;178.560000
PRD01970;PAPA RELLENA CON CARNE 100 GR CONGELADO;UNIDAD;270.000000;1.502000;UND;1;270;405.540000
PRD01972;TEQUEÑOS DE LOMITO 20 GR CONGELADO;UNIDAD;2870.000000;0.393000;UND;1;2870;1127.910000
PRD02061;MANDARINA;KILOGRAMO;134.780000;4.850000;KG;1;134.78;653.683000
PRD02066;PAPA COCKTAIL;KILOGRAMO;22.500000;3.330000;KG;1;22.5;74.925000
PRD02068;PILAS DURACELL AAA 2 UND;GRAMO;60.000000;6.760000;UND;1;60;405.600000
PRD02069;PILAS DURACELL AA 2 UND;GRAMO;18.000000;6.760000;UND;1;18;121.680000
PRD02071;ZAPALLO MACRE EN CUBO LIBER 1.5 X 1.5 CM CONGELADO;KILOGRAMO;126.000000;7.843269;KG;1;126;988.251894
PRD02086;HUEVO ROJO (CAJA 11.5 KG);CAJA;20.095000;80.500000;KG;11.5;231.0925;1617.647500
PRD02090;HUEVO LIQUIDO CONGELADO 2 KG;PAQUETE;78.000000;25.000000;KG;2;156;1950.000000
PRD02098;LECHE EN BRICK LIGHT GLORIA 946 ML;CAJA;6.000000;4.480000;L;0.946;5.676;26.880000
PRD02106;MANJAR BLANQUITO BAZO VELARDE LAIVE 900 GR;BOLSA;29.000000;6.570000;KG;0.9;26.1;190.530000
PRD02109;MANTEQUILLA GLORIA PERSONAL 10 GR;UNIDAD;5592.000000;0.380000;UND;1;5592;2124.960000
PRD02114;MANTEQUILLA LAIVE PERSONAL 8 GR;UNIDAD;2808.000000;0.450000;UND;1;2808;1263.600000
PRD02126;MARGARINA MULTIUSO ROMEA 2.5 KG;GRANO;42.000000;29.650000;KG;2.5;105;1245.300000
PRD02140;QUESO MOZARELLA MILKUNZ REFRIGERADO;KILOGRAMO;3.500000;26.520000;KG;1;3.5;92.820000
PRD02141;QUESO FRESCO LAIVE MOLDE REFRIGERADO KG;KILOGRAMO;17.300000;22.820000;KG;1;17.3;394.786000
PRD02161;YOGURT DE FRESA GLORIA 500 ML;BOTELLA;39.000000;2.733000;UND;1;39;106.587000
PRD02184;YOGURT DE VAINILLA FRANCESA GLORIA 500 ML;BOTELLA;44.000000;2.733000;UND;1;44;120.252000
PRD02189;ACEITUNA NEGRA RODAJA;KILOGRAMO;13.000000;27.000000;KG;1;13;351.000000
PRD02202;JUGO DE PIÑA PASTEURIZADO X 3.8 LT;GALON;3.000000;22.900000;L;3.8;11.4;68.700000
PRD02204;SALSA AJI PARRILLERO EMIC 1 KG;BOLSA;6.000000;10.000000;KG;1;6;60.000000
PRD02205;SALSA MAYONESA ACEVICHADA EMIC 1 KG;BOLSA;1.000000;12.800000;KG;1;1;12.800000
PRD02208;CREMA TIPO CHANTILLY SNEL 1LT;CAJA;43.000000;10.710000;L;1;43;460.530000
PRD02212;HIGO SECO PREMIUM 4 ESTACIONES 1 KG;BOLSA;2.000000;34.000000;KG;1;2;68.000000
PRD02213;PASAS SECAS NEGRAS GARDEN 4 ESTACIONES 1 KG;BOLSA;3.000000;15.500000;KG;1;3;46.500000
PRD02218;FRUTA CONFITADA 4 ESTACIONES 1 KG;BOLSA;2.000000;11.800000;KG;1;2;23.600000
PRD02220;HONGO SECO 4 ESTACIONES 1 KG;BOLSA;2.000000;61.500000;KG;1;2;123.000000
PRD02225;AJI DE POLLERIA (CRIOLLO) EMIC 1 KG;BOLSA;17.000000;11.900000;KG;1;17;202.300000
PRD02227;MANTECA VEGETAL DE PALMA 10 KG;CAJA;1.000000;86.000000;KG;10;10;86.000000
PRD02242;BOLSA POLIETILENO CRISTAL 90X135CM 30ÌM X 100 UND;PAQUETE;6.000000;102.752000;UND;100;600;616.512000
PRD02243;BOLSA PLASTICA RESELLABLE 50 UNID.;PAQUETE;34.000000;11.343996;UND;50;1700;385.695864
PRD02268;BOLSA PARA BASURA PLASTICA AMARILLO C/F 140 LT 1.4 MC 41´´X 35´´ 100 UND;PAQUETE;2.000000;52.859000;UND;100;200;105.718000
PRD02269;BOLSA PARA BASURA PLASTICA AZUL C/F 140 LT 1.4 MC 41´´X 35´´ 100 UND;PAQUETE;6.000000;52.859000;UND;100;600;317.154000
PRD02270;BOLSA PARA BASURA PLASTICA BLANCA C/F 140 LT 1.4 MC 41´´X 35´´ 100 UND;PAQUETE;23.000000;52.859000;UND;100;2300;1215.757000
PRD02271;BOLSA PARA BASURA PLASTICA MARRON C/F 140 LT 1.4 MC 41´´X 35´´ 100 UND;PAQUETE;2.000000;52.859000;UND;100;200;105.718000
PRD02272;BOLSA PARA BASURA PLASTICA NEGRA C/F 140 LT 1.4 MC 41´´X 35´´ 100 UND;PAQUETE;5.000000;36.281000;UND;100;500;181.405000
PRD02273;BOLSA PARA BASURA PLASTICA ROJA C/F 140 LT 1.4 MC 41´´X 35´´ 100 UND;PAQUETE;3.000000;52.859000;UND;100;300;158.577000
PRD02277;BOLSA BLANCA T-SHIRT CHICA PARAISO 16 X 19 X 2 (PQT 1000 UND);PAQUETE;3.500000;205.399773;UND;1000;3500;718.899206
PRD02285;CUCHILLO ACRILICO DESCARTABLE 50 UND;PAQUETE;18.000000;4.880000;UND;50;900;87.840000
PRD02286;TENEDOR ACRILICO DESCARTABLE 50 UND;PAQUETE;20.000000;4.880000;UND;50;1000;97.600000
PRD02293;BOTELLA DESCARTABLE PET HOT FILLING (80°) CON TAPA DE 500 ML X 100 UND;PAQUETE;6.000000;102.983000;UND;100;600;617.898000
PRD02314;"STRECH FILM NO ALIMENTARIO PARA EMBALAJE TRANSPARENTE ROLLO 20"" 1.5 KG";ROLLO;21.000000;23.490628;UND;1;21;493.303188
PRD02319;PLATO TENDIDO PARA SEGUNDO DESCARTABLE # 20 MILLAR;PAQUETE;1.000000;76.633813;UND;1000;1000;76.633813
PRD02352;GUANTES DE POLIETILENO DESC R&G CAJA X 100 UNIDADES T M;CAJA;34.000000;3.600000;UND;100;3400;122.400000
PRD02353;GUANTES DE POLIETILENO DESC R&G CAJA X 100 UNIDADES T L;CAJA;60.000000;3.600000;UND;100;6000;216.000000
PRD02393;MASCARILLA KN95 GP CAJA X 10 UND;CAJA;5.000000;10.000000;UND;10;50;50.000000
PRD02395;MASCARILLA 3 PLIEGUES FACE MASK CJ X 50 UND;PAQUETE;34.000000;5.700000;UND;50;1700;193.800000
PRD02406;MONDADIENTES PQT X 2500 UND;PAQUETE;10.000000;8.475000;UND;2500;25000;84.750000
PRD02413;PALITOS DE BROCHETA 20 CM 100 UND;PAQUETE;27.000000;2.390000;UND;100;2700;64.530000
PRD02415;PALITOS DE BROCHETA 24 CM MILLAR;PAQUETE;1.000000;33.000000;UND;1000;1000;33.000000
PRD02429;CUY ENTERO CONGELADO;KILOGRAMO;20.600000;47.483624;KG;1;20.6;978.162654
PRD02431;ALAS DE POLLO CONGELADO;KILOGRAMO;105.000000;11.731381;KG;1;105;1231.795005
PRD02432;LECHUGA AMERICANA;KILOGRAMO;84.200000;5.120000;KG;1;84.2;431.104000
PRD02498;SANIT-OX FP SPARTAN 5 LITROS;UNIDAD;7.000000;167.590000;L;5;35;1173.130000
PRD02524;WHITE CLEAN PLUS FP SPARTAN 5 LITROS;UNIDAD;1.000000;152.040000;L;5;5;152.040000
PRD02525;FOAMING ACID CLEANER FP SPARTAN 5 LITROS;UNIDAD;3.000000;196.920000;L;5;15;590.760000
PRD02543;JABÓN ANTIBACTERIAL P/MANOS SPARTAN 4 LITROS NEUTRO;GALON;4.000000;46.210000;L;4;16;184.840000
PRD02546;ALCOHOL GEL SPARTAN 4 LITROS COSMETICO NEUTRO;GALON;8.000000;72.650000;L;4;32;581.200000
PRD02556;"STRECH FILM DE GRADO ALIMENTARIO ROLLO 18"" X 1400MT X 9U";UNIDAD;18.000000;117.893469;UND;1;18;2122.082442
PRD02564;BOLSA DE PAPEL KRAFT 50GR #4 (12.5X24.2X7.5) 500 UND;PAQUETE;6.546000;46.667000;UND;500;3273;305.482182
PRD02571;BOLSA PARA CUBIERTO FLAT KRAFT 50GR 28X8CM C/LOGO MILLAR;PAQUETE;1.000000;48.533000;UND;1000;1000;48.533000
PRD02581;CUCHARA PARA CAFE BLANCA DE PLASTICO DESCARTABLE GOLAZO 100 UNID;PAQUETE;123.000000;2.056000;UND;100;12300;252.888000
PRD02582;CUCHARA PARA SOPA BLANCA DE PLASTICO DESCARTABLE LA EUROPEA 50 UND;PAQUETE;40.000000;3.718000;UND;50;2000;148.720000
PRD02586;ENVASE DESCARTABLE CIRCULAR PP TRANSPARENTE SIN TAPA 0.5 LT ALFA X 200 UND;PAQUETE;13.000000;42.206000;UND;200;2600;548.678000
PRD02587;ENVASE DESCARTABLE CIRCULAR PP TRANSPARENTE SIN TAPA 1 LT ALFA X 200 UND;PAQUETE;7.000000;61.736000;UND;200;1400;432.152000
PRD02588;ENVASE DESCARTABLE CIRCULAR PP TRANSPARENTE SIN TAPA 8 OZ X 400 UND;PAQUETE;7.000000;68.061000;UND;400;2800;476.427000
PRD02589;ENVASE DESCARTABLE CIRCULAR PS BLANCO SIN TAPA 0.5 LT ALFA X 200 UND;PAQUETE;4.000000;42.206000;UND;200;800;168.824000
PRD02591;ENVASE DESCARTABLE RECTANGULAR TRANSPARENTE PP SIN TAPA 0.5 LT ALFA X 200 UND;PAQUETE;8.000000;45.218000;UND;200;1600;361.744000
PRD02592;ENVASE DESCARTABLE RECTANGULAR TRANSPARENTE PP SIN TAPA 1 LT ALFA X 200 UND;PAQUETE;6.000000;56.493000;UND;200;1200;338.958000
PRD02596;ENVASE SALAD BOWL DE BAMBU 1000 ML SIN TAPA X 600 UND;PAQUETE;2.300000;381.356000;UND;600;1380;877.118800
PRD02615;PORTA VASOS CARTON CON LOGO PARA 2 UND X MILLAR (TIPO BANDEJA);PAQUETE;1.768000;1075.706000;UND;1000;1768;1901.848208
PRD02624;TAPA PARA ENVASE DESCARTABLE CIRCULAR PP TRANSPARENTE 0.5-1 LT ALFA X 200 UND;PAQUETE;5.000000;24.631000;UND;200;1000;123.155000
PRD02625;TAPA PARA ENVASE DESCARTABLE CIRCULAR PP TRANSPARENTE 8 OZ X 400 UND;PAQUETE;6.000000;40.263000;UND;400;2400;241.578000
PRD02626;TAPA PARA ENVASE DESCARTABLE CIRCULAR PS BLANCO 0.5 - 1 LT ALFA X 200 UND;PAQUETE;3.000000;24.631000;UND;200;600;73.893000
PRD02627;TAPA PARA ENVASE DESCARTABLE RECTANGULAR TRANSPARENTE PP 0.5 LT ALFA X 200 UND;PAQUETE;21.000000;35.443000;UND;200;4200;744.303000
PRD02628;TAPA PARA ENVASE DESCARTABLE RECTANGULAR TRANSPARENTE PP 1 LT ALFA X 200 UND;PAQUETE;15.000000;37.797000;UND;200;3000;566.955000
PRD02633;TAPA PET PARA ENVASE SALAD BOWL DE BAMBU 1000 ML X 600 UND;PAQUETE;2.300000;193.898000;UND;600;1380;445.965400
PRD02646;VASO POLIPAPEL BLANCO 8 OZ MILLAR;PAQUETE;2.800000;171.751000;UND;1000;2800;480.902800
PRD02647;VASO POLIPAPEL DISEÑO BEBIDAS CALIENTES 8 OZ MILLAR;PAQUETE;3.438000;153.672000;UND;1000;3438;528.324336
PRD02653;BOLSA PARA CUBIERTO 4X10 (8.5CM X 24.10CM) ALFA X 100 UND;PAQUETE;10.000000;2.373000;UND;100;1000;23.730000
PRD02656;TOCA TIPO MEDIA CAMPANA 12 GR ISUD X100UND;PAQUETE;28.000000;42.950000;UND;100;2800;1202.600000
PRD02657;TOCA SOFT BLANCA ISUD 12 GR DOS LIGAS X100UND;PAQUETE;10.000000;6.410000;UND;100;1000;64.100000
PRD02658;GUANTE DE NITRILO AZUL 4GR ISUD TALLA L X100UND;PAQUETE;88.000000;11.290000;UND;100;8800;993.520000
PRD02659;GUANTE DE NITRILO AZUL 4GR ISUD TALLA M X100UND;PAQUETE;65.000000;11.290000;UND;100;6500;733.850000
PRD02664;EMPANADA DE CARNE 100 GR MENU;UNIDAD;120.000000;3.080000;UND;1;120;369.600000
PRD02671;EMPANADA DE AJI DE POLLO 100 GR MENU;UNIDAD;242.000000;2.940793;UND;1;242;711.671906
PRD02680;BLOQUEADOR SOLAR SACHET VISAGE DERMOSOL F-100 10GR;UNIDAD;60.000000;2.940000;UND;1;60;176.400000
PRD03667;CAJA CHICA - CACAO Y LUCUMA NIBS;UNIDAD;3.000000;50.847000;UND;1;3;152.541000
